RowID, sim, motion, D, ind.prod, biomass.prod, res.inflow, res.types, max.res, barrier.width, barrier.height, logseries.a, starting.seed, stop.point, FlowRate, Width, Height, Viscosity, N, immigration.rate, particle.tau, cell.tau, resource.concentration, shannons.resource.diversity, resource.richness, S, simpson.e, e.var, berger.parker, inv.simp.D, N.max, skew, avg.per.capita.growth, avg.per.capita.maint
0 , 0 , fluid , 2 , 0 , 0 , 400 , 2 , 4000 , 0.0 , 0.0 , 0.998631957135 , 10 , 50 , 1.0 , 8 , 10 , 1 , 0 , 0 , 7.0 , 6.3908045977 , 14.825 , 0.693053671911 , 2 , 0 , 0 , 0 , 0 , 0 , 0 , 0 , 0 , 0
0 , 0 , fluid , 2 , 0 , 0 , 400 , 2 , 4000 , 0.0 , 0.0 , 0.998631957135 , 10 , 40 , 0.75 , 8 , 10 , 1 , 0 , 0 , 9.0 , 9.16513761468 , 14.55 , 0.693105750134 , 2 , 0 , 0 , 0 , 0 , 0 , 0 , 0 , 0 , 0
0 , 0 , fluid , 2 , 0 , 0 , 400 , 2 , 4000 , 0.0 , 0.0 , 0.998631957135 , 10 , 40 , 0.5 , 8 , 10 , 1 , 0 , 0 , 13.0 , 16.2592228234 , 14.0125 , 0.693088637168 , 2 , 0 , 0 , 0 , 0 , 0 , 0 , 0 , 0 , 0
0 , 0 , fluid , 2 , 265 , 63.9604417043 , 400 , 2 , 4000 , 0.0 , 0.0 , 0.998631957135 , 10 , 20 , 0.25 , 8 , 10 , 1 , 984 , 0 , 25.0 , 51.1174069899 , 13.3625 , 0.693141785454 , 2 , 16 , 0.1416 , 0.136255718014 , 0.0 , 0.558732401348 , 542 , 2.43810440251 , 0.717275750724 , 0.0175553881292
0 , 0 , fluid , 2 , 0 , 0.00116626140642 , 400 , 2 , 4000 , 0.0 , 0.0 , 0.998631957135 , 10 , 20 , 0.1 , 8 , 10 , 1 , 0 , 0 , nan , 21.9230769231 , 7.95 , 0.693142267078 , 2 , 0 , 0 , 0 , 0 , 0 , 0 , 0 , 0 , 0
0 , 0 , fluid , 2 , 0 , 0 , 400 , 2 , 4000 , 0.0 , 0.0 , 0.998631957135 , 10 , 10 , 0.075 , 8 , 10 , 1 , 0 , 0 , nan , nan , 0.375 , 0.677494404449 , 2 , 0 , 0 , 0 , 0 , 0 , 0 , 0 , 0 , 0
0 , 0 , fluid , 2 , 0 , 0 , 400 , 2 , 4000 , 0.0 , 0.0 , 0.998631957135 , 10 , 10 , 0.05 , 8 , 10 , 1 , 0 , 0 , nan , nan , 0.2875 , 0.691271788826 , 2 , 0 , 0 , 0 , 0 , 0 , 0 , 0 , 0 , 0
0 , 0 , fluid , 2 , 0 , 0 , 400 , 2 , 4000 , 0.0 , 0.0 , 0.998631957135 , 10 , 5 , 0.025 , 8 , 10 , 1 , 0 , 0 , nan , nan , 0.1125 , 0.688138813714 , 2 , 0 , 0 , 0 , 0 , 0 , 0 , 0 , 0 , 0
0 , 0 , fluid , 2 , 0 , 0 , 400 , 2 , 4000 , 0.0 , 0.0 , 0.998631957135 , 10 , 5 , 0.01 , 8 , 10 , 1 , 0 , 0 , nan , nan , 0.0625 , 0.598269588585 , 2 , 0 , 0 , 0 , 0 , 0 , 0 , 0 , 0 , 0
0 , 1 , fluid , 2 , 29 , 8.29853411067 , 400 , 2 , 1000 , 0.0 , 0.0 , 0.983174164601 , 160 , 50 , 1.0 , 9 , 9 , 1 , 77 , 0 , 7.0 , 9.94392294507 , 16.0864197531 , 0.693096401502 , 2 , 6 , 0.4225 , 0.307552992004 , 0.0 , 0.605498397706 , 39 , 0.825134359896 , 0.948707142374 , 0.00524243032872
0 , 1 , fluid , 2 , 515 , 158.390507358 , 400 , 2 , 1000 , 0.0 , 0.0 , 0.983174164601 , 160 , 40 , 0.75 , 9 , 9 , 1 , 1395 , 0 , 10.0 , 15.2527057207 , 15.2469135802 , 0.693037797594 , 2 , 21 , 0.1123 , 0.150004095092 , 0.0 , 0.575841523105 , 834 , 3.41916287469 , 0.922404211937 , 0.0128270042283
0 , 1 , fluid , 2 , 1241 , 322.87107226 , 400 , 2 , 1000 , 0.0 , 0.0 , 0.983174164601 , 160 , 40 , 0.5 , 9 , 9 , 1 , 3814 , 0 , 14.0 , 28.4237755031 , 13.4814814815 , 0.692977394407 , 2 , 32 , 0.032 , 0.285045892052 , 0.0 , 0.0224163783747 , 3771 , 5.38815069861 , 0.953198449782 , 0.00321456178065
0 , 1 , fluid , 2 , 923 , 187.829127278 , 400 , 2 , 1000 , 0.0 , 0.0 , 0.983174164601 , 160 , 20 , 0.25 , 9 , 9 , 1 , 3679 , 0 , 28.0 , 50.8395881007 , 13.0740740741 , 0.692958125436 , 2 , 22 , 0.0462 , 0.209438632115 , 0.0 , 0.0156991027955 , 3650 , 4.36435046694 , 0.95407836238 , 0.00305800917158
0 , 1 , fluid , 2 , 535 , 79.2014418679 , 400 , 2 , 1000 , 0.0 , 0.0 , 0.983174164601 , 160 , 20 , 0.1 , 9 , 9 , 1 , 3345 , 0 , 70.0 , 121.015458807 , 12.024691358 , 0.692345256775 , 2 , 8 , 0.1939 , 0.0696593531442 , 0.0 , 0.355315498893 , 2576 , 1.94740416093 , 0.712067610841 , 0.00610234977694
0 , 1 , fluid , 2 , 688 , 54.2047163129 , 400 , 2 , 1000 , 0.0 , 0.0 , 0.983174164601 , 160 , 10 , 0.075 , 9 , 9 , 1 , 6930 , 0 , 93.6 , 99.6980206952 , 8.79012345679 , 0.692677914242 , 2 , 15 , 0.1138 , 0.0793770904514 , 0.0 , 0.41409764518 , 5003 , 2.94241019565 , 0.584080311699 , 0.0027141108239
0 , 1 , fluid , 2 , 1458 , 81.3004081734 , 400 , 2 , 1000 , 0.0 , 0.0 , 0.983174164601 , 160 , 10 , 0.05 , 9 , 9 , 1 , 17368 , 0 , 139.5 , 190.412570406 , 5.04938271605 , 0.692963143828 , 2 , 26 , 0.0534 , 0.0940735826614 , 0.0 , 0.280342430506 , 14599 , 4.67132125914 , 0.574946229352 , 0.00355979033742
0 , 1 , fluid , 2 , 0 , 0 , 400 , 2 , 1000 , 0.0 , 0.0 , 0.983174164601 , 160 , 5 , 0.025 , 9 , 9 , 1 , 0 , 0 , nan , nan , 0.123456790123 , 0.304636097349 , 2 , 0 , 0 , 0 , 0 , 0 , 0 , 0 , 0 , 0
0 , 1 , fluid , 2 , 0 , 0 , 400 , 2 , 1000 , 0.0 , 0.0 , 0.983174164601 , 160 , 5 , 0.01 , 9 , 9 , 1 , 0 , 0 , nan , nan , 0.0864197530864 , 0.376770161256 , 2 , 0 , 0 , 0 , 0 , 0 , 0 , 0 , 0 , 0
0 , 2 , fluid , 2 , 0 , 0 , 300 , 16 , 8000 , 0.0 , 0.0 , 0.98881986263 , 10 , 50 , 1.0 , 8 , 7 , 1 , 0 , 0 , 7.0 , 6.5910652921 , 238.428571429 , 2.7693265648 , 16 , 0 , 0 , 0 , 0 , 0 , 0 , 0 , 0 , 0
0 , 2 , fluid , 2 , 27 , 6.9935793798 , 300 , 16 , 8000 , 0.0 , 0.0 , 0.98881986263 , 10 , 40 , 0.75 , 8 , 7 , 1 , 83 , 0 , 9.0 , 13.0623885918 , 239.178571429 , 2.76869136064 , 16 , 2 , 0.5374 , 0.22618163021 , 0.0 , 0.0696762955436 , 80 , 0.0 , 0.88412491854 , 0.00322206380978
0 , 2 , fluid , 2 , 0 , 0 , 300 , 16 , 8000 , 0.0 , 0.0 , 0.98881986263 , 10 , 40 , 0.5 , 8 , 7 , 1 , 0 , 0 , 13.0 , 16.1598393574 , 225.25 , 2.76882494928 , 16 , 0 , 0 , 0 , 0 , 0 , 0 , 0 , 0 , 0
0 , 2 , fluid , 2 , 465 , 92.8788011018 , 300 , 16 , 8000 , 0.0 , 0.0 , 0.98881986263 , 10 , 20 , 0.25 , 8 , 7 , 1 , 2073 , 0 , 25.0 , 44.0712609861 , 187.142857143 , 2.76742380413 , 16 , 14 , 0.0729 , 0.160543317871 , 0.0 , 0.0201422790761 , 2052 , 3.3281519026 , 0.857788853555 , 0.00281254966086
0 , 2 , fluid , 2 , 0 , 0 , 300 , 16 , 8000 , 0.0 , 0.0 , 0.98881986263 , 10 , 20 , 0.1 , 8 , 7 , 1 , 0 , 0 , nan , nan , 5.10714285714 , 2.58134963559 , 15 , 0 , 0 , 0 , 0 , 0 , 0 , 0 , 0 , 0
0 , 2 , fluid , 2 , 330 , 45.313512626 , 300 , 16 , 8000 , 0.0 , 0.0 , 0.98881986263 , 10 , 10 , 0.075 , 8 , 7 , 1 , 2195 , 0 , 82.8 , 138.940206366 , 111.75 , 2.76234391009 , 16 , 15 , 0.1033 , 0.112195817531 , 0.0 , 0.354882757977 , 1734 , 3.30534462124 , 0.972709414074 , 0.0162548611523
0 , 2 , fluid , 2 , 370 , 34.7373678239 , 300 , 16 , 8000 , 0.0 , 0.0 , 0.98881986263 , 10 , 10 , 0.05 , 8 , 7 , 1 , 2841 , 0 , 123.5 , 179.472095219 , 113.535714286 , 2.75721968421 , 16 , 4 , 0.2505 , 0.0535826225243 , 0.0 , 0.00211044566532 , 2838 , 1.15470053838 , 0.605205508832 , 0.00899963313904
0 , 2 , fluid , 2 , 0 , 0 , 300 , 16 , 8000 , 0.0 , 0.0 , 0.98881986263 , 10 , 5 , 0.025 , 8 , 7 , 1 , 0 , 0 , nan , nan , 1.14285714286 , 2.02532622077 , 8 , 0 , 0 , 0 , 0 , 0 , 0 , 0 , 0 , 0
0 , 2 , fluid , 2 , 0 , 0 , 300 , 16 , 8000 , 0.0 , 0.0 , 0.98881986263 , 10 , 5 , 0.01 , 8 , 7 , 1 , 0 , 0 , nan , nan , 1.01785714286 , 2.02532622077 , 8 , 0 , 0 , 0 , 0 , 0 , 0 , 0 , 0 , 0
0 , 3 , fluid , 2 , 0 , 0 , 100 , 8 , 4000 , 0.0 , 0.0 , 0.92440718763 , 160 , 50 , 1.0 , 8 , 8 , 1 , 0 , 0 , 7.0 , 7.73841642229 , 32.015625 , 2.07435111666 , 8 , 0 , 0 , 0 , 0 , 0 , 0 , 0 , 0 , 0
0 , 3 , fluid , 2 , 0 , 0 , 100 , 8 , 4000 , 0.0 , 0.0 , 0.92440718763 , 160 , 40 , 0.75 , 8 , 8 , 1 , 0 , 0 , 9.0 , 11.2249520822 , 31.875 , 2.07000597726 , 8 , 0 , 0 , 0 , 0 , 0 , 0 , 0 , 0 , 0
0 , 3 , fluid , 2 , 43 , 14.2478584536 , 100 , 8 , 4000 , 0.0 , 0.0 , 0.92440718763 , 160 , 40 , 0.5 , 8 , 8 , 1 , 151 , 0 , 13.0 , 20.1730852821 , 29.421875 , 2.07361190399 , 8 , 2 , 0.5134 , 0.1349733857 , 0.0 , 0.0261392044209 , 149 , 0.0 , 0.83055275416 , 0.00508384970174
0 , 3 , fluid , 2 , 158 , 37.6781800605 , 100 , 8 , 4000 , 0.0 , 0.0 , 0.92440718763 , 160 , 20 , 0.25 , 8 , 8 , 1 , 600 , 0 , 25.0 , 37.5283890845 , 26.890625 , 2.07314421361 , 8 , 4 , 0.262 , 0.0930321053634 , 0.0 , 0.0457166666667 , 586 , 1.15360316844 , 0.900619078732 , 0.00475000294919
0 , 3 , fluid , 2 , 195 , 25.2697601637 , 100 , 8 , 4000 , 0.0 , 0.0 , 0.92440718763 , 160 , 20 , 0.1 , 8 , 8 , 1 , 1263 , 0 , 62.0 , 107.27046907 , 25.75 , 2.0612397532 , 8 , 4 , 0.2516 , 0.070251977846 , 0.0 , 0.00632033345683 , 1259 , 1.15469859199 , 0.742278232778 , 0.00184767258387
0 , 3 , fluid , 2 , 130 , 15.7337516603 , 100 , 8 , 4000 , 0.0 , 0.0 , 0.92440718763 , 160 , 10 , 0.075 , 8 , 8 , 1 , 762 , 0 , 82.7 , 117.234142574 , 24.046875 , 2.07258104494 , 8 , 5 , 0.2687 , 0.0810165583839 , 0.0 , 0.255605844545 , 648 , 1.39970850332 , 0.927552091023 , 0.00989343587323
0 , 3 , fluid , 2 , 177 , 16.5365605247 , 100 , 8 , 4000 , 0.0 , 0.0 , 0.92440718763 , 160 , 10 , 0.05 , 8 , 8 , 1 , 1485 , 0 , 123.5 , 176.015614834 , 12.28125 , 2.0598675759 , 8 , 6 , 0.1689 , 0.0938140291591 , 0.0 , 0.0134099695042 , 1475 , 1.78883657982 , 0.942310582984 , 0.00728515329899
0 , 3 , fluid , 2 , 74 , 3.02358431031 , 100 , 8 , 4000 , 0.0 , 0.0 , 0.92440718763 , 160 , 5 , 0.025 , 8 , 8 , 1 , 992 , 0 , 246.8 , 292.269589439 , 13.34375 , 2.05761407739 , 8 , 3 , 0.336 , 0.0692896919483 , 0.0 , 0.00803809508325 , 988 , 0.707096962282 , 0.950743332638 , 0.0029236384224
0 , 3 , fluid , 2 , 93 , 3.01577117956 , 100 , 8 , 4000 , 0.0 , 0.0 , 0.92440718763 , 160 , 5 , 0.01 , 8 , 8 , 1 , 1968 , 0 , 614.8 , 695.624315327 , 12.40625 , 2.06089548057 , 8 , 1 , 1.0 , 1.0 , 0.0 , 0.0 , 1968 , 0.0 , 0.206944273866 , 0.00188767776933
0 , 4 , fluid , 2 , 0 , 0 , 400 , 2 , 500 , 0.0 , 0.0 , 0.980383538427 , 40 , 50 , 1.0 , 6 , 9 , 1 , 0 , 0 , 5.0 , 6.05774278215 , 16.9074074074 , 0.692608985888 , 2 , 0 , 0 , 0 , 0 , 0 , 0 , 0 , 0 , 0
0 , 4 , fluid , 2 , 4 , 1.90845116172 , 400 , 2 , 500 , 0.0 , 0.0 , 0.980383538427 , 40 , 40 , 0.75 , 6 , 9 , 1 , 14 , 0 , 7.0 , 10.2213772708 , 16.4074074074 , 0.693119870102 , 2 , 1 , 1.0 , 1.0 , 0.0 , 0.0 , 14 , 0.0 , 0.820858455717 , 0.00327565841529
0 , 4 , fluid , 2 , 497 , 127.860277079 , 400 , 2 , 500 , 0.0 , 0.0 , 0.980383538427 , 40 , 40 , 0.5 , 6 , 9 , 1 , 1461 , 0 , 10.0 , 22.4831929486 , 14.6481481481 , 0.693065205866 , 2 , 17 , 0.0609 , 0.223406256715 , 0.0 , 0.0339101840647 , 1436 , 3.74998703745 , 0.951709902913 , 0.00840992153871
0 , 4 , fluid , 2 , 283 , 59.1417844289 , 400 , 2 , 500 , 0.0 , 0.0 , 0.980383538427 , 40 , 20 , 0.25 , 6 , 9 , 1 , 1099 , 0 , 19.0 , 35.6859885408 , 14.037037037 , 0.692398882466 , 2 , 8 , 0.1275 , 0.12266229604 , 0.0 , 0.0198973175217 , 1088 , 2.2677529967 , 0.695098001327 , 0.00441976483411
0 , 4 , fluid , 2 , 725 , 92.6462038226 , 400 , 2 , 500 , 0.0 , 0.0 , 0.980383538427 , 40 , 20 , 0.1 , 6 , 9 , 1 , 5296 , 0 , 46.0 , 128.901031394 , 9.42592592593 , 0.691868094258 , 2 , 17 , 0.0594 , 0.160874822121 , 0.0 , 0.0101683508502 , 5269 , 3.74999720808 , 0.888922028845 , 0.00124092055568
0 , 4 , fluid , 2 , 585 , 42.6176504803 , 400 , 2 , 500 , 0.0 , 0.0 , 0.980383538427 , 40 , 10 , 0.075 , 6 , 9 , 1 , 5762 , 0 , 61.3 , 115.26617492 , 8.68518518519 , 0.693144917091 , 2 , 14 , 0.0718 , 0.127128622894 , 0.0 , 0.00485303839287 , 5748 , 3.32820100206 , 0.826219727891 , 0.00253593267944
0 , 4 , fluid , 2 , 495 , 24.1890719533 , 400 , 2 , 500 , 0.0 , 0.0 , 0.980383538427 , 40 , 10 , 0.05 , 6 , 9 , 1 , 6999 , 0 , 91.8 , 132.608852039 , 7.53703703704 , 0.692861563398 , 2 , 6 , 0.1674 , 0.0626862077167 , 0.0 , 0.00427954917161 , 6984 , 1.7888482404 , 0.625937744496 , 0.00137975015814
0 , 4 , fluid , 2 , 514 , 25.923944911 , 400 , 2 , 500 , 0.0 , 0.0 , 0.980383538427 , 40 , 5 , 0.025 , 6 , 9 , 1 , 7433 , 0 , 183.0 , 231.540211686 , 1.88888888889 , 0.674895273744 , 2 , 6 , 0.167 , 0.0607168168863 , 0.0 , 0.0018824065504 , 7426 , 1.78885427686 , 0.826328233829 , 0.00245198842914
0 , 4 , fluid , 2 , 457 , 7.17971594899 , 400 , 2 , 500 , 0.0 , 0.0 , 0.980383538427 , 40 , 5 , 0.01 , 6 , 9 , 1 , 9065 , 0 , 457.6 , 436.436432611 , 1.83333333333 , 0.688138813714 , 2 , 8 , 0.1253 , 0.0736950860681 , 0.0 , 0.00220487628572 , 9055 , 2.26778672965 , 0.889339584002 , 0.00112110083531
0 , 5 , fluid , 2 , 0 , 0 , 200 , 8 , 4000 , 0.0 , 0.0 , 0.917591037292 , 20 , 50 , 1.0 , 7 , 9 , 1 , 0 , 0 , 6.0 , 7.6357615894 , 56.746031746 , 2.07708205617 , 8 , 0 , 0 , 0 , 0 , 0 , 0 , 0 , 0 , 0
0 , 5 , fluid , 2 , 0 , 0 , 200 , 8 , 4000 , 0.0 , 0.0 , 0.917591037292 , 20 , 40 , 0.75 , 7 , 9 , 1 , 0 , 0 , 8.0 , 9.91981845688 , 54.4920634921 , 2.07547740221 , 8 , 0 , 0 , 0 , 0 , 0 , 0 , 0 , 0 , 0
0 , 5 , fluid , 2 , 0 , 0 , 200 , 8 , 4000 , 0.0 , 0.0 , 0.917591037292 , 20 , 40 , 0.5 , 7 , 9 , 1 , 0 , 0 , 11.0 , 12.5414141414 , 52.6349206349 , 2.07484103689 , 8 , 0 , 0 , 0 , 0 , 0 , 0 , 0 , 0 , 0
0 , 5 , fluid , 2 , 106 , 22.9942563139 , 200 , 8 , 4000 , 0.0 , 0.0 , 0.917591037292 , 20 , 20 , 0.25 , 7 , 9 , 1 , 416 , 0 , 22.0 , 46.8953102795 , 48.2857142857 , 2.07591969075 , 8 , 6 , 0.1707 , 0.124910480223 , 0.0 , 0.0238651072485 , 411 , 1.788854382 , 0.519852463377 , 0.00337622339947
0 , 5 , fluid , 2 , 193 , 22.6231028468 , 200 , 8 , 4000 , 0.0 , 0.0 , 0.917591037292 , 20 , 20 , 0.1 , 7 , 9 , 1 , 1218 , 0 , 54.0 , 132.684081027 , 45.3333333333 , 2.06884019641 , 8 , 5 , 0.2013 , 0.0784928116665 , 0.0 , 0.006554663086 , 1214 , 1.5 , 0.554727928208 , 0.00692967335255
0 , 5 , fluid , 2 , 128 , 14.9453226281 , 200 , 8 , 4000 , 0.0 , 0.0 , 0.917591037292 , 20 , 10 , 0.075 , 7 , 9 , 1 , 719 , 0 , 72.0 , 118.898580942 , 43.0 , 2.07438603719 , 8 , 5 , 0.2057 , 0.113639105223 , 0.0 , 0.0275649420362 , 709 , 1.49995304524 , 0.700499344396 , 0.0114572240935
0 , 5 , fluid , 2 , 0 , 0 , 200 , 8 , 4000 , 0.0 , 0.0 , 0.917591037292 , 20 , 10 , 0.05 , 7 , 9 , 1 , 0 , 0 , nan , nan , 1.30158730159 , 1.82519946677 , 7 , 0 , 0 , 0 , 0 , 0 , 0 , 0 , 0 , 0
0 , 5 , fluid , 2 , 70 , 8.77228638676 , 200 , 8 , 4000 , 0.0 , 0.0 , 0.917591037292 , 20 , 5 , 0.025 , 7 , 9 , 1 , 323 , 0 , 215.0 , 204.759818255 , 33.3333333333 , 2.0746701162 , 8 , 7 , 0.3076 , 0.136443998659 , 0.0 , 0.535517449607 , 184 , 1.13102772904 , 0.585972712571 , 0.0112822372887
0 , 5 , fluid , 2 , 0 , 0 , 200 , 8 , 4000 , 0.0 , 0.0 , 0.917591037292 , 20 , 5 , 0.01 , 7 , 9 , 1 , 0 , 0 , nan , nan , 0.0793650793651 , 1.03972077084 , 3 , 0 , 0 , 0 , 0 , 0 , 0 , 0 , 0 , 0
0 , 6 , fluid , 2 , 0 , 0 , 300 , 2 , 8000 , 0.0 , 0.0 , 0.923858133241 , 80 , 50 , 1.0 , 10 , 6 , 1 , 0 , 0 , 8.0 , 10.4954868446 , 17.6333333333 , 0.692999505631 , 2 , 0 , 0 , 0 , 0 , 0 , 0 , 0 , 0 , 0
0 , 6 , fluid , 2 , 681 , 186.903571713 , 300 , 2 , 8000 , 0.0 , 0.0 , 0.923858133241 , 80 , 40 , 0.75 , 10 , 6 , 1 , 1774 , 0 , 11.0 , 18.1540824854 , 16.4 , 0.693118570996 , 2 , 22 , 0.0603 , 0.176550549983 , 0.0 , 0.245921611045 , 1529 , 4.26733157373 , 0.898869432952 , 0.0101728173114
0 , 6 , fluid , 2 , 0 , 0 , 300 , 2 , 8000 , 0.0 , 0.0 , 0.923858133241 , 80 , 40 , 0.5 , 10 , 6 , 1 , 0 , 0 , 16.0 , 21.7342428135 , 17.45 , 0.693133236834 , 2 , 0 , 0 , 0 , 0 , 0 , 0 , 0 , 0 , 0
0 , 6 , fluid , 2 , 641 , 110.573828751 , 300 , 2 , 8000 , 0.0 , 0.0 , 0.923858133241 , 80 , 20 , 0.25 , 10 , 6 , 1 , 2514 , 0 , 31.5 , 47.4415451244 , 14.8166666667 , 0.692968353634 , 2 , 16 , 0.1221 , 0.119428311003 , 0.0 , 0.488191505453 , 1510 , 2.48666839437 , 0.924704353328 , 0.00795292915278
0 , 6 , fluid , 2 , 598 , 77.2865456725 , 300 , 2 , 8000 , 0.0 , 0.0 , 0.923858133241 , 80 , 20 , 0.1 , 10 , 6 , 1 , 3592 , 0 , 78.0 , 144.9663828 , 13.4666666667 , 0.692857202472 , 2 , 15 , 0.0674 , 0.155034780287 , 0.0 , 0.0111022204751 , 3572 , 3.47439340182 , 0.920123645028 , 0.00500753402677
0 , 6 , fluid , 2 , 680 , 53.6576724551 , 300 , 2 , 8000 , 0.0 , 0.0 , 0.923858133241 , 80 , 10 , 0.075 , 10 , 6 , 1 , 7633 , 0 , 103.8 , 156.278807259 , 11.4833333333 , 0.693015562634 , 2 , 17 , 0.0592 , 0.145455024116 , 0.0 , 0.00679996077764 , 7607 , 3.74999839 , 0.991856193153 , 0.00258295071936
0 , 6 , fluid , 2 , 1830 , 77.4144942924 , 300 , 2 , 8000 , 0.0 , 0.0 , 0.923858133241 , 80 , 10 , 0.05 , 10 , 6 , 1 , 27923 , 0 , 155.7 , 163.426189555 , 3.0 , 0.690114244677 , 2 , 18 , 0.0557 , 0.117213486507 , 0.0 , 0.0025051522493 , 27888 , 3.88056945726 , 0.960932505581 , 0.0018852664392
0 , 6 , fluid , 2 , 202 , 16.8397869928 , 300 , 2 , 8000 , 0.0 , 0.0 , 0.923858133241 , 80 , 5 , 0.025 , 10 , 6 , 1 , 1781 , 0 , 311.2 , 309.225549387 , 2.38333333333 , 0.691390321564 , 2 , 4 , 0.2511 , 0.0638315879587 , 0.0 , 0.00448492273392 , 1777 , 1.15469956191 , 0.573674252294 , 0.00957559155229
0 , 6 , fluid , 2 , 168 , 8.84907534488 , 300 , 2 , 8000 , 0.0 , 0.0 , 0.923858133241 , 80 , 5 , 0.01 , 10 , 6 , 1 , 1454 , 0 , 775.6 , 662.61976694 , 1.0 , 0.647987965397 , 2 , 5 , 0.2017 , 0.0813494372763 , 0.0 , 0.00823133640727 , 1448 , 1.49999775971 , 0.71603666479 , 0.00719153633145
0 , 7 , fluid , 2 , 0 , 0 , 400 , 2 , 500 , 0.0 , 0.0 , 0.971794743272 , 20 , 50 , 1.0 , 9 , 6 , 1 , 0 , 0 , 7.0 , 8.82382978723 , 24.537037037 , 0.693105415886 , 2 , 0 , 0 , 0 , 0 , 0 , 0 , 0 , 0 , 0
0 , 7 , fluid , 2 , 0 , 0 , 400 , 2 , 500 , 0.0 , 0.0 , 0.971794743272 , 20 , 40 , 0.75 , 9 , 6 , 1 , 0 , 0 , 10.0 , 12.6695855225 , 23.2222222222 , 0.692991828902 , 2 , 0 , 0 , 0 , 0 , 0 , 0 , 0 , 0 , 0
0 , 7 , fluid , 2 , 490 , 134.743317624 , 400 , 2 , 500 , 0.0 , 0.0 , 0.971794743272 , 20 , 40 , 0.5 , 9 , 6 , 1 , 1357 , 0 , 14.0 , 29.1337613413 , 22.6296296296 , 0.692862041864 , 2 , 13 , 0.1581 , 0.126768553365 , 0.0 , 0.513402217493 , 690 , 1.92361820312 , 0.852285727401 , 0.0128950326573
0 , 7 , fluid , 2 , 344 , 86.302416617 , 400 , 2 , 500 , 0.0 , 0.0 , 0.971794743272 , 20 , 20 , 0.25 , 9 , 6 , 1 , 1247 , 0 , 28.0 , 46.6577640961 , 20.9444444444 , 0.692865417465 , 2 , 11 , 0.1795 , 0.117006644566 , 0.0 , 0.493417079901 , 740 , 1.83181345146 , 0.703308876456 , 0.00947520363068
0 , 7 , fluid , 2 , 571 , 69.9223803979 , 400 , 2 , 500 , 0.0 , 0.0 , 0.971794743272 , 20 , 20 , 0.1 , 9 , 6 , 1 , 3045 , 0 , 70.0 , 123.379405826 , 17.0 , 0.693143452062 , 2 , 15 , 0.0677 , 0.1644593498 , 0.0 , 0.0150446099962 , 3022 , 3.47438963898 , 0.765169373282 , 0.016761486981
0 , 7 , fluid , 2 , 0 , 0.000607290207828 , 400 , 2 , 500 , 0.0 , 0.0 , 0.971794743272 , 20 , 10 , 0.075 , 9 , 6 , 1 , 0 , 0 , 93.0 , 83.4072948328 , 23.1851851852 , 0.692947981167 , 2 , 0 , 0 , 0 , 0 , 0 , 0 , 0 , 0 , 0
0 , 7 , fluid , 2 , 944 , 73.9250486612 , 400 , 2 , 500 , 0.0 , 0.0 , 0.971794743272 , 20 , 10 , 0.05 , 9 , 6 , 1 , 10814 , 0 , 139.5 , 170.35124448 , 11.5555555556 , 0.689976960831 , 2 , 17 , 0.0591 , 0.131052185478 , 0.0 , 0.00387971548023 , 10793 , 3.74999910232 , 0.643569908467 , 0.00449534041169
0 , 7 , fluid , 2 , 332 , 11.6289828614 , 400 , 2 , 500 , 0.0 , 0.0 , 0.971794743272 , 20 , 5 , 0.025 , 9 , 6 , 1 , 3419 , 0 , 279.0 , 219.93503867 , 1.48148148148 , 0.689009238477 , 2 , 9 , 0.112 , 0.101771900088 , 0.0 , 0.00758762454809 , 3406 , 2.47487008675 , 0.779973089607 , 0.00727981953967
0 , 7 , fluid , 2 , 588 , 28.2058630345 , 400 , 2 , 500 , 0.0 , 0.0 , 0.971794743272 , 20 , 5 , 0.01 , 9 , 6 , 1 , 7727 , 0 , 695.6 , 610.836069655 , 1.85185185185 , 0.693098164957 , 2 , 9 , 0.1114 , 0.0810935731534 , 0.0 , 0.00232795311213 , 7718 , 2.47487365526 , 0.201337523164 , 0.00357536898369
0 , 8 , fluid , 2 , 0 , 0 , 400 , 4 , 4000 , 0.0 , 0.0 , 0.984776456285 , 80 , 50 , 1.0 , 9 , 6 , 1 , 0 , 0 , 7.0 , 9.24541544034 , 72.1481481481 , 1.38605119784 , 4 , 0 , 0 , 0 , 0 , 0 , 0 , 0 , 0 , 0
0 , 8 , fluid , 2 , 37 , 9.09429182165 , 400 , 4 , 4000 , 0.0 , 0.0 , 0.984776456285 , 80 , 40 , 0.75 , 9 , 6 , 1 , 91 , 0 , 10.0 , 13.8133794952 , 73.1666666667 , 1.38541983153 , 4 , 1 , 1.0 , 1.0 , 0.0 , 0.0 , 91 , 0.0 , 0.891378376514 , 0.00548122625239
0 , 8 , fluid , 2 , 0 , 0.0377899071809 , 400 , 4 , 4000 , 0.0 , 0.0 , 0.984776456285 , 80 , 40 , 0.5 , 9 , 6 , 1 , 1 , 0 , 14.0 , 20.4293364133 , 71.1851851852 , 1.38591842732 , 4 , 1 , 1.0 , 1.0 , 0.0 , 0.0 , 1 , 0.0 , 0.768795244456 , 0.00815142578487
0 , 8 , fluid , 2 , 1157 , 248.53786713 , 400 , 4 , 4000 , 0.0 , 0.0 , 0.984776456285 , 80 , 20 , 0.25 , 9 , 6 , 1 , 4730 , 0 , 28.0 , 54.9863072728 , 53.9074074074 , 1.38535261518 , 4 , 23 , 0.044 , 0.208418544486 , 0.0 , 0.011382252636 , 4703 , 4.47721369961 , 0.941507475805 , 0.00249193983866
0 , 8 , fluid , 2 , 532 , 63.7776137577 , 400 , 4 , 4000 , 0.0 , 0.0 , 0.984776456285 , 80 , 20 , 0.1 , 9 , 6 , 1 , 3872 , 0 , 70.0 , 125.404112071 , 53.2962962963 , 1.38603364858 , 4 , 10 , 0.1006 , 0.105502369633 , 0.0 , 0.00618740822007 , 3860 , 2.66666517447 , 0.507543158897 , 0.00125957049569
0 , 8 , fluid , 2 , 749 , 63.3422116597 , 400 , 4 , 4000 , 0.0 , 0.0 , 0.984776456285 , 80 , 10 , 0.075 , 9 , 6 , 1 , 7878 , 0 , 93.3 , 108.002426821 , 42.7777777778 , 1.38435325888 , 4 , 18 , 0.0559 , 0.148326369026 , 0.0 , 0.00582982898442 , 7855 , 3.88056866506 , 0.951876278418 , 0.00162275177586
0 , 8 , fluid , 2 , 1404 , 79.339732359 , 400 , 4 , 4000 , 0.0 , 0.0 , 0.984776456285 , 80 , 10 , 0.05 , 9 , 6 , 1 , 21407 , 0 , 139.2 , 158.099488648 , 32.2407407407 , 1.3823127312 , 4 , 20 , 0.0528 , 0.102297893322 , 0.0 , 0.0538927790258 , 20815 , 4.12486285214 , 0.515647462482 , 0.00132751502202
0 , 8 , fluid , 2 , 243 , 34.3884077292 , 400 , 4 , 4000 , 0.0 , 0.0 , 0.984776456285 , 80 , 5 , 0.025 , 9 , 6 , 1 , 1606 , 0 , 278.8 , 303.712069209 , 11.8333333333 , 1.38265225041 , 4 , 6 , 0.3264 , 0.0734491039239 , 0.0 , 0.489324745777 , 941 , 0.847829040884 , 0.87089217517 , 0.015678011239
0 , 8 , fluid , 2 , 157 , 8.70486864264 , 400 , 4 , 4000 , 0.0 , 0.0 , 0.984776456285 , 80 , 5 , 0.01 , 9 , 6 , 1 , 1250 , 0 , 695.6 , 636.234093397 , 1.16666666667 , 1.23859073779 , 4 , 4 , 0.2512 , 0.0665726638333 , 0.0 , 0.00479232 , 1247 , 1.15470053838 , 0.768947292711 , 0.00819349457452
0 , 9 , fluid , 2 , 0 , 0 , 200 , 4 , 2000 , 0.0 , 0.0 , 0.933915595655 , 40 , 50 , 1.0 , 8 , 10 , 1 , 0 , 0 , 7.0 , 8.38746908491 , 21.8 , 1.38580783525 , 4 , 0 , 0 , 0 , 0 , 0 , 0 , 0 , 0 , 0
0 , 9 , fluid , 2 , 222 , 63.425204022 , 200 , 4 , 2000 , 0.0 , 0.0 , 0.933915595655 , 40 , 40 , 0.75 , 8 , 10 , 1 , 591 , 0 , 9.0 , 15.6085889571 , 21.7 , 1.38570723516 , 4 , 7 , 0.1735 , 0.120446953737 , 0.0 , 0.176402380891 , 534 , 2.00728385176 , 0.904868278841 , 0.00363644105147
0 , 9 , fluid , 2 , 9 , 2.13460152453 , 200 , 4 , 2000 , 0.0 , 0.0 , 0.933915595655 , 40 , 40 , 0.5 , 8 , 10 , 1 , 26 , 0 , 13.0 , 19.1040081177 , 20.8625 , 1.38555984835 , 4 , 2 , 0.676 , 0.600000422302 , 0.0 , 0.260355029586 , 22 , 0.0 , 0.768972946043 , 0.00988623796536
0 , 9 , fluid , 2 , 263 , 39.4947524081 , 200 , 4 , 2000 , 0.0 , 0.0 , 0.933915595655 , 40 , 20 , 0.25 , 8 , 10 , 1 , 1124 , 0 , 25.0 , 42.4272216863 , 18.45 , 1.38415435317 , 4 , 4 , 0.2513 , 0.0685922414072 , 0.0 , 0.00532857993187 , 1121 , 1.15470053838 , 0.940733297327 , 0.00447143230322
0 , 9 , fluid , 2 , 342 , 39.9035276227 , 200 , 4 , 2000 , 0.0 , 0.0 , 0.933915595655 , 40 , 20 , 0.1 , 8 , 10 , 1 , 1856 , 0 , 62.0 , 124.009578835 , 13.85 , 1.38201229208 , 4 , 13 , 0.0948 , 0.122795679071 , 0.0 , 0.188817372362 , 1662 , 3.11509247073 , 0.818502270287 , 0.00988370265794
0 , 9 , fluid , 2 , 257 , 21.3523730134 , 200 , 4 , 2000 , 0.0 , 0.0 , 0.933915595655 , 40 , 10 , 0.075 , 8 , 10 , 1 , 2833 , 0 , 82.6 , 104.666139945 , 13.6625 , 1.38320384171 , 4 , 11 , 0.0921 , 0.12555369002 , 0.0 , 0.0126602797522 , 2815 , 2.84603424147 , 0.664519012902 , 0.00533402554461
0 , 9 , fluid , 2 , 0 , 0 , 200 , 4 , 2000 , 0.0 , 0.0 , 0.933915595655 , 40 , 10 , 0.05 , 8 , 10 , 1 , 0 , 0 , nan , nan , 0.3 , 1.21300756598 , 4 , 0 , 0 , 0 , 0 , 0 , 0 , 0 , 0 , 0
0 , 9 , fluid , 2 , 188 , 18.6978203293 , 200 , 4 , 2000 , 0.0 , 0.0 , 0.933915595655 , 40 , 5 , 0.025 , 8 , 10 , 1 , 1654 , 0 , 247.4 , 254.205348992 , 9.4125 , 1.38302187727 , 4 , 4 , 0.2543 , 0.069430587767 , 0.0 , 0.0168036448228 , 1640 , 1.15456143515 , 0.48399956353 , 0.00842635974899
0 , 9 , fluid , 2 , 0 , 0 , 200 , 4 , 2000 , 0.0 , 0.0 , 0.933915595655 , 40 , 5 , 0.01 , 8 , 10 , 1 , 0 , 0 , nan , nan , 0.025 , -0.0 , 1 , 0 , 0 , 0 , 0 , 0 , 0 , 0 , 0 , 0
0 , 10 , fluid , 2 , 75 , 25.0113299955 , 100 , 1 , 500 , 0.0 , 0.0 , 0.971378433781 , 80 , 50 , 1.0 , 10 , 5 , 1 , 212 , 0 , 8.0 , 11.3943896892 , 0.0 , -0.0 , 1 , 2 , 0.5047 , 0.0883346634816 , 0.0 , 0.00938946244215 , 211 , 0.0 , 0.784701156183 , 0.00876793095007
0 , 10 , fluid , 2 , 180 , 61.9836001465 , 100 , 1 , 500 , 0.0 , 0.0 , 0.971378433781 , 80 , 40 , 0.75 , 10 , 5 , 1 , 589 , 0 , 11.0 , 16.9779752705 , 0.0 , -0.0 , 1 , 6 , 0.2096 , 0.109887014213 , 0.0 , 0.204755549534 , 522 , 1.74477935096 , 0.741498642273 , 0.00515321494086
0 , 10 , fluid , 2 , 0 , 0 , 100 , 1 , 500 , 0.0 , 0.0 , 0.971378433781 , 80 , 40 , 0.5 , 10 , 5 , 1 , 0 , 0 , 16.0 , 20.1149710505 , 0.0 , -0.0 , 1 , 0 , 0 , 0 , 0 , 0 , 0 , 0 , 0 , 0
0 , 10 , fluid , 2 , 61 , 13.3363442563 , 100 , 1 , 500 , 0.0 , 0.0 , 0.971378433781 , 80 , 20 , 0.25 , 10 , 5 , 1 , 240 , 0 , 31.6 , 42.4945189308 , 0.0 , -0.0 , 1 , 2 , 0.5084 , 0.110372648075 , 0.0 , 0.0165277777778 , 238 , 0.0 , 0.931068582453 , 0.00397001144028
0 , 10 , fluid , 2 , 205 , 28.7775823993 , 100 , 1 , 500 , 0.0 , 0.0 , 0.971378433781 , 80 , 20 , 0.1 , 10 , 5 , 1 , 1209 , 0 , 78.0 , 144.419367668 , 0.0 , -0.0 , 1 , 6 , 0.1681 , 0.0904825677514 , 0.0 , 0.00825077427975 , 1204 , 1.788854382 , 0.785945316155 , 0.00855148142993
0 , 10 , fluid , 2 , 200 , 16.7241664277 , 100 , 1 , 500 , 0.0 , 0.0 , 0.971378433781 , 80 , 10 , 0.075 , 10 , 5 , 1 , 1698 , 0 , 103.8 , 135.764946346 , 0.0 , -0.0 , 1 , 6 , 0.1682 , 0.085890455109 , 0.0 , 0.00939371615744 , 1690 , 1.78884219182 , 0.786139204439 , 0.0083772581848
0 , 10 , fluid , 2 , 96 , 9.96039880735 , 100 , 1 , 500 , 0.0 , 0.0 , 0.971378433781 , 80 , 10 , 0.05 , 10 , 5 , 1 , 701 , 0 , 155.4 , 220.482545628 , 0.0 , -0.0 , 1 , 1 , 1.0 , 1.0 , 0.0 , 0.0 , 701 , 0.0 , 0.741719647833 , 0.00780863981663
0 , 10 , fluid , 2 , 290 , 9.49566793221 , 100 , 1 , 500 , 0.0 , 0.0 , 0.971378433781 , 80 , 5 , 0.025 , 10 , 5 , 1 , 4461 , 0 , 310.2 , 217.114316139 , 0.0 , -0.0 , 1 , 8 , 0.1255 , 0.084993383428 , 0.0 , 0.0040302462433 , 4452 , 2.26778646426 , 0.988883660059 , 0.00195405594662
0 , 10 , fluid , 2 , 0 , 0.0011194234162 , 100 , 1 , 500 , 0.0 , 0.0 , 0.971378433781 , 80 , 5 , 0.01 , 10 , 5 , 1 , 0 , 0 , nan , 24.0 , 0.0 , -0.0 , 1 , 0 , 0 , 0 , 0 , 0 , 0 , 0 , 0 , 0
0 , 11 , fluid , 2 , 0 , 0 , 300 , 8 , 1000 , 0.0 , 0.0 , 0.973553598693 , 10 , 50 , 1.0 , 5 , 8 , 1 , 0 , 0 , 4.0 , 4.24 , 101.525 , 2.0771104832 , 8 , 0 , 0 , 0 , 0 , 0 , 0 , 0 , 0 , 0
0 , 11 , fluid , 2 , 0 , 0 , 300 , 8 , 1000 , 0.0 , 0.0 , 0.973553598693 , 10 , 40 , 0.75 , 5 , 8 , 1 , 0 , 0 , 6.0 , 5.17808219178 , 95.325 , 2.07486141395 , 8 , 0 , 0 , 0 , 0 , 0 , 0 , 0 , 0 , 0
0 , 11 , fluid , 2 , 0 , 0 , 300 , 8 , 1000 , 0.0 , 0.0 , 0.973553598693 , 10 , 40 , 0.5 , 5 , 8 , 1 , 0 , 0 , 8.0 , 13.6195476575 , 96.325 , 2.07775511051 , 8 , 0 , 0 , 0 , 0 , 0 , 0 , 0 , 0 , 0
0 , 11 , fluid , 2 , 288 , 58.9410734957 , 300 , 8 , 1000 , 0.0 , 0.0 , 0.973553598693 , 10 , 20 , 0.25 , 5 , 8 , 1 , 991 , 0 , 16.0 , 36.6152914385 , 79.35 , 2.07459690238 , 8 , 7 , 0.1588 , 0.10314566281 , 0.0 , 0.100115978214 , 939 , 2.03228535363 , 0.629505178647 , 0.002376452989
0 , 11 , fluid , 2 , 447 , 64.7788122434 , 300 , 8 , 1000 , 0.0 , 0.0 , 0.973553598693 , 10 , 20 , 0.1 , 5 , 8 , 1 , 2829 , 0 , 38.0 , 123.991339005 , 58.45 , 2.07797183196 , 8 , 5 , 0.2007 , 0.0651447503319 , 0.0 , 0.00353081957672 , 2824 , 1.49999955883 , 0.725778402325 , 0.00126840077983
0 , 11 , fluid , 2 , 427 , 36.2110630489 , 300 , 8 , 1000 , 0.0 , 0.0 , 0.973553598693 , 10 , 10 , 0.075 , 5 , 8 , 1 , 3426 , 0 , 51.0 , 97.4703066226 , 58.4 , 2.07501159938 , 8 , 10 , 0.1006 , 0.108533704236 , 0.0 , 0.0064098959606 , 3415 , 2.66666592519 , 0.607375671639 , 0.00529014755151
0 , 11 , fluid , 2 , 0 , 0 , 300 , 8 , 1000 , 0.0 , 0.0 , 0.973553598693 , 10 , 10 , 0.05 , 5 , 8 , 1 , 0 , 0 , nan , nan , 3.175 , 1.98946683627 , 8 , 0 , 0 , 0 , 0 , 0 , 0 , 0 , 0 , 0
0 , 11 , fluid , 2 , 0 , 0 , 300 , 8 , 1000 , 0.0 , 0.0 , 0.973553598693 , 10 , 5 , 0.025 , 5 , 8 , 1 , 0 , 0 , nan , nan , 1.45 , 1.87056888942 , 8 , 0 , 0 , 0 , 0 , 0 , 0 , 0 , 0 , 0
0 , 11 , fluid , 2 , 0 , 0 , 300 , 8 , 1000 , 0.0 , 0.0 , 0.973553598693 , 10 , 5 , 0.01 , 5 , 8 , 1 , 0 , 0 , nan , nan , 0.975 , 1.55958115626 , 5 , 0 , 0 , 0 , 0 , 0 , 0 , 0 , 0 , 0
0 , 12 , fluid , 2 , 0 , 0 , 300 , 1 , 4000 , 0.0 , 0.0 , 0.93365137754 , 10 , 50 , 1.0 , 9 , 7 , 1 , 0 , 0 , 7.0 , 8.46460176991 , 0.0 , -0.0 , 1 , 0 , 0 , 0 , 0 , 0 , 0 , 0 , 0 , 0
0 , 12 , fluid , 2 , 0 , 0 , 300 , 1 , 4000 , 0.0 , 0.0 , 0.93365137754 , 10 , 40 , 0.75 , 9 , 7 , 1 , 0 , 0 , 10.0 , 12.8974358974 , 0.0 , -0.0 , 1 , 0 , 0 , 0 , 0 , 0 , 0 , 0 , 0 , 0
0 , 12 , fluid , 2 , 2 , 0.468021448167 , 300 , 1 , 4000 , 0.0 , 0.0 , 0.93365137754 , 10 , 40 , 0.5 , 9 , 7 , 1 , 6 , 0 , 14.0 , 24.0713665734 , 0.0 , -0.0 , 1 , 1 , 1.0 , 1.0 , 0.0 , 0.0 , 6 , 0.0 , 0.474389988896 , 0.00175363326549
0 , 12 , fluid , 2 , 211 , 49.7340903417 , 300 , 1 , 4000 , 0.0 , 0.0 , 0.93365137754 , 10 , 20 , 0.25 , 9 , 7 , 1 , 814 , 0 , 28.0 , 52.6116463153 , 0.0 , -0.0 , 1 , 6 , 0.176 , 0.139796607704 , 0.0 , 0.053109285296 , 792 , 1.7885029693 , 0.361642112536 , 0.00407735774847
0 , 12 , fluid , 2 , 737 , 118.097435495 , 300 , 1 , 4000 , 0.0 , 0.0 , 0.93365137754 , 10 , 20 , 0.1 , 9 , 7 , 1 , 4535 , 0 , 70.0 , 146.533694649 , 0.0 , -0.0 , 1 , 13 , 0.0775 , 0.128897703127 , 0.0 , 0.00792075356562 , 4517 , 3.17542378944 , 0.414534097389 , 0.00784820860079
0 , 12 , fluid , 2 , 0 , 0 , 300 , 1 , 4000 , 0.0 , 0.0 , 0.93365137754 , 10 , 10 , 0.075 , 9 , 7 , 1 , 0 , 0 , nan , nan , 0.0 , -0.0 , 1 , 0 , 0 , 0 , 0 , 0 , 0 , 0 , 0 , 0
0 , 12 , fluid , 2 , 0 , 0 , 300 , 1 , 4000 , 0.0 , 0.0 , 0.93365137754 , 10 , 10 , 0.05 , 9 , 7 , 1 , 0 , 0 , nan , nan , 0.0 , -0.0 , 1 , 0 , 0 , 0 , 0 , 0 , 0 , 0 , 0 , 0
0 , 12 , fluid , 2 , 330 , 14.2556135332 , 300 , 1 , 4000 , 0.0 , 0.0 , 0.93365137754 , 10 , 5 , 0.025 , 9 , 7 , 1 , 4171 , 0 , 278.4 , 266.401246191 , 0.0 , -0.0 , 1 , 5 , 0.2004 , 0.057119760387 , 0.0 , 0.00191685566694 , 4167 , 1.5 , 0.459856372543 , 0.00279476403702
0 , 12 , fluid , 2 , 0 , 0 , 300 , 1 , 4000 , 0.0 , 0.0 , 0.93365137754 , 10 , 5 , 0.01 , 9 , 7 , 1 , 0 , 0 , nan , nan , 0.0 , -0.0 , 1 , 0 , 0 , 0 , 0 , 0 , 0 , 0 , 0 , 0
0 , 13 , fluid , 2 , 0 , 0 , 100 , 8 , 1000 , 0.0 , 0.0 , 0.911921983632 , 40 , 50 , 1.0 , 7 , 7 , 1 , 0 , 0 , 6.0 , 7.22598870056 , 34.9591836735 , 2.06909813081 , 8 , 0 , 0 , 0 , 0 , 0 , 0 , 0 , 0 , 0
0 , 13 , fluid , 2 , 0 , 0 , 100 , 8 , 1000 , 0.0 , 0.0 , 0.911921983632 , 40 , 40 , 0.75 , 7 , 7 , 1 , 0 , 0 , 8.0 , 9.84835025381 , 36.7346938776 , 2.07352746675 , 8 , 0 , 0 , 0 , 0 , 0 , 0 , 0 , 0 , 0
0 , 13 , fluid , 2 , 0 , 0 , 100 , 8 , 1000 , 0.0 , 0.0 , 0.911921983632 , 40 , 40 , 0.5 , 7 , 7 , 1 , 0 , 0 , 11.0 , 15.8746720484 , 33.1836734694 , 2.07426163714 , 8 , 0 , 0 , 0 , 0 , 0 , 0 , 0 , 0 , 0
0 , 13 , fluid , 2 , 0 , 0 , 100 , 8 , 1000 , 0.0 , 0.0 , 0.911921983632 , 40 , 20 , 0.25 , 7 , 7 , 1 , 0 , 0 , 22.0 , 31.4385288066 , 33.7755102041 , 2.06394716579 , 8 , 0 , 0 , 0 , 0 , 0 , 0 , 0 , 0 , 0
0 , 13 , fluid , 2 , 135 , 23.6766994082 , 100 , 8 , 1000 , 0.0 , 0.0 , 0.911921983632 , 40 , 20 , 0.1 , 7 , 7 , 1 , 846 , 0 , 54.0 , 111.46689352 , 23.9387755102 , 2.0552468043 , 8 , 2 , 0.5012 , 0.0559225207964 , 0.0 , 0.00236127178937 , 845 , 0.0 , 0.816929283539 , 0.00981087270899
0 , 13 , fluid , 2 , 178 , 23.1110436431 , 100 , 8 , 1000 , 0.0 , 0.0 , 0.911921983632 , 40 , 10 , 0.075 , 7 , 7 , 1 , 1465 , 0 , 72.0 , 107.982856236 , 23.7755102041 , 2.06724169552 , 8 , 6 , 0.1685 , 0.0950503337374 , 0.0 , 0.0108851588254 , 1457 , 1.7888516455 , 0.972016202659 , 0.0018582974273
0 , 13 , fluid , 2 , 106 , 7.48115729083 , 100 , 8 , 1000 , 0.0 , 0.0 , 0.911921983632 , 40 , 10 , 0.05 , 7 , 7 , 1 , 1305 , 0 , 107.9 , 206.582688627 , 21.7959183673 , 2.0679200857 , 8 , 2 , 0.5728 , 0.337015334007 , 0.0 , 0.127096196474 , 1216 , 0.0 , 0.316934620157 , 0.00293728685931
0 , 13 , fluid , 2 , 0 , 0 , 100 , 8 , 1000 , 0.0 , 0.0 , 0.911921983632 , 40 , 5 , 0.025 , 7 , 7 , 1 , 0 , 0 , 215.5 , 166.455983622 , 27.3673469388 , 2.07298514185 , 8 , 0 , 0 , 0 , 0 , 0 , 0 , 0 , 0 , 0
0 , 13 , fluid , 2 , 0 , 0 , 100 , 8 , 1000 , 0.0 , 0.0 , 0.911921983632 , 40 , 5 , 0.01 , 7 , 7 , 1 , 0 , 0 , nan , nan , 0 , 0 , 0 , 0 , 0 , 0 , 0 , 0 , 0 , 0 , 0 , 0
0 , 14 , fluid , 2 , 2 , 0.575865579544 , 300 , 32 , 4000 , 0.0 , 0.0 , 0.904238476714 , 160 , 50 , 1.0 , 9 , 10 , 1 , 5 , 0 , 7.0 , 8.99043526476 , 330.577777778 , 3.45824122647 , 32 , 1 , 1.0 , 1.0 , 0.0 , 0.0 , 5 , 0.0 , 0.956935459602 , 0.00667587653423
0 , 14 , fluid , 2 , 23 , 6.00322290299 , 300 , 32 , 4000 , 0.0 , 0.0 , 0.904238476714 , 160 , 40 , 0.75 , 9 , 10 , 1 , 66 , 0 , 10.0 , 13.7800902194 , 325.766666667 , 3.45910789778 , 32 , 5 , 0.4745 , 0.331207827927 , 0.0 , 0.578512396694 , 37 , 0.768545630611 , 0.927059278148 , 0.00815310650887
0 , 14 , fluid , 2 , 41 , 13.9707563566 , 300 , 32 , 4000 , 0.0 , 0.0 , 0.904238476714 , 160 , 40 , 0.5 , 9 , 10 , 1 , 149 , 0 , 14.0 , 23.9117036603 , 332.633333333 , 3.45864911479 , 32 , 2 , 0.5276 , 0.191538693985 , 0.0 , 0.0522498986532 , 145 , 0.0 , 0.899425590058 , 0.00774046635204
0 , 14 , fluid , 2 , 282 , 68.4090682925 , 300 , 32 , 4000 , 0.0 , 0.0 , 0.904238476714 , 160 , 20 , 0.25 , 9 , 10 , 1 , 1114 , 0 , 28.0 , 41.4915016529 , 299.222222222 , 3.4573045273 , 32 , 9 , 0.1131 , 0.133682523859 , 0.0 , 0.0178614596663 , 1104 , 2.47486711281 , 0.971047240614 , 0.00786610329667
0 , 14 , fluid , 2 , 427 , 39.8223091524 , 300 , 32 , 4000 , 0.0 , 0.0 , 0.904238476714 , 160 , 20 , 0.1 , 9 , 10 , 1 , 3792 , 0 , 70.0 , 104.203924761 , 230.466666667 , 3.45593300966 , 32 , 13 , 0.0776 , 0.132839181876 , 0.0 , 0.00894385136819 , 3775 , 3.17542266326 , 0.878126085602 , 0.00431857010273
0 , 14 , fluid , 2 , 528 , 51.7325916069 , 300 , 32 , 4000 , 0.0 , 0.0 , 0.904238476714 , 160 , 10 , 0.075 , 9 , 10 , 1 , 4818 , 0 , 93.2 , 105.023960725 , 204.655555556 , 3.45513107061 , 32 , 13 , 0.1675 , 0.0760602635595 , 0.0 , 0.540860937115 , 2700 , 2.06424630292 , 0.850888441958 , 0.00382948611816
0 , 14 , fluid , 2 , 645 , 38.6307893486 , 300 , 32 , 4000 , 0.0 , 0.0 , 0.904238476714 , 160 , 10 , 0.05 , 9 , 10 , 1 , 9883 , 0 , 139.5 , 162.15624352 , 169.9 , 3.45688114583 , 32 , 11 , 0.0911 , 0.0933597050146 , 0.0 , 0.00262885535121 , 9870 , 2.8460497704 , 0.783429700197 , 0.00175916664955
0 , 14 , fluid , 2 , 980 , 28.1395420801 , 300 , 32 , 4000 , 0.0 , 0.0 , 0.904238476714 , 160 , 5 , 0.025 , 9 , 10 , 1 , 16690 , 0 , 278.8 , 296.843122965 , 72.2333333333 , 3.42405344888 , 32 , 14 , 0.0716 , 0.102730477088 , 0.0 , 0.00191631775431 , 16674 , 3.32820112528 , 0.936653742715 , 0.00173460692921
0 , 14 , fluid , 2 , 0 , 0.0 , 300 , 32 , 4000 , 0.0 , 0.0 , 0.904238476714 , 160 , 5 , 0.01 , 9 , 10 , 1 , 0 , 0 , nan , 18.75 , 14.9222222222 , 3.21718391348 , 29 , 0 , 0 , 0 , 0 , 0 , 0 , 0 , 0 , 0
0 , 15 , fluid , 2 , 0 , 0 , 300 , 4 , 4000 , 0.0 , 0.0 , 0.906815182497 , 160 , 50 , 1.0 , 7 , 7 , 1 , 0 , 0 , 6.0 , 7.35746402878 , 47.4489795918 , 1.38535403652 , 4 , 0 , 0 , 0 , 0 , 0 , 0 , 0 , 0 , 0
0 , 15 , fluid , 2 , 0 , 0 , 300 , 4 , 4000 , 0.0 , 0.0 , 0.906815182497 , 160 , 40 , 0.75 , 7 , 7 , 1 , 0 , 0 , 8.0 , 9.90490897269 , 45.3673469388 , 1.3841441752 , 4 , 0 , 0 , 0 , 0 , 0 , 0 , 0 , 0 , 0
0 , 15 , fluid , 2 , 23 , 4.7276971677 , 300 , 4 , 4000 , 0.0 , 0.0 , 0.906815182497 , 160 , 40 , 0.5 , 7 , 7 , 1 , 56 , 0 , 11.0 , 17.1848895409 , 44.6734693878 , 1.38551171275 , 4 , 2 , 0.5182 , 0.155410420226 , 0.0 , 0.0350765306122 , 55 , 0.0 , 0.876745801469 , 0.00885939538316
0 , 15 , fluid , 2 , 519 , 104.153008168 , 300 , 4 , 4000 , 0.0 , 0.0 , 0.906815182497 , 160 , 20 , 0.25 , 7 , 7 , 1 , 1940 , 0 , 22.0 , 39.3754559709 , 37.7755102041 , 1.38556729066 , 4 , 18 , 0.0588 , 0.189278664781 , 0.0 , 0.0556722287172 , 1885 , 3.87927071127 , 0.709559485484 , 0.0041925156725
0 , 15 , fluid , 2 , 226 , 32.2657983399 , 300 , 4 , 4000 , 0.0 , 0.0 , 0.906815182497 , 160 , 20 , 0.1 , 7 , 7 , 1 , 1602 , 0 , 54.0 , 79.2671627765 , 36.8163265306 , 1.38498631957 , 4 , 8 , 0.1272 , 0.114256795976 , 0.0 , 0.0173854155464 , 1588 , 2.26775800908 , 0.716844830562 , 0.0075805246111
0 , 15 , fluid , 2 , 423 , 40.0721176382 , 300 , 4 , 4000 , 0.0 , 0.0 , 0.906815182497 , 160 , 10 , 0.075 , 7 , 7 , 1 , 3652 , 0 , 72.0 , 156.57613246 , 31.2653061224 , 1.38563537488 , 4 , 11 , 0.0918 , 0.119700806535 , 0.0 , 0.0092855240538 , 3635 , 2.84604637276 , 0.892223931323 , 0.00212950920505
0 , 15 , fluid , 2 , 340 , 21.8572466458 , 300 , 4 , 4000 , 0.0 , 0.0 , 0.906815182497 , 160 , 10 , 0.05 , 7 , 7 , 1 , 3480 , 0 , 107.7 , 169.692837998 , 20.4285714286 , 1.38470922831 , 4 , 10 , 0.2006 , 0.0725530735073 , 0.0 , 0.501615471 , 1812 , 1.50908248769 , 0.804044553794 , 0.00422355560832
0 , 15 , fluid , 2 , 705 , 33.8417728314 , 300 , 4 , 4000 , 0.0 , 0.0 , 0.906815182497 , 160 , 5 , 0.025 , 7 , 7 , 1 , 11805 , 0 , 215.4 , 184.015927538 , 6.24489795918 , 1.37977357605 , 4 , 10 , 0.1319 , 0.0565198637979 , 0.0 , 0.242123494503 , 10143 , 2.54651308894 , 0.573379886294 , 0.00148198576771
0 , 15 , fluid , 2 , 389 , 19.1351655763 , 300 , 4 , 4000 , 0.0 , 0.0 , 0.906815182497 , 160 , 5 , 0.01 , 7 , 7 , 1 , 5750 , 0 , 536.2 , 502.219910606 , 12.4285714286 , 1.38471897989 , 4 , 8 , 0.1254 , 0.0804636572837 , 0.0 , 0.00347469187146 , 5740 , 2.26778625348 , 0.544641955367 , 0.00150852452402
0 , 16 , fluid , 2 , 0 , 0 , 300 , 1 , 8000 , 0.0 , 0.0 , 0.915306805515 , 40 , 50 , 1.0 , 8 , 7 , 1 , 0 , 0 , 7.0 , 8.78424386382 , 0.0 , -0.0 , 1 , 0 , 0 , 0 , 0 , 0 , 0 , 0 , 0 , 0
0 , 16 , fluid , 2 , 29 , 7.82224924028 , 300 , 1 , 8000 , 0.0 , 0.0 , 0.915306805515 , 40 , 40 , 0.75 , 8 , 7 , 1 , 76 , 0 , 9.0 , 13.7458417535 , 0.0 , -0.0 , 1 , 1 , 1.0 , 1.0 , 0.0 , 0.0 , 76 , 0.0 , 0.688134815925 , 0.00451205333188
0 , 16 , fluid , 2 , 27 , 6.23611865393 , 300 , 1 , 8000 , 0.0 , 0.0 , 0.915306805515 , 40 , 40 , 0.5 , 8 , 7 , 1 , 73 , 0 , 13.0 , 17.6966692659 , 0.0 , -0.0 , 1 , 2 , 0.5281 , 0.193653391768 , 0.0 , 0.0532933008069 , 71 , 0.0 , 0.810254363199 , 0.00325372015961
0 , 16 , fluid , 2 , 243 , 57.8185586328 , 300 , 1 , 8000 , 0.0 , 0.0 , 0.915306805515 , 40 , 20 , 0.25 , 8 , 7 , 1 , 936 , 0 , 25.0 , 40.4027046488 , 0.0 , -0.0 , 1 , 8 , 0.1285 , 0.141348576195 , 0.0 , 0.0275540580028 , 923 , 2.26776938494 , 0.626933094027 , 0.00385708004456
0 , 16 , fluid , 2 , 0 , 0 , 300 , 1 , 8000 , 0.0 , 0.0 , 0.915306805515 , 40 , 20 , 0.1 , 8 , 7 , 1 , 0 , 0 , nan , nan , 0.0 , -0.0 , 1 , 0 , 0 , 0 , 0 , 0 , 0 , 0 , 0 , 0
0 , 16 , fluid , 2 , 504 , 38.5522453959 , 300 , 1 , 8000 , 0.0 , 0.0 , 0.915306805515 , 40 , 10 , 0.075 , 8 , 7 , 1 , 4858 , 0 , 82.7 , 94.8103763596 , 0.0 , -0.0 , 1 , 13 , 0.0819 , 0.10410334107 , 0.0 , 0.0604032243166 , 4707 , 3.17083291204 , 0.684138833118 , 0.00362355572376
0 , 16 , fluid , 2 , 448 , 24.3541181838 , 300 , 1 , 8000 , 0.0 , 0.0 , 0.915306805515 , 40 , 10 , 0.05 , 8 , 7 , 1 , 5003 , 0 , 123.5 , 146.920396653 , 0.0 , -0.0 , 1 , 7 , 0.1432 , 0.0713785867427 , 0.0 , 0.00239688287767 , 4997 , 2.04124145232 , 0.723935732354 , 0.00235397177111
0 , 16 , fluid , 2 , 0 , 0 , 300 , 1 , 8000 , 0.0 , 0.0 , 0.915306805515 , 40 , 5 , 0.025 , 8 , 7 , 1 , 0 , 0 , nan , nan , 0.0 , -0.0 , 1 , 0 , 0 , 0 , 0 , 0 , 0 , 0 , 0 , 0
0 , 16 , fluid , 2 , 0 , 0 , 300 , 1 , 8000 , 0.0 , 0.0 , 0.915306805515 , 40 , 5 , 0.01 , 8 , 7 , 1 , 0 , 0 , nan , nan , 0.0 , -0.0 , 1 , 0 , 0 , 0 , 0 , 0 , 0 , 0 , 0 , 0
0 , 17 , fluid , 2 , 0 , 0 , 300 , 16 , 2000 , 0.0 , 0.0 , 0.957714391205 , 10 , 50 , 1.0 , 7 , 5 , 1 , 0 , 0 , 6.0 , 8.03708987161 , 335.028571429 , 2.7681267504 , 16 , 0 , 0 , 0 , 0 , 0 , 0 , 0 , 0 , 0
0 , 17 , fluid , 2 , 0 , 0 , 300 , 16 , 2000 , 0.0 , 0.0 , 0.957714391205 , 10 , 40 , 0.75 , 7 , 5 , 1 , 0 , 0 , 8.0 , 11.1978021978 , 326.971428571 , 2.76538513734 , 16 , 0 , 0 , 0 , 0 , 0 , 0 , 0 , 0 , 0
0 , 17 , fluid , 2 , 0 , 0 , 300 , 16 , 2000 , 0.0 , 0.0 , 0.957714391205 , 10 , 40 , 0.5 , 7 , 5 , 1 , 0 , 0 , 11.0 , 15.3018617021 , 324.942857143 , 2.76969182118 , 16 , 0 , 0 , 0 , 0 , 0 , 0 , 0 , 0 , 0
0 , 17 , fluid , 2 , 0 , 0 , 300 , 16 , 2000 , 0.0 , 0.0 , 0.957714391205 , 10 , 20 , 0.25 , 7 , 5 , 1 , 0 , 0 , nan , nan , 30.4571428571 , 2.70507807118 , 16 , 0 , 0 , 0 , 0 , 0 , 0 , 0 , 0 , 0
0 , 17 , fluid , 2 , 363 , 63.2881774743 , 300 , 16 , 2000 , 0.0 , 0.0 , 0.957714391205 , 10 , 20 , 0.1 , 7 , 5 , 1 , 1906 , 0 , 54.0 , 201.342350919 , 191.114285714 , 2.76055791144 , 16 , 18 , 0.0579 , 0.210708066511 , 0.0 , 0.0404615017028 , 1867 , 3.88043554122 , 0.960990041637 , 0.0168145309214
0 , 17 , fluid , 2 , 353 , 32.6698350384 , 300 , 16 , 2000 , 0.0 , 0.0 , 0.957714391205 , 10 , 10 , 0.075 , 7 , 5 , 1 , 3417 , 0 , 72.0 , 87.8914768865 , 165.028571429 , 2.76720621234 , 16 , 6 , 0.1673 , 0.0708812431852 , 0.0 , 0.00350808405253 , 3411 , 1.78885404971 , 0.964612165462 , 0.00337166631157
0 , 17 , fluid , 2 , 0 , 0 , 300 , 16 , 2000 , 0.0 , 0.0 , 0.957714391205 , 10 , 10 , 0.05 , 7 , 5 , 1 , 0 , 0 , nan , nan , 6.51428571429 , 2.62036989591 , 15 , 0 , 0 , 0 , 0 , 0 , 0 , 0 , 0 , 0
0 , 17 , fluid , 2 , 0 , 0 , 300 , 16 , 2000 , 0.0 , 0.0 , 0.957714391205 , 10 , 5 , 0.025 , 7 , 5 , 1 , 0 , 0 , nan , nan , 2.02857142857 , 2.20559835903 , 10 , 0 , 0 , 0 , 0 , 0 , 0 , 0 , 0 , 0
0 , 17 , fluid , 2 , 0 , 0 , 300 , 16 , 2000 , 0.0 , 0.0 , 0.957714391205 , 10 , 5 , 0.01 , 7 , 5 , 1 , 0 , 0 , nan , nan , 1.71428571429 , 2.04319187055 , 8 , 0 , 0 , 0 , 0 , 0 , 0 , 0 , 0 , 0
0 , 18 , fluid , 2 , 0 , 0 , 200 , 16 , 2000 , 0.0 , 0.0 , 0.997103186041 , 20 , 50 , 1.0 , 7 , 8 , 1 , 0 , 0 , 6.0 , 7.06269592476 , 136.035714286 , 2.76722687449 , 16 , 0 , 0 , 0 , 0 , 0 , 0 , 0 , 0 , 0
0 , 18 , fluid , 2 , 0 , 0 , 200 , 16 , 2000 , 0.0 , 0.0 , 0.997103186041 , 20 , 40 , 0.75 , 7 , 8 , 1 , 0 , 0 , 8.0 , 11.1673640167 , 133.267857143 , 2.75712030699 , 16 , 0 , 0 , 0 , 0 , 0 , 0 , 0 , 0 , 0
0 , 18 , fluid , 2 , 0 , 0 , 200 , 16 , 2000 , 0.0 , 0.0 , 0.997103186041 , 20 , 40 , 0.5 , 7 , 8 , 1 , 0 , 0 , 11.0 , 16.1759717314 , 131.678571429 , 2.76763781274 , 16 , 0 , 0 , 0 , 0 , 0 , 0 , 0 , 0 , 0
0 , 18 , fluid , 2 , 0 , 0 , 200 , 16 , 2000 , 0.0 , 0.0 , 0.997103186041 , 20 , 20 , 0.25 , 7 , 8 , 1 , 0 , 0 , nan , nan , 14.5714285714 , 2.70854474481 , 16 , 0 , 0 , 0 , 0 , 0 , 0 , 0 , 0 , 0
0 , 18 , fluid , 2 , 197 , 26.8122463127 , 200 , 16 , 2000 , 0.0 , 0.0 , 0.997103186041 , 20 , 20 , 0.1 , 7 , 8 , 1 , 1301 , 0 , 54.0 , 101.129455321 , 99.6607142857 , 2.76403281665 , 16 , 9 , 0.1171 , 0.128253109053 , 0.0 , 0.0513044716386 , 1267 , 2.47377256652 , 0.870091128244 , 0.00733757344552
0 , 18 , fluid , 2 , 256 , 19.2421719786 , 200 , 16 , 2000 , 0.0 , 0.0 , 0.997103186041 , 20 , 10 , 0.075 , 7 , 8 , 1 , 2229 , 0 , 72.0 , 114.478213693 , 82.5357142857 , 2.75764829874 , 16 , 4 , 0.4901 , 0.0517465518945 , 0.0 , 0.489870766303 , 1279 , 0.124432354375 , 0.749856481873 , 0.00378302734577
0 , 18 , fluid , 2 , 0 , 0 , 200 , 16 , 2000 , 0.0 , 0.0 , 0.997103186041 , 20 , 10 , 0.05 , 7 , 8 , 1 , 0 , 0 , nan , nan , 1.94642857143 , 1.93380999892 , 8 , 0 , 0 , 0 , 0 , 0 , 0 , 0 , 0 , 0
0 , 18 , fluid , 2 , 0 , 0 , 200 , 16 , 2000 , 0.0 , 0.0 , 0.997103186041 , 20 , 5 , 0.025 , 7 , 8 , 1 , 0 , 0 , nan , nan , 0.196428571429 , 1.33217904021 , 4 , 0 , 0 , 0 , 0 , 0 , 0 , 0 , 0 , 0
0 , 18 , fluid , 2 , 81 , 7.07730902258 , 200 , 16 , 2000 , 0.0 , 0.0 , 0.997103186041 , 20 , 5 , 0.01 , 7 , 8 , 1 , 929 , 0 , 537.8 , 574.701471577 , 34.8928571429 , 2.75300079904 , 16 , 1 , 1.0 , 1.0 , 0.0 , 0.0 , 929 , 0.0 , 0.846969098531 , 0.00457760620167
0 , 19 , fluid , 2 , 0 , 0 , 300 , 16 , 1000 , 0.0 , 0.0 , 0.961915855723 , 80 , 50 , 1.0 , 8 , 6 , 1 , 0 , 0 , 7.0 , 7.91782945736 , 273.666666667 , 2.76938397883 , 16 , 0 , 0 , 0 , 0 , 0 , 0 , 0 , 0 , 0
0 , 19 , fluid , 2 , 0 , 0 , 300 , 16 , 1000 , 0.0 , 0.0 , 0.961915855723 , 80 , 40 , 0.75 , 8 , 6 , 1 , 0 , 0 , 9.0 , 11.4073450135 , 269.520833333 , 2.76909837785 , 16 , 0 , 0 , 0 , 0 , 0 , 0 , 0 , 0 , 0
0 , 19 , fluid , 2 , 1 , 0.475611610611 , 300 , 16 , 1000 , 0.0 , 0.0 , 0.961915855723 , 80 , 40 , 0.5 , 8 , 6 , 1 , 6 , 0 , 13.0 , 17.6146108387 , 265.145833333 , 2.77068640041 , 16 , 1 , 1.0 , 1.0 , 0.0 , 0.0 , 6 , 0.0 , 0.773521857653 , 0.00921932551159
0 , 19 , fluid , 2 , 594 , 127.342787009 , 300 , 16 , 1000 , 0.0 , 0.0 , 0.961915855723 , 80 , 20 , 0.25 , 8 , 6 , 1 , 2197 , 0 , 25.0 , 47.8373662025 , 202.4375 , 2.7652860433 , 16 , 16 , 0.064 , 0.189308142316 , 0.0 , 0.0235169860668 , 2171 , 3.61476910375 , 0.908784782189 , 0.00576986168245
0 , 19 , fluid , 2 , 435 , 70.9857018144 , 300 , 16 , 1000 , 0.0 , 0.0 , 0.961915855723 , 80 , 20 , 0.1 , 8 , 6 , 1 , 2919 , 0 , 62.0 , 110.270470681 , 164.791666667 , 2.7631937044 , 16 , 6 , 0.1677 , 0.0799168001042 , 0.0 , 0.00615475905871 , 2910 , 1.7888527831 , 0.969209620366 , 0.00558404967503
0 , 19 , fluid , 2 , 351 , 44.5641343304 , 300 , 16 , 1000 , 0.0 , 0.0 , 0.961915855723 , 80 , 10 , 0.075 , 8 , 6 , 1 , 2494 , 0 , 82.6 , 103.086066339 , 180.083333333 , 2.7657659061 , 16 , 11 , 0.185 , 0.0942240940587 , 0.0 , 0.50868194332 , 1306 , 1.66596625679 , 0.489576447553 , 0.00581410125399
0 , 19 , fluid , 2 , 608 , 33.2411175475 , 300 , 16 , 1000 , 0.0 , 0.0 , 0.961915855723 , 80 , 10 , 0.05 , 8 , 6 , 1 , 7184 , 0 , 123.4 , 204.486398864 , 140.8125 , 2.76555723157 , 16 , 10 , 0.1015 , 0.089281390529 , 0.0 , 0.0144058142693 , 7132 , 2.66659569721 , 0.818938885191 , 0.00223622455014
0 , 19 , fluid , 2 , 583 , 23.7616249012 , 300 , 16 , 1000 , 0.0 , 0.0 , 0.961915855723 , 80 , 5 , 0.025 , 8 , 6 , 1 , 10034 , 0 , 246.4 , 346.821498176 , 11.1041666667 , 2.6565680041 , 16 , 5 , 0.2002 , 0.0467889582772 , 0.0 , 0.000797090569759 , 10030 , 1.5 , 0.818368351486 , 0.00212636362214
0 , 19 , fluid , 2 , 405 , 19.727000316 , 300 , 16 , 1000 , 0.0 , 0.0 , 0.961915855723 , 80 , 5 , 0.01 , 8 , 6 , 1 , 5553 , 0 , 616.2 , 550.320764777 , 25.7708333333 , 2.73976025028 , 16 , 6 , 0.1836 , 0.0557446381229 , 0.0 , 0.0922774557334 , 5284 , 1.77932926745 , 0.798950877902 , 0.00216161605422
0 , 20 , fluid , 2 , 0 , 0 , 300 , 4 , 4000 , 0.0 , 0.0 , 0.977814820563 , 10 , 50 , 1.0 , 6 , 9 , 1 , 0 , 0 , 5.0 , 5.64179104478 , 37.8333333333 , 1.3851791268 , 4 , 0 , 0 , 0 , 0 , 0 , 0 , 0 , 0 , 0
0 , 20 , fluid , 2 , 0 , 0 , 300 , 4 , 4000 , 0.0 , 0.0 , 0.977814820563 , 10 , 40 , 0.75 , 6 , 9 , 1 , 0 , 0 , 7.0 , 9.51282051282 , 36.4444444444 , 1.38576355181 , 4 , 0 , 0 , 0 , 0 , 0 , 0 , 0 , 0 , 0
0 , 20 , fluid , 2 , 29 , 7.90168872482 , 300 , 4 , 4000 , 0.0 , 0.0 , 0.977814820563 , 10 , 40 , 0.5 , 6 , 9 , 1 , 90 , 0 , 10.0 , 22.0319035113 , 34.1666666667 , 1.38496882122 , 4 , 3 , 0.3728 , 0.179878531488 , 0.0 , 0.105925925926 , 85 , 0.703955526253 , 0.967049919856 , 0.0059955317007
0 , 20 , fluid , 2 , 0 , 0 , 300 , 4 , 4000 , 0.0 , 0.0 , 0.977814820563 , 10 , 20 , 0.25 , 6 , 9 , 1 , 0 , 0 , 19.0 , 15.3953488372 , 34.3333333333 , 1.38590283967 , 4 , 0 , 0 , 0 , 0 , 0 , 0 , 0 , 0 , 0
0 , 20 , fluid , 2 , 471 , 64.4918010282 , 300 , 4 , 4000 , 0.0 , 0.0 , 0.977814820563 , 10 , 20 , 0.1 , 6 , 9 , 1 , 3209 , 0 , 46.0 , 107.765466669 , 19.037037037 , 1.38622265151 , 4 , 8 , 0.1258 , 0.0925122907965 , 0.0 , 0.00622101228422 , 3199 , 2.26778495541 , 0.978385250968 , 0.00279873727007
0 , 20 , fluid , 2 , 246 , 30.4182018923 , 300 , 4 , 4000 , 0.0 , 0.0 , 0.977814820563 , 10 , 10 , 0.075 , 6 , 9 , 1 , 1821 , 0 , 61.3 , 113.965136357 , 28.8888888889 , 1.38388145342 , 4 , 7 , 0.1446 , 0.100280401581 , 0.0 , 0.0120366424902 , 1810 , 2.04123100471 , 0.762238250404 , 0.00350877526981
0 , 20 , fluid , 2 , 0 , 0 , 300 , 4 , 4000 , 0.0 , 0.0 , 0.977814820563 , 10 , 10 , 0.05 , 6 , 9 , 1 , 0 , 0 , nan , nan , 0.722222222222 , 1.27105728571 , 4 , 0 , 0 , 0 , 0 , 0 , 0 , 0 , 0 , 0
0 , 20 , fluid , 2 , 0 , 0 , 300 , 4 , 4000 , 0.0 , 0.0 , 0.977814820563 , 10 , 5 , 0.025 , 6 , 9 , 1 , 0 , 0 , nan , nan , 0.537037037037 , 0.983961446001 , 3 , 0 , 0 , 0 , 0 , 0 , 0 , 0 , 0 , 0
0 , 20 , fluid , 2 , 0 , 0 , 300 , 4 , 4000 , 0.0 , 0.0 , 0.977814820563 , 10 , 5 , 0.01 , 6 , 9 , 1 , 0 , 0 , nan , nan , 0.111111111111 , 0.69314718056 , 2 , 0 , 0 , 0 , 0 , 0 , 0 , 0 , 0 , 0
0 , 21 , fluid , 2 , 0 , 0 , 100 , 16 , 500 , 0.0 , 0.0 , 0.960032757079 , 80 , 50 , 1.0 , 10 , 9 , 1 , 0 , 0 , 8.0 , 10.3298043728 , 58.1777777778 , 2.75621460744 , 16 , 0 , 0 , 0 , 0 , 0 , 0 , 0 , 0 , 0
0 , 21 , fluid , 2 , 0 , 0 , 100 , 16 , 500 , 0.0 , 0.0 , 0.960032757079 , 80 , 40 , 0.75 , 10 , 9 , 1 , 0 , 0 , 11.0 , 14.1665749404 , 59.1555555556 , 2.76714386126 , 16 , 0 , 0 , 0 , 0 , 0 , 0 , 0 , 0 , 0
0 , 21 , fluid , 2 , 0 , 0 , 100 , 16 , 500 , 0.0 , 0.0 , 0.960032757079 , 80 , 40 , 0.5 , 10 , 9 , 1 , 0 , 0 , 16.0 , 20.5346880907 , 59.9444444444 , 2.75384851032 , 16 , 0 , 0 , 0 , 0 , 0 , 0 , 0 , 0 , 0
0 , 21 , fluid , 2 , 0 , 0 , 100 , 16 , 500 , 0.0 , 0.0 , 0.960032757079 , 80 , 20 , 0.25 , 10 , 9 , 1 , 0 , 0 , 31.6923076923 , 32.7625231911 , 54.8666666667 , 2.76485687369 , 16 , 0 , 0 , 0 , 0 , 0 , 0 , 0 , 0 , 0
0 , 21 , fluid , 2 , 172 , 14.1194060278 , 100 , 16 , 500 , 0.0 , 0.0 , 0.960032757079 , 80 , 20 , 0.1 , 10 , 9 , 1 , 1207 , 0 , 78.0 , 119.887321498 , 47.6444444444 , 2.7504644566 , 16 , 2 , 0.5008 , 0.0504795994859 , 0.0 , 0.00165562800263 , 1206 , 0.0 , 0.808892387695 , 0.00109483463807
0 , 21 , fluid , 2 , 212 , 26.006806215 , 100 , 16 , 500 , 0.0 , 0.0 , 0.960032757079 , 80 , 10 , 0.075 , 10 , 9 , 1 , 1343 , 0 , 103.7 , 121.364893042 , 44.9 , 2.75418803612 , 16 , 4 , 0.2511 , 0.0652585904966 , 0.0 , 0.00446095664955 , 1340 , 1.15470053838 , 0.992372801689 , 0.00659219370949
0 , 21 , fluid , 2 , 16 , 2.73659883334 , 100 , 16 , 500 , 0.0 , 0.0 , 0.960032757079 , 80 , 10 , 0.05 , 10 , 9 , 1 , 173 , 0 , 155.4 , 190.048038371 , 51.3222222222 , 2.76122559756 , 16 , 2 , 0.5117 , 0.126968893352 , 0.0 , 0.0228540880083 , 171 , 0.0 , 0.227712042421 , 0.00668422927458
0 , 21 , fluid , 2 , 53 , 2.9656514558 , 100 , 16 , 500 , 0.0 , 0.0 , 0.960032757079 , 80 , 5 , 0.025 , 10 , 9 , 1 , 593 , 0 , 309.8 , 272.607000086 , 31.4666666667 , 2.74423910744 , 16 , 1 , 1.0 , 1.0 , 0.0 , 0.0 , 593 , 0.0 , 0.854374204361 , 0.00362464864614
0 , 21 , fluid , 2 , 0 , 0 , 100 , 16 , 500 , 0.0 , 0.0 , 0.960032757079 , 80 , 5 , 0.01 , 10 , 9 , 1 , 0 , 0 , nan , nan , 0 , 0 , 0 , 0 , 0 , 0 , 0 , 0 , 0 , 0 , 0 , 0
0 , 22 , fluid , 2 , 0 , 0 , 200 , 4 , 2000 , 0.0 , 0.0 , 0.990991066021 , 40 , 50 , 1.0 , 6 , 6 , 1 , 0 , 0 , 5.0 , 6.18998527246 , 36.5555555556 , 1.38574718654 , 4 , 0 , 0 , 0 , 0 , 0 , 0 , 0 , 0 , 0
0 , 22 , fluid , 2 , 0 , 0 , 200 , 4 , 2000 , 0.0 , 0.0 , 0.990991066021 , 40 , 40 , 0.75 , 6 , 6 , 1 , 0 , 0 , 7.0 , 9.22041763341 , 37.5277777778 , 1.38582807755 , 4 , 0 , 0 , 0 , 0 , 0 , 0 , 0 , 0 , 0
0 , 22 , fluid , 2 , 0 , 0 , 200 , 4 , 2000 , 0.0 , 0.0 , 0.990991066021 , 40 , 40 , 0.5 , 6 , 6 , 1 , 0 , 0 , 10.0 , 13.5121278942 , 35.1111111111 , 1.38566564409 , 4 , 0 , 0 , 0 , 0 , 0 , 0 , 0 , 0 , 0
0 , 22 , fluid , 2 , 123 , 30.9016735723 , 200 , 4 , 2000 , 0.0 , 0.0 , 0.990991066021 , 40 , 20 , 0.25 , 6 , 6 , 1 , 465 , 0 , 19.0 , 41.1348571429 , 30.9722222222 , 1.38566774071 , 4 , 4 , 0.309 , 0.147158648716 , 0.0 , 0.191013990057 , 416 , 1.12490762949 , 0.474948171006 , 0.00301519959145
0 , 22 , fluid , 2 , 245 , 36.7428445034 , 200 , 4 , 2000 , 0.0 , 0.0 , 0.990991066021 , 40 , 20 , 0.1 , 6 , 6 , 1 , 1698 , 0 , 46.0 , 80.7022078621 , 24.2777777778 , 1.38201082312 , 4 , 13 , 0.0786 , 0.163847487349 , 0.0 , 0.0210765523355 , 1680 , 3.17540701276 , 0.510903620884 , 0.00288707990865
0 , 22 , fluid , 2 , 299 , 33.190850825 , 200 , 4 , 2000 , 0.0 , 0.0 , 0.990991066021 , 40 , 10 , 0.075 , 6 , 6 , 1 , 2835 , 0 , 61.6 , 95.9510404573 , 20.5833333333 , 1.38049391368 , 4 , 7 , 0.1436 , 0.083636951442 , 0.0 , 0.00493105518385 , 2828 , 2.04124093087 , 0.425690960777 , 0.00184096647736
0 , 22 , fluid , 2 , 326 , 30.6074861969 , 200 , 4 , 2000 , 0.0 , 0.0 , 0.990991066021 , 40 , 10 , 0.05 , 6 , 6 , 1 , 3387 , 0 , 92.0 , 182.746668612 , 18.8888888889 , 1.38548127152 , 4 , 8 , 0.1257 , 0.0908643694476 , 0.0 , 0.00530624352704 , 3378 , 2.26778618867 , 0.508845914514 , 0.00273115017923
0 , 22 , fluid , 2 , 297 , 16.9822820844 , 200 , 4 , 2000 , 0.0 , 0.0 , 0.990991066021 , 40 , 5 , 0.025 , 6 , 6 , 1 , 4336 , 0 , 183.2 , 207.991771549 , 8.69444444444 , 1.3847699397 , 4 , 6 , 0.1671 , 0.066891566056 , 0.0 , 0.00276518736128 , 4330 , 1.78885417582 , 0.425037770568 , 0.0017860265544
0 , 22 , fluid , 2 , 0 , 0 , 200 , 4 , 2000 , 0.0 , 0.0 , 0.990991066021 , 40 , 5 , 0.01 , 6 , 6 , 1 , 0 , 0 , nan , nan , 0.25 , 1.05492016799 , 3 , 0 , 0 , 0 , 0 , 0 , 0 , 0 , 0 , 0
0 , 23 , fluid , 2 , 1 , 0.200742350308 , 400 , 2 , 8000 , 0.0 , 0.0 , 0.953606442448 , 160 , 50 , 1.0 , 10 , 9 , 1 , 4 , 0 , 8.0 , 10.263497847 , 16.1666666667 , 0.693115445691 , 2 , 1 , 1.0 , 1.0 , 0.0 , 0.0 , 4 , 0.0 , 0.828103898628 , 0.00109420880472
0 , 23 , fluid , 2 , 369 , 105.649652044 , 400 , 2 , 8000 , 0.0 , 0.0 , 0.953606442448 , 160 , 40 , 0.75 , 10 , 9 , 1 , 1084 , 0 , 11.0 , 17.3202925947 , 14.8333333333 , 0.693146054997 , 2 , 18 , 0.0586 , 0.245737627745 , 0.0 , 0.0527362100189 , 1055 , 3.88048549924 , 0.636810532819 , 0.00831521776961
0 , 23 , fluid , 2 , 825 , 200.000088797 , 400 , 2 , 8000 , 0.0 , 0.0 , 0.953606442448 , 160 , 40 , 0.5 , 10 , 9 , 1 , 2420 , 0 , 16.0 , 27.350329404 , 14.2777777778 , 0.692988364192 , 2 , 31 , 0.0571 , 0.180632458857 , 0.0 , 0.434721672017 , 1737 , 4.69297913768 , 0.8956746022 , 0.00472500693998
0 , 23 , fluid , 2 , 446 , 102.019098185 , 400 , 2 , 8000 , 0.0 , 0.0 , 0.953606442448 , 160 , 20 , 0.25 , 10 , 9 , 1 , 1730 , 0 , 31.35 , 42.9175902212 , 14.1666666667 , 0.693083957943 , 2 , 13 , 0.1686 , 0.106927234497 , 0.0 , 0.543877175983 , 1056 , 2.41332751002 , 0.860562125728 , 0.00802218378633
0 , 23 , fluid , 2 , 267 , 31.1778642884 , 400 , 2 , 8000 , 0.0 , 0.0 , 0.953606442448 , 160 , 20 , 0.1 , 10 , 9 , 1 , 1751 , 0 , 78.0 , 106.74628312 , 12.8333333333 , 0.692761328461 , 2 , 7 , 0.2703 , 0.0707397135399 , 0.0 , 0.471414066727 , 1094 , 1.2099786692 , 0.841354380958 , 0.00398566808062
0 , 23 , fluid , 2 , 642 , 36.0657467167 , 400 , 2 , 8000 , 0.0 , 0.0 , 0.953606442448 , 160 , 10 , 0.075 , 10 , 9 , 1 , 6336 , 0 , 103.9 , 120.483426753 , 10.7777777778 , 0.691258449728 , 2 , 8 , 0.1281 , 0.0724539372676 , 0.0 , 0.0240541163689 , 6259 , 2.26734835835 , 0.423035343363 , 0.00375997802436
0 , 23 , fluid , 2 , 632 , 27.4324353746 , 400 , 2 , 8000 , 0.0 , 0.0 , 0.953606442448 , 160 , 10 , 0.05 , 10 , 9 , 1 , 9855 , 0 , 155.6 , 230.496479573 , 7.61111111111 , 0.692266683462 , 2 , 10 , 0.1002 , 0.0851633651807 , 0.0 , 0.00223096904095 , 9844 , 2.66666657747 , 0.954312785628 , 0.00164350018645
0 , 23 , fluid , 2 , 146 , 8.99391024303 , 400 , 2 , 8000 , 0.0 , 0.0 , 0.953606442448 , 160 , 5 , 0.025 , 10 , 9 , 1 , 1855 , 0 , 310.6 , 222.661568031 , 8.45555555556 , 0.692853699637 , 2 , 4 , 0.3326 , 0.0643995380712 , 0.0 , 0.248434114835 , 1586 , 1.06566833513 , 0.588949312847 , 0.0028314636026
0 , 23 , fluid , 2 , 260 , 9.4848161641 , 400 , 2 , 8000 , 0.0 , 0.0 , 0.953606442448 , 160 , 5 , 0.01 , 10 , 9 , 1 , 4283 , 0 , 775.0 , 734.918559047 , 7.17777777778 , 0.693116757818 , 2 , 2 , 0.5002 , 0.0363771381214 , 0.0 , 0.00046685338258 , 4282 , 0.0 , 0.848582245578 , 0.00169366574887
0 , 24 , fluid , 2 , 0 , 0 , 300 , 16 , 8000 , 0.0 , 0.0 , 0.917089750202 , 160 , 50 , 1.0 , 10 , 5 , 1 , 0 , 0 , 8.0 , 10.3022884513 , 312.56 , 2.76677580688 , 16 , 0 , 0 , 0 , 0 , 0 , 0 , 0 , 0 , 0
0 , 24 , fluid , 2 , 29 , 7.92722724968 , 300 , 16 , 8000 , 0.0 , 0.0 , 0.917089750202 , 160 , 40 , 0.75 , 10 , 5 , 1 , 93 , 0 , 11.0 , 14.2670280036 , 317.42 , 2.77081524657 , 16 , 1 , 1.0 , 1.0 , 0.0 , 0.0 , 93 , 0.0 , 0.9400703164 , 0.00653846074053
0 , 24 , fluid , 2 , 40 , 11.6630595659 , 300 , 16 , 8000 , 0.0 , 0.0 , 0.917089750202 , 160 , 40 , 0.5 , 10 , 5 , 1 , 131 , 0 , 16.0 , 22.8064508382 , 319.68 , 2.76775024695 , 16 , 3 , 0.5035 , 0.32702097389 , 0.0 , 0.337975642445 , 104 , 0.606652078192 , 0.916975225323 , 0.00726454700689
0 , 24 , fluid , 2 , 508 , 96.6498753443 , 300 , 16 , 8000 , 0.0 , 0.0 , 0.917089750202 , 160 , 20 , 0.25 , 10 , 5 , 1 , 2116 , 0 , 31.35 , 51.0554013825 , 274.54 , 2.77085198875 , 16 , 17 , 0.06 , 0.194086060725 , 0.0 , 0.0188080016867 , 2096 , 3.74999536984 , 0.769535933475 , 0.00324557242082
0 , 24 , fluid , 2 , 569 , 66.9353479339 , 300 , 16 , 8000 , 0.0 , 0.0 , 0.917089750202 , 160 , 20 , 0.1 , 10 , 5 , 1 , 4190 , 0 , 78.0 , 115.589594226 , 244.5 , 2.76593271934 , 16 , 10 , 0.1006 , 0.104956075609 , 0.0 , 0.00571869606575 , 4178 , 2.66666602976 , 0.825127337355 , 0.00129907293118
0 , 24 , fluid , 2 , 446 , 48.5891372504 , 300 , 16 , 8000 , 0.0 , 0.0 , 0.917089750202 , 160 , 10 , 0.075 , 10 , 5 , 1 , 3496 , 0 , 103.7 , 134.950304677 , 241.34 , 2.76520714246 , 16 , 11 , 0.0917 , 0.120155325845 , 0.0 , 0.00912959040473 , 3480 , 2.8460459106 , 0.659168268603 , 0.00427285419177
0 , 24 , fluid , 2 , 610 , 19.4482890011 , 300 , 16 , 8000 , 0.0 , 0.0 , 0.917089750202 , 160 , 10 , 0.05 , 10 , 5 , 1 , 8300 , 0 , 155.6 , 195.030755463 , 82.98 , 2.7594533544 , 16 , 12 , 0.0837 , 0.104605335469 , 0.0 , 0.00409168239222 , 8283 , 3.01511269243 , 0.769228086309 , 0.00305731052475
0 , 24 , fluid , 2 , 669 , 38.7335992166 , 300 , 16 , 8000 , 0.0 , 0.0 , 0.917089750202 , 160 , 5 , 0.025 , 10 , 5 , 1 , 10519 , 0 , 309.8 , 236.779093251 , 124.2 , 2.75437199739 , 16 , 12 , 0.0836 , 0.100219808003 , 0.0 , 0.00284974081323 , 10504 , 3.01511330915 , 0.824998850044 , 0.00124156980249
0 , 24 , fluid , 2 , 257 , 10.754558235 , 300 , 16 , 8000 , 0.0 , 0.0 , 0.917089750202 , 160 , 5 , 0.01 , 10 , 5 , 1 , 4360 , 0 , 773.8 , 576.807165079 , 24.98 , 2.69562104087 , 16 , 5 , 0.2006 , 0.0593826554674 , 0.0 , 0.002749768538 , 4354 , 1.4999992578 , 0.640220881133 , 0.00210199044472
0 , 25 , fluid , 2 , 0 , 0 , 400 , 16 , 4000 , 0.0 , 0.0 , 0.965457513045 , 10 , 50 , 1.0 , 8 , 10 , 1 , 0 , 0 , 7.0 , 7.34972677596 , 214.85 , 2.76895430647 , 16 , 0 , 0 , 0 , 0 , 0 , 0 , 0 , 0 , 0
0 , 25 , fluid , 2 , 0 , 0 , 400 , 16 , 4000 , 0.0 , 0.0 , 0.965457513045 , 10 , 40 , 0.75 , 8 , 10 , 1 , 0 , 0 , 9.0 , 8.02083333333 , 214.4625 , 2.76804902343 , 16 , 0 , 0 , 0 , 0 , 0 , 0 , 0 , 0 , 0
0 , 25 , fluid , 2 , 0 , 0 , 400 , 16 , 4000 , 0.0 , 0.0 , 0.965457513045 , 10 , 40 , 0.5 , 8 , 10 , 1 , 0 , 0 , 13.0 , 16.4267990074 , 212.95 , 2.7713792709 , 16 , 0 , 0 , 0 , 0 , 0 , 0 , 0 , 0 , 0
0 , 25 , fluid , 2 , 0 , 0 , 400 , 16 , 4000 , 0.0 , 0.0 , 0.965457513045 , 10 , 20 , 0.25 , 8 , 10 , 1 , 0 , 0 , nan , nan , 18.775 , 2.75087143992 , 16 , 0 , 0 , 0 , 0 , 0 , 0 , 0 , 0 , 0
0 , 25 , fluid , 2 , 638 , 74.7507628327 , 400 , 16 , 4000 , 0.0 , 0.0 , 0.965457513045 , 10 , 20 , 0.1 , 8 , 10 , 1 , 3866 , 0 , 62.0 , 118.621430501 , 155.25 , 2.76407966264 , 16 , 15 , 0.1083 , 0.106059592415 , 0.0 , 0.384518728678 , 2873 , 2.97303262698 , 0.788243358303 , 0.00886897112516
0 , 25 , fluid , 2 , 0 , 0 , 400 , 16 , 4000 , 0.0 , 0.0 , 0.965457513045 , 10 , 10 , 0.075 , 8 , 10 , 1 , 0 , 0 , nan , nan , 6.2625 , 2.68356361156 , 16 , 0 , 0 , 0 , 0 , 0 , 0 , 0 , 0 , 0
0 , 25 , fluid , 2 , 0 , 0 , 400 , 16 , 4000 , 0.0 , 0.0 , 0.965457513045 , 10 , 10 , 0.05 , 8 , 10 , 1 , 0 , 0 , nan , nan , 3.275 , 2.56149853812 , 15 , 0 , 0 , 0 , 0 , 0 , 0 , 0 , 0 , 0
0 , 25 , fluid , 2 , 0 , 0 , 400 , 16 , 4000 , 0.0 , 0.0 , 0.965457513045 , 10 , 5 , 0.025 , 8 , 10 , 1 , 0 , 0 , nan , nan , 1.175 , 2.08376603749 , 9 , 0 , 0 , 0 , 0 , 0 , 0 , 0 , 0 , 0
0 , 25 , fluid , 2 , 0 , 0 , 400 , 16 , 4000 , 0.0 , 0.0 , 0.965457513045 , 10 , 5 , 0.01 , 8 , 10 , 1 , 0 , 0 , nan , nan , 0.55 , 1.56071040904 , 5 , 0 , 0 , 0 , 0 , 0 , 0 , 0 , 0 , 0
0 , 26 , fluid , 2 , 8 , 2.62515165852 , 100 , 2 , 500 , 0.0 , 0.0 , 0.969170513704 , 80 , 50 , 1.0 , 6 , 5 , 1 , 25 , 0 , 5.0 , 8.03023016146 , 7.13333333333 , 0.692332545201 , 2 , 1 , 1.0 , 1.0 , 0.0 , 0.0 , 25 , 0.0 , 0.825928889153 , 0.00117472573357
0 , 26 , fluid , 2 , 0 , 0 , 100 , 2 , 500 , 0.0 , 0.0 , 0.969170513704 , 80 , 40 , 0.75 , 6 , 5 , 1 , 0 , 0 , 7.0 , 9.00114722753 , 7.56666666667 , 0.693085175618 , 2 , 0 , 0 , 0 , 0 , 0 , 0 , 0 , 0 , 0
0 , 26 , fluid , 2 , 186 , 52.8146585549 , 100 , 2 , 500 , 0.0 , 0.0 , 0.969170513704 , 80 , 40 , 0.5 , 6 , 5 , 1 , 547 , 0 , 10.0 , 22.8461797186 , 6.2 , 0.693021198953 , 2 , 6 , 0.1723 , 0.130414874143 , 0.0 , 0.0325725496225 , 538 , 1.78880736039 , 0.943761406744 , 0.0024194933695
0 , 26 , fluid , 2 , 236 , 52.3277020737 , 100 , 2 , 500 , 0.0 , 0.0 , 0.969170513704 , 80 , 20 , 0.25 , 6 , 5 , 1 , 812 , 0 , 19.0 , 40.8656526208 , 4.7 , 0.693091777875 , 2 , 13 , 0.0848 , 0.175991683722 , 0.0 , 0.0928346963042 , 773 , 3.17058840036 , 0.808842641976 , 0.0083807895804
0 , 26 , fluid , 2 , 200 , 33.2659444621 , 100 , 2 , 500 , 0.0 , 0.0 , 0.969170513704 , 80 , 20 , 0.1 , 6 , 5 , 1 , 1136 , 0 , 46.0 , 126.591172291 , 4.6 , 0.691925037066 , 2 , 6 , 0.1687 , 0.0982563221151 , 0.0 , 0.0122774499107 , 1129 , 1.78884982417 , 0.839624317657 , 0.00399519713868
0 , 26 , fluid , 2 , 179 , 18.0140194912 , 100 , 2 , 500 , 0.0 , 0.0 , 0.969170513704 , 80 , 10 , 0.075 , 6 , 5 , 1 , 1611 , 0 , 61.4 , 125.240620484 , 4.8 , 0.692865625838 , 2 , 5 , 0.2015 , 0.0766920418139 , 0.0 , 0.00743029474967 , 1605 , 1.49999453307 , 0.461582426608 , 0.00139652783926
0 , 26 , fluid , 2 , 279 , 15.0729983412 , 100 , 2 , 500 , 0.0 , 0.0 , 0.969170513704 , 80 , 10 , 0.05 , 6 , 5 , 1 , 3204 , 0 , 91.6 , 151.402741221 , 1.33333333333 , 0.69314718056 , 2 , 6 , 0.1674 , 0.0742913137837 , 0.0 , 0.00436369332342 , 3197 , 1.78885381446 , 0.866424599269 , 0.00227220017521
0 , 26 , fluid , 2 , 143 , 4.19941569126 , 100 , 2 , 500 , 0.0 , 0.0 , 0.969170513704 , 80 , 5 , 0.025 , 6 , 5 , 1 , 1526 , 0 , 183.2 , 167.583613917 , 0.833333333333 , 0.652825793916 , 2 , 2 , 0.5007 , 0.0473109078924 , 0.0 , 0.00130975713238 , 1525 , 0.0 , 0.894092026268 , 0.00403728248598
0 , 26 , fluid , 2 , 0 , 0 , 100 , 2 , 500 , 0.0 , 0.0 , 0.969170513704 , 80 , 5 , 0.01 , 6 , 5 , 1 , 0 , 0 , nan , nan , 0.0333333333333 , -0.0 , 1 , 0 , 0 , 0 , 0 , 0 , 0 , 0 , 0 , 0
0 , 27 , fluid , 2 , 0 , 0 , 400 , 8 , 8000 , 0.0 , 0.0 , 0.964561466655 , 160 , 50 , 1.0 , 5 , 9 , 1 , 0 , 0 , 4.0 , 5.09795321637 , 112.355555556 , 2.07529603686 , 8 , 0 , 0 , 0 , 0 , 0 , 0 , 0 , 0 , 0
0 , 27 , fluid , 2 , 3 , 0.778112581676 , 400 , 8 , 8000 , 0.0 , 0.0 , 0.964561466655 , 160 , 40 , 0.75 , 5 , 9 , 1 , 9 , 0 , 6.0 , 7.79087931469 , 113.088888889 , 2.07782948327 , 8 , 1 , 1.0 , 1.0 , 0.0 , 0.0 , 9 , 0.0 , 0.997279337087 , 0.00390269053826
0 , 27 , fluid , 2 , 363 , 99.9893092105 , 400 , 8 , 8000 , 0.0 , 0.0 , 0.964561466655 , 160 , 40 , 0.5 , 5 , 9 , 1 , 1028 , 0 , 8.0 , 17.6320511001 , 100.2 , 2.0771477193 , 8 , 14 , 0.146 , 0.127552940538 , 0.0 , 0.510900997744 , 688 , 2.92305718457 , 0.886955156297 , 0.00389899099928
0 , 27 , fluid , 2 , 493 , 105.737103903 , 400 , 8 , 8000 , 0.0 , 0.0 , 0.964561466655 , 160 , 20 , 0.25 , 5 , 9 , 1 , 2092 , 0 , 16.0 , 34.244979786 , 79.3777777778 , 2.07860973649 , 8 , 21 , 0.0725 , 0.148355285132 , 0.0 , 0.343587425831 , 1669 , 4.05992496934 , 0.96951665429 , 0.00429870955393
0 , 27 , fluid , 2 , 643 , 83.984079241 , 400 , 8 , 8000 , 0.0 , 0.0 , 0.964561466655 , 160 , 20 , 0.1 , 5 , 9 , 1 , 4269 , 0 , 38.0 , 113.684049202 , 50.8222222222 , 2.07599524936 , 8 , 20 , 0.0928 , 0.123051869607 , 0.0 , 0.461047715198 , 2762 , 3.09657942935 , 0.910469256954 , 0.0036359918892
0 , 27 , fluid , 2 , 475 , 48.5052958566 , 400 , 8 , 8000 , 0.0 , 0.0 , 0.964561466655 , 160 , 10 , 0.075 , 5 , 9 , 1 , 4044 , 0 , 51.0 , 97.4743688897 , 53.5111111111 , 2.07193025674 , 8 , 6 , 0.1671 , 0.0662358014446 , 0.0 , 0.00247096478793 , 4039 , 1.788854382 , 0.996954395818 , 0.00392387745759
0 , 27 , fluid , 2 , 653 , 44.3080607485 , 400 , 8 , 8000 , 0.0 , 0.0 , 0.964561466655 , 160 , 10 , 0.05 , 5 , 9 , 1 , 5868 , 0 , 76.0 , 159.43878208 , 46.8 , 2.07002364174 , 8 , 16 , 0.0629 , 0.145116234725 , 0.0 , 0.00646453283298 , 5849 , 3.61478388949 , 0.605363115409 , 0.00332794869821
0 , 27 , fluid , 2 , 892 , 36.20121989 , 400 , 8 , 8000 , 0.0 , 0.0 , 0.964561466655 , 160 , 5 , 0.025 , 5 , 9 , 1 , 13063 , 0 , 151.0 , 232.800769109 , 19.2888888889 , 2.07448305888 , 8 , 11 , 0.0911 , 0.0869471305461 , 0.0 , 0.00183631261311 , 13051 , 2.84604984023 , 0.724615420807 , 0.00162833604467
0 , 27 , fluid , 2 , 148 , 9.36360783917 , 400 , 8 , 8000 , 0.0 , 0.0 , 0.964561466655 , 160 , 5 , 0.01 , 5 , 9 , 1 , 1239 , 0 , 378.2 , 581.700479095 , 0.711111111111 , 1.60943791243 , 6 , 3 , 0.3371 , 0.0694219932095 , 0.0 , 0.0112434133857 , 1232 , 0.707067249911 , 0.767440766207 , 0.0092796510445
0 , 28 , fluid , 2 , 22 , 6.83212796948 , 100 , 1 , 2000 , 0.0 , 0.0 , 0.902610336497 , 160 , 50 , 1.0 , 6 , 6 , 1 , 60 , 0 , 5.0 , 7.55262300424 , 0.0 , -0.0 , 1 , 2 , 0.5169 , 0.150303194144 , 0.0 , 0.0327777777778 , 59 , 0.0 , 0.75043481965 , 0.00865316221519
0 , 28 , fluid , 2 , 202 , 55.1485184441 , 100 , 1 , 2000 , 0.0 , 0.0 , 0.902610336497 , 160 , 40 , 0.75 , 6 , 6 , 1 , 517 , 0 , 7.0 , 12.3064746915 , 0.0 , -0.0 , 1 , 7 , 0.1587 , 0.129159405056 , 0.0 , 0.100041528084 , 490 , 2.03443288959 , 0.866717232024 , 0.0101170105345
0 , 28 , fluid , 2 , 166 , 39.1729359063 , 100 , 1 , 2000 , 0.0 , 0.0 , 0.902610336497 , 160 , 40 , 0.5 , 6 , 6 , 1 , 483 , 0 , 10.0 , 22.5286147797 , 0.0 , -0.0 , 1 , 8 , 0.1309 , 0.162078249797 , 0.0 , 0.0449399671652 , 472 , 2.2676999189 , 0.733155605595 , 0.00857661769496
0 , 28 , fluid , 2 , 287 , 66.3113016314 , 100 , 1 , 2000 , 0.0 , 0.0 , 0.902610336497 , 160 , 20 , 0.25 , 6 , 6 , 1 , 1062 , 0 , 19.0 , 38.2939409715 , 0.0 , -0.0 , 1 , 11 , 0.0977 , 0.145191358266 , 0.0 , 0.0698465390604 , 1024 , 2.84414921055 , 0.860146949375 , 0.00649731079353
0 , 28 , fluid , 2 , 167 , 26.3377003387 , 100 , 1 , 2000 , 0.0 , 0.0 , 0.902610336497 , 160 , 20 , 0.1 , 6 , 6 , 1 , 908 , 0 , 46.0 , 115.233996758 , 0.0 , -0.0 , 1 , 6 , 0.1708 , 0.108689159987 , 0.0 , 0.0240398610491 , 897 , 1.78878926311 , 0.735474120118 , 0.00797001387559
0 , 28 , fluid , 2 , 119 , 9.86186261324 , 100 , 1 , 2000 , 0.0 , 0.0 , 0.902610336497 , 160 , 10 , 0.075 , 6 , 6 , 1 , 1397 , 0 , 61.3 , 87.6832318444 , 0.0 , -0.0 , 1 , 4 , 0.2518 , 0.0729380950808 , 0.0 , 0.00714077461213 , 1392 , 1.15469894518 , 0.978084201326 , 0.00128800745277
0 , 28 , fluid , 2 , 131 , 6.68394292035 , 100 , 1 , 2000 , 0.0 , 0.0 , 0.902610336497 , 160 , 10 , 0.05 , 6 , 6 , 1 , 1102 , 0 , 91.7 , 205.153716248 , 0.0 , -0.0 , 1 , 4 , 0.2518 , 0.0730693995841 , 0.0 , 0.00724141224831 , 1098 , 1.15469797861 , 0.734484803816 , 0.00796346310846
0 , 28 , fluid , 2 , 58 , 2.20694552998 , 100 , 1 , 2000 , 0.0 , 0.0 , 0.902610336497 , 160 , 5 , 0.025 , 6 , 6 , 1 , 537 , 0 , 183.6 , 241.530865937 , 0.0 , -0.0 , 1 , 1 , 1.0 , 1.0 , 0.0 , 0.0 , 537 , 0.0 , 0.734581432711 , 0.00783090516397
0 , 28 , fluid , 2 , 31 , 5.67468972142 , 100 , 1 , 2000 , 0.0 , 0.0 , 0.902610336497 , 160 , 5 , 0.01 , 6 , 6 , 1 , 302 , 0 , 457.4 , 573.174143638 , 0.0 , -0.0 , 1 , 1 , 1.0 , 1.0 , 0.0 , 0.0 , 302 , 0.0 , 0.734581432711 , 0.00783090516397
0 , 29 , fluid , 2 , 0 , 0 , 300 , 32 , 8000 , 0.0 , 0.0 , 0.970256448903 , 10 , 50 , 1.0 , 6 , 9 , 1 , 0 , 0 , 5.0 , 5.22602739726 , 385.925925926 , 3.45571575244 , 32 , 0 , 0 , 0 , 0 , 0 , 0 , 0 , 0 , 0
0 , 29 , fluid , 2 , 0 , 0 , 300 , 32 , 8000 , 0.0 , 0.0 , 0.970256448903 , 10 , 40 , 0.75 , 6 , 9 , 1 , 0 , 0 , 7.0 , 6.01785714286 , 376.148148148 , 3.45235653744 , 32 , 0 , 0 , 0 , 0 , 0 , 0 , 0 , 0 , 0
0 , 29 , fluid , 2 , 0 , 0 , 300 , 32 , 8000 , 0.0 , 0.0 , 0.970256448903 , 10 , 40 , 0.5 , 6 , 9 , 1 , 0 , 0 , 10.0 , 12.5807453416 , 369.5 , 3.45324602597 , 32 , 0 , 0 , 0 , 0 , 0 , 0 , 0 , 0 , 0
0 , 29 , fluid , 2 , 204 , 48.2083648689 , 300 , 32 , 8000 , 0.0 , 0.0 , 0.970256448903 , 10 , 20 , 0.25 , 6 , 9 , 1 , 752 , 0 , 19.0 , 43.7800005588 , 310.277777778 , 3.44805167213 , 32 , 5 , 0.2027 , 0.0941337055676 , 0.0 , 0.0132412856496 , 747 , 1.4999936814 , 0.658190054322 , 0.00586023553317
0 , 29 , fluid , 2 , 489 , 69.3617452255 , 300 , 32 , 8000 , 0.0 , 0.0 , 0.970256448903 , 10 , 20 , 0.1 , 6 , 9 , 1 , 3047 , 0 , 46.0 , 106.907853621 , 204.925925926 , 3.44310155257 , 32 , 7 , 0.1436 , 0.0826128775095 , 0.0 , 0.00524266526098 , 3039 , 2.04123964626 , 0.982671148986 , 0.00624545322069
0 , 29 , fluid , 2 , 480 , 48.9849125516 , 300 , 32 , 8000 , 0.0 , 0.0 , 0.970256448903 , 10 , 10 , 0.075 , 6 , 9 , 1 , 3699 , 0 , 61.3 , 113.002082534 , 188.555555556 , 3.43654499245 , 32 , 8 , 0.1257 , 0.0908877482098 , 0.0 , 0.00539838880049 , 3689 , 2.2677861846 , 0.768463526656 , 0.00409818218691
0 , 29 , fluid , 2 , 0 , 0 , 300 , 32 , 8000 , 0.0 , 0.0 , 0.970256448903 , 10 , 10 , 0.05 , 6 , 9 , 1 , 0 , 0 , nan , nan , 7.85185185185 , 2.9216576565 , 20 , 0 , 0 , 0 , 0 , 0 , 0 , 0 , 0 , 0
0 , 29 , fluid , 2 , 0 , 0 , 300 , 32 , 8000 , 0.0 , 0.0 , 0.970256448903 , 10 , 5 , 0.025 , 6 , 9 , 1 , 0 , 0 , nan , nan , 5.72222222222 , 2.51641030015 , 13 , 0 , 0 , 0 , 0 , 0 , 0 , 0 , 0 , 0
0 , 29 , fluid , 2 , 0 , 0 , 300 , 32 , 8000 , 0.0 , 0.0 , 0.970256448903 , 10 , 5 , 0.01 , 6 , 9 , 1 , 0 , 0 , nan , nan , 1.90740740741 , 1.56071040904 , 5 , 0 , 0 , 0 , 0 , 0 , 0 , 0 , 0 , 0
0 , 30 , fluid , 2 , 0 , 0 , 200 , 2 , 4000 , 0.0 , 0.0 , 0.967686723638 , 40 , 50 , 1.0 , 10 , 8 , 1 , 0 , 0 , 8.0 , 9.43047238856 , 8.525 , 0.691348582175 , 2 , 0 , 0 , 0 , 0 , 0 , 0 , 0 , 0 , 0
0 , 30 , fluid , 2 , 444 , 123.357641405 , 200 , 2 , 4000 , 0.0 , 0.0 , 0.967686723638 , 40 , 40 , 0.75 , 10 , 8 , 1 , 1164 , 0 , 11.0 , 18.2503931942 , 8.3875 , 0.693028485111 , 2 , 13 , 0.0794 , 0.181001308589 , 0.0 , 0.0306621320013 , 1146 , 3.17538462133 , 0.925660135343 , 0.00601289166598
0 , 30 , fluid , 2 , 581 , 149.187664841 , 200 , 2 , 4000 , 0.0 , 0.0 , 0.967686723638 , 40 , 40 , 0.5 , 10 , 8 , 1 , 1741 , 0 , 16.0 , 30.4334482404 , 8.05 , 0.692491718315 , 2 , 16 , 0.0826 , 0.150091047506 , 0.0 , 0.243545454575 , 1499 , 3.50194127994 , 0.93347705156 , 0.00645554748826
0 , 30 , fluid , 2 , 695 , 137.541645306 , 200 , 2 , 4000 , 0.0 , 0.0 , 0.967686723638 , 40 , 20 , 0.25 , 10 , 8 , 1 , 2939 , 0 , 31.55 , 55.0060560073 , 7.375 , 0.692998540615 , 2 , 15 , 0.0677 , 0.158457241372 , 0.0 , 0.0155830455742 , 2916 , 3.47437703246 , 0.984537297726 , 0.00896590024646
0 , 30 , fluid , 2 , 277 , 31.9747407222 , 200 , 2 , 4000 , 0.0 , 0.0 , 0.967686723638 , 40 , 20 , 0.1 , 10 , 8 , 1 , 1718 , 0 , 78.0 , 150.826814555 , 6.475 , 0.693001347864 , 2 , 5 , 0.2014 , 0.0753599894899 , 0.0 , 0.00696860333848 , 1712 , 1.49999519552 , 0.790921258017 , 0.00786220423957
0 , 30 , fluid , 2 , 293 , 31.2046048198 , 200 , 2 , 4000 , 0.0 , 0.0 , 0.967686723638 , 40 , 10 , 0.075 , 10 , 8 , 1 , 2075 , 0 , 103.7 , 154.779638378 , 5.8 , 0.693051749164 , 2 , 6 , 0.1675 , 0.0782287346538 , 0.0 , 0.00481230947888 , 2070 , 1.788854382 , 0.981266766147 , 0.00869056818001
0 , 30 , fluid , 2 , 964 , 68.6854148939 , 200 , 2 , 4000 , 0.0 , 0.0 , 0.967686723638 , 40 , 10 , 0.05 , 10 , 8 , 1 , 8727 , 0 , 155.7 , 186.20629415 , 2.5875 , 0.693045136273 , 2 , 14 , 0.0719 , 0.123465088396 , 0.0 , 0.0064053389125 , 8699 , 3.32819838398 , 0.928074800992 , 0.00556825504704
0 , 30 , fluid , 2 , 0 , 0 , 200 , 2 , 4000 , 0.0 , 0.0 , 0.967686723638 , 40 , 5 , 0.025 , 10 , 8 , 1 , 0 , 0 , nan , nan , 0.0375 , 0.69314718056 , 2 , 0 , 0 , 0 , 0 , 0 , 0 , 0 , 0 , 0
0 , 30 , fluid , 2 , 236 , 13.1696051914 , 200 , 2 , 4000 , 0.0 , 0.0 , 0.967686723638 , 40 , 5 , 0.01 , 10 , 8 , 1 , 3789 , 0 , 774.0 , 595.821089546 , 0.7375 , 0.687512162024 , 2 , 5 , 0.2005 , 0.0605640077153 , 0.0 , 0.00263698983897 , 3784 , 1.49999975433 , 0.42958654081 , 0.00189454625372
0 , 31 , fluid , 2 , 0 , 0 , 400 , 4 , 500 , 0.0 , 0.0 , 0.932295607938 , 20 , 50 , 1.0 , 7 , 10 , 1 , 0 , 0 , 6.0 , 7.13667425968 , 43.4 , 1.38571240591 , 4 , 0 , 0 , 0 , 0 , 0 , 0 , 0 , 0 , 0
0 , 31 , fluid , 2 , 0 , 0 , 400 , 4 , 500 , 0.0 , 0.0 , 0.932295607938 , 20 , 40 , 0.75 , 7 , 10 , 1 , 0 , 0 , 8.0 , 7.85253456221 , 43.2571428571 , 1.38574650476 , 4 , 0 , 0 , 0 , 0 , 0 , 0 , 0 , 0 , 0
0 , 31 , fluid , 2 , 2 , 0.814524500427 , 400 , 4 , 500 , 0.0 , 0.0 , 0.932295607938 , 20 , 40 , 0.5 , 7 , 10 , 1 , 7 , 0 , 11.0 , 18.8915234143 , 42.9142857143 , 1.38565474565 , 4 , 1 , 1.0 , 1.0 , 0.0 , 0.0 , 7 , 0.0 , 0.869359624413 , 0.00820422360692
0 , 31 , fluid , 2 , 474 , 101.319018069 , 400 , 4 , 500 , 0.0 , 0.0 , 0.932295607938 , 20 , 20 , 0.25 , 7 , 10 , 1 , 1813 , 0 , 22.0 , 51.8962324955 , 35.7142857143 , 1.38600885797 , 4 , 14 , 0.0759 , 0.160547822226 , 0.0 , 0.0584270797808 , 1759 , 3.32695655757 , 0.925895133516 , 0.00700299823238
0 , 31 , fluid , 2 , 453 , 66.4346898086 , 400 , 4 , 500 , 0.0 , 0.0 , 0.932295607938 , 20 , 20 , 0.1 , 7 , 10 , 1 , 2594 , 0 , 54.0 , 123.008343022 , 27.8857142857 , 1.38584331606 , 4 , 13 , 0.0793 , 0.146539730934 , 0.0 , 0.0298066411486 , 2555 , 3.17531398609 , 0.914120761145 , 0.014078311233
0 , 31 , fluid , 2 , 0 , 0 , 400 , 4 , 500 , 0.0 , 0.0 , 0.932295607938 , 20 , 10 , 0.075 , 7 , 10 , 1 , 0 , 0 , nan , nan , 1.55714285714 , 1.35774585006 , 4 , 0 , 0 , 0 , 0 , 0 , 0 , 0 , 0 , 0
0 , 31 , fluid , 2 , 0 , 0 , 400 , 4 , 500 , 0.0 , 0.0 , 0.932295607938 , 20 , 10 , 0.05 , 7 , 10 , 1 , 0 , 0 , nan , nan , 1.0 , 1.33876028179 , 4 , 0 , 0 , 0 , 0 , 0 , 0 , 0 , 0 , 0
0 , 31 , fluid , 2 , 0 , 0 , 400 , 4 , 500 , 0.0 , 0.0 , 0.932295607938 , 20 , 5 , 0.025 , 7 , 10 , 1 , 0 , 0 , nan , nan , 0.614285714286 , 1.33689300479 , 4 , 0 , 0 , 0 , 0 , 0 , 0 , 0 , 0 , 0
0 , 31 , fluid , 2 , 0 , 0 , 400 , 4 , 500 , 0.0 , 0.0 , 0.932295607938 , 20 , 5 , 0.01 , 7 , 10 , 1 , 0 , 0 , nan , nan , 0.0714285714286 , 1.03972077084 , 3 , 0 , 0 , 0 , 0 , 0 , 0 , 0 , 0 , 0
0 , 32 , fluid , 2 , 0 , 0 , 300 , 4 , 8000 , 0.0 , 0.0 , 0.967103665087 , 20 , 50 , 1.0 , 9 , 10 , 1 , 0 , 0 , 7.0 , 8.33388981636 , 33.1777777778 , 1.38609907012 , 4 , 0 , 0 , 0 , 0 , 0 , 0 , 0 , 0 , 0
0 , 32 , fluid , 2 , 8 , 1.44301324577 , 300 , 4 , 8000 , 0.0 , 0.0 , 0.967103665087 , 20 , 40 , 0.75 , 9 , 10 , 1 , 18 , 0 , 10.0 , 12.8856960409 , 30.9777777778 , 1.38568040697 , 4 , 1 , 1.0 , 1.0 , 0.0 , 0.0 , 18 , 0.0 , 0.967714706926 , 0.00479268010777
0 , 32 , fluid , 2 , 0 , 0 , 300 , 4 , 8000 , 0.0 , 0.0 , 0.967103665087 , 20 , 40 , 0.5 , 9 , 10 , 1 , 0 , 0 , 14.0 , 19.2905777166 , 31.6444444444 , 1.38582267852 , 4 , 0 , 0 , 0 , 0 , 0 , 0 , 0 , 0 , 0
0 , 32 , fluid , 2 , 289 , 60.5466955345 , 300 , 4 , 8000 , 0.0 , 0.0 , 0.967103665087 , 20 , 20 , 0.25 , 9 , 10 , 1 , 1068 , 0 , 28.0 , 51.822971345 , 28.8444444444 , 1.38579291193 , 4 , 5 , 0.203 , 0.0962195700518 , 0.0 , 0.0149093829343 , 1060 , 1.49999162473 , 0.885891771981 , 0.00567718810747
0 , 32 , fluid , 2 , 367 , 53.5652658173 , 300 , 4 , 8000 , 0.0 , 0.0 , 0.967103665087 , 20 , 20 , 0.1 , 9 , 10 , 1 , 2461 , 0 , 70.0 , 108.270474189 , 25.8777777778 , 1.38610533202 , 4 , 7 , 0.1438 , 0.0871726149101 , 0.0 , 0.00648854350542 , 2453 , 2.0412386799 , 0.431455689285 , 0.00119233686984
0 , 32 , fluid , 2 , 0 , 0 , 300 , 4 , 8000 , 0.0 , 0.0 , 0.967103665087 , 20 , 10 , 0.075 , 9 , 10 , 1 , 0 , 0 , nan , nan , 0.766666666667 , 1.36304571007 , 4 , 0 , 0 , 0 , 0 , 0 , 0 , 0 , 0 , 0
0 , 32 , fluid , 2 , 246 , 25.5719270356 , 300 , 4 , 8000 , 0.0 , 0.0 , 0.967103665087 , 20 , 10 , 0.05 , 9 , 10 , 1 , 2322 , 0 , 139.5 , 226.19780865 , 18.1222222222 , 1.38506888358 , 4 , 8 , 0.1261 , 0.102264442317 , 0.0 , 0.00859174981323 , 2312 , 2.26778517368 , 0.924235441081 , 0.00718530393534
0 , 32 , fluid , 2 , 0 , 0 , 300 , 4 , 8000 , 0.0 , 0.0 , 0.967103665087 , 20 , 5 , 0.025 , 9 , 10 , 1 , 0 , 0 , nan , nan , 0.211111111111 , 1.28605733687 , 4 , 0 , 0 , 0 , 0 , 0 , 0 , 0 , 0 , 0
0 , 32 , fluid , 2 , 0 , 0 , 300 , 4 , 8000 , 0.0 , 0.0 , 0.967103665087 , 20 , 5 , 0.01 , 9 , 10 , 1 , 0 , 0 , nan , nan , 0.1 , 1.05492016799 , 3 , 0 , 0 , 0 , 0 , 0 , 0 , 0 , 0 , 0
0 , 33 , fluid , 2 , 0 , 0 , 200 , 2 , 4000 , 0.0 , 0.0 , 0.911225749618 , 80 , 50 , 1.0 , 8 , 10 , 1 , 0 , 0 , 7.0 , 9.14739955632 , 7.5625 , 0.69233036394 , 2 , 0 , 0 , 0 , 0 , 0 , 0 , 0 , 0 , 0
0 , 33 , fluid , 2 , 36 , 10.0987765067 , 200 , 2 , 4000 , 0.0 , 0.0 , 0.911225749618 , 80 , 40 , 0.75 , 8 , 10 , 1 , 92 , 0 , 9.0 , 13.3636144288 , 7.3375 , 0.69280329792 , 2 , 2 , 0.9363 , 0.954678710861 , 0.0 , 0.465973534972 , 58 , 0.0 , 0.78670780434 , 0.00461510912405
0 , 33 , fluid , 2 , 339 , 90.3118930964 , 200 , 2 , 4000 , 0.0 , 0.0 , 0.911225749618 , 80 , 40 , 0.5 , 8 , 10 , 1 , 915 , 0 , 13.0 , 28.1268723484 , 6.4875 , 0.693017348567 , 2 , 6 , 0.1719 , 0.111211159161 , 0.0 , 0.0302785989429 , 901 , 1.78864662512 , 0.75172429444 , 0.00620712977752
0 , 33 , fluid , 2 , 172 , 41.6653004895 , 200 , 2 , 4000 , 0.0 , 0.0 , 0.911225749618 , 80 , 20 , 0.25 , 8 , 10 , 1 , 694 , 0 , 25.0 , 37.8103703182 , 5.95 , 0.692868916747 , 2 , 7 , 0.1555 , 0.128721120816 , 0.0 , 0.0810653688678 , 665 , 2.03866484855 , 0.857874650372 , 0.00627884323845
0 , 33 , fluid , 2 , 286 , 29.6577268445 , 200 , 2 , 4000 , 0.0 , 0.0 , 0.911225749618 , 80 , 20 , 0.1 , 8 , 10 , 1 , 1825 , 0 , 62.0 , 105.868539024 , 4.8125 , 0.69265265657 , 2 , 7 , 0.1441 , 0.0961566038206 , 0.0 , 0.00874430474761 , 1817 , 2.04123942989 , 0.86094252099 , 0.0046772410308
0 , 33 , fluid , 2 , 309 , 26.284987102 , 200 , 2 , 4000 , 0.0 , 0.0 , 0.911225749618 , 80 , 10 , 0.075 , 8 , 10 , 1 , 2805 , 0 , 82.9 , 99.1300348165 , 3.575 , 0.693123067712 , 2 , 6 , 0.1675 , 0.0768448623043 , 0.0 , 0.00498346154213 , 2798 , 1.78885364097 , 0.968284318352 , 0.0062065178653
0 , 33 , fluid , 2 , 259 , 29.6609316709 , 200 , 2 , 4000 , 0.0 , 0.0 , 0.911225749618 , 80 , 10 , 0.05 , 8 , 10 , 1 , 2396 , 0 , 123.9 , 195.161309878 , 4.175 , 0.692802896728 , 2 , 2 , 0.5004 , 0.041997473914 , 0.0 , 0.000834376158372 , 2395 , 0.0 , 0.50650020156 , 0.00418833323769
0 , 33 , fluid , 2 , 233 , 12.671065334 , 200 , 2 , 4000 , 0.0 , 0.0 , 0.911225749618 , 80 , 5 , 0.025 , 8 , 10 , 1 , 4922 , 0 , 247.6 , 213.450508597 , 2.35 , 0.693091777875 , 2 , 4 , 0.2528 , 0.0526745512514 , 0.0 , 0.0109151772115 , 4895 , 1.15462632768 , 0.480234929819 , 0.00115894829633
0 , 33 , fluid , 2 , 69 , 4.49922062511 , 200 , 2 , 4000 , 0.0 , 0.0 , 0.911225749618 , 80 , 5 , 0.01 , 8 , 10 , 1 , 658 , 0 , 618.0 , 771.338998728 , 2.6375 , 0.692265958411 , 2 , 1 , 1.0 , 1.0 , 0.0 , 0.0 , 658 , 0.0 , 0.392098112644 , 0.00576958586595
0 , 34 , fluid , 2 , 0 , 0 , 100 , 32 , 1000 , 0.0 , 0.0 , 0.966113442654 , 20 , 50 , 1.0 , 8 , 9 , 1 , 0 , 0 , 7.0 , 7.42729306488 , 125.652777778 , 3.4326540942 , 32 , 0 , 0 , 0 , 0 , 0 , 0 , 0 , 0 , 0
0 , 34 , fluid , 2 , 0 , 0 , 100 , 32 , 1000 , 0.0 , 0.0 , 0.966113442654 , 20 , 40 , 0.75 , 8 , 9 , 1 , 0 , 0 , 9.0 , 11.5478036176 , 129.402777778 , 3.44478111751 , 32 , 0 , 0 , 0 , 0 , 0 , 0 , 0 , 0 , 0
0 , 34 , fluid , 2 , 0 , 0 , 100 , 32 , 1000 , 0.0 , 0.0 , 0.966113442654 , 20 , 40 , 0.5 , 8 , 9 , 1 , 0 , 0 , 13.0 , 17.5071350165 , 119.25 , 3.44464310779 , 32 , 0 , 0 , 0 , 0 , 0 , 0 , 0 , 0 , 0
0 , 34 , fluid , 2 , 126 , 30.8215413715 , 100 , 32 , 1000 , 0.0 , 0.0 , 0.966113442654 , 20 , 20 , 0.25 , 8 , 9 , 1 , 504 , 0 , 25.0 , 41.8216259943 , 102.430555556 , 3.42131815199 , 32 , 5 , 0.3009 , 0.0982216099947 , 0.0 , 0.335419816075 , 398 , 1.28508499086 , 0.786106143904 , 0.00285481023488
0 , 34 , fluid , 2 , 146 , 16.6725524854 , 100 , 32 , 1000 , 0.0 , 0.0 , 0.966113442654 , 20 , 20 , 0.1 , 8 , 9 , 1 , 883 , 0 , 62.0 , 104.540228687 , 87.6111111111 , 3.43171971274 , 32 , 3 , 0.3348 , 0.0621036399946 , 0.0 , 0.00452231594905 , 881 , 0.707106781187 , 0.455309959718 , 0.00273148014005
0 , 34 , fluid , 2 , 211 , 17.5492908994 , 100 , 32 , 1000 , 0.0 , 0.0 , 0.966113442654 , 20 , 10 , 0.075 , 8 , 9 , 1 , 1533 , 0 , 82.7 , 100.739525053 , 77.8888888889 , 3.42126242963 , 32 , 6 , 0.1682 , 0.0902660401839 , 0.0 , 0.00910688914335 , 1526 , 1.78885188873 , 0.975905371094 , 0.0067176600033
0 , 34 , fluid , 2 , 256 , 13.270756339 , 100 , 32 , 1000 , 0.0 , 0.0 , 0.966113442654 , 20 , 10 , 0.05 , 8 , 9 , 1 , 4034 , 0 , 123.7 , 157.958578222 , 65.2222222222 , 3.42717127521 , 32 , 6 , 0.1671 , 0.0662750809276 , 0.0 , 0.00247708557578 , 4029 , 1.788854382 , 0.755406546168 , 0.00118621796415
0 , 34 , fluid , 2 , 0 , 0 , 100 , 32 , 1000 , 0.0 , 0.0 , 0.966113442654 , 20 , 5 , 0.025 , 8 , 9 , 1 , 0 , 0 , nan , nan , 0.638888888889 , 1.38629436112 , 4 , 0 , 0 , 0 , 0 , 0 , 0 , 0 , 0 , 0
0 , 34 , fluid , 2 , 0 , 0.0 , 100 , 32 , 1000 , 0.0 , 0.0 , 0.966113442654 , 20 , 5 , 0.01 , 8 , 9 , 1 , 0 , 0 , nan , 20.3846153846 , 6.22222222222 , 2.69823129267 , 18 , 0 , 0 , 0 , 0 , 0 , 0 , 0 , 0 , 0
0 , 35 , fluid , 2 , 0 , 0 , 300 , 1 , 500 , 0.0 , 0.0 , 0.998963538069 , 10 , 50 , 1.0 , 9 , 6 , 1 , 0 , 0 , 7.0 , 8.83333333333 , 0.0 , -0.0 , 1 , 0 , 0 , 0 , 0 , 0 , 0 , 0 , 0 , 0
0 , 35 , fluid , 2 , 1554 , 401.747765541 , 300 , 1 , 500 , 0.0 , 0.0 , 0.998963538069 , 10 , 40 , 0.75 , 9 , 6 , 1 , 4296 , 0 , 10.0 , 19.9245333827 , 0.0 , -0.0 , 1 , 31 , 0.0329 , 0.268912416889 , 0.0 , 0.0208347421186 , 4251 , 5.29463706525 , 0.972749905526 , 0.00713530674433
0 , 35 , fluid , 2 , 0 , 0 , 300 , 1 , 500 , 0.0 , 0.0 , 0.998963538069 , 10 , 40 , 0.5 , 9 , 6 , 1 , 0 , 0 , 14.0 , 19.1413547788 , 0.0 , -0.0 , 1 , 0 , 0 , 0 , 0 , 0 , 0 , 0 , 0 , 0
0 , 35 , fluid , 2 , 250 , 60.4511078469 , 300 , 1 , 500 , 0.0 , 0.0 , 0.998963538069 , 10 , 20 , 0.25 , 9 , 6 , 1 , 997 , 0 , 28.0 , 47.717659302 , 0.0 , -0.0 , 1 , 6 , 0.1694 , 0.103249052415 , 0.0 , 0.0159676622646 , 989 , 1.78883853664 , 0.837017497562 , 0.00416428955989
0 , 35 , fluid , 2 , 167 , 22.7788233017 , 300 , 1 , 500 , 0.0 , 0.0 , 0.998963538069 , 10 , 20 , 0.1 , 9 , 6 , 1 , 912 , 0 , 70.0 , 125.71384083 , 0.0 , -0.0 , 1 , 8 , 0.1453 , 0.123294301009 , 0.0 , 0.139497249154 , 844 , 2.24828478706 , 0.683210886801 , 0.0179838290307
0 , 35 , fluid , 2 , 0 , 0 , 300 , 1 , 500 , 0.0 , 0.0 , 0.998963538069 , 10 , 10 , 0.075 , 9 , 6 , 1 , 0 , 0 , nan , nan , 0.0 , -0.0 , 1 , 0 , 0 , 0 , 0 , 0 , 0 , 0 , 0 , 0
0 , 35 , fluid , 2 , 0 , 0 , 300 , 1 , 500 , 0.0 , 0.0 , 0.998963538069 , 10 , 10 , 0.05 , 9 , 6 , 1 , 0 , 0 , nan , nan , 0.0 , -0.0 , 1 , 0 , 0 , 0 , 0 , 0 , 0 , 0 , 0 , 0
0 , 35 , fluid , 2 , 133 , 10.8420974405 , 300 , 1 , 500 , 0.0 , 0.0 , 0.998963538069 , 10 , 5 , 0.025 , 9 , 6 , 1 , 1027 , 0 , 278.8 , 310.788869748 , 0.0 , -0.0 , 1 , 3 , 0.3353 , 0.0652940710356 , 0.0 , 0.00582898545503 , 1024 , 0.707104498577 , 0.517702587473 , 0.0126121542923
0 , 35 , fluid , 2 , 0 , 0 , 300 , 1 , 500 , 0.0 , 0.0 , 0.998963538069 , 10 , 5 , 0.01 , 9 , 6 , 1 , 0 , 0 , nan , nan , 0.0 , -0.0 , 1 , 0 , 0 , 0 , 0 , 0 , 0 , 0 , 0 , 0
0 , 36 , fluid , 2 , 0 , 0 , 200 , 16 , 500 , 0.0 , 0.0 , 0.933760142809 , 20 , 50 , 1.0 , 9 , 10 , 1 , 0 , 0 , 7.0 , 9.32673267327 , 110.211111111 , 2.76867774038 , 16 , 0 , 0 , 0 , 0 , 0 , 0 , 0 , 0 , 0
0 , 36 , fluid , 2 , 0 , 0 , 200 , 16 , 500 , 0.0 , 0.0 , 0.933760142809 , 20 , 40 , 0.75 , 9 , 10 , 1 , 0 , 0 , 10.0 , 12.7275862069 , 107.244444444 , 2.76836433023 , 16 , 0 , 0 , 0 , 0 , 0 , 0 , 0 , 0 , 0
0 , 36 , fluid , 2 , 0 , 0 , 200 , 16 , 500 , 0.0 , 0.0 , 0.933760142809 , 20 , 40 , 0.5 , 9 , 10 , 1 , 0 , 0 , 14.0 , 20.3839285714 , 104.044444444 , 2.76663992045 , 16 , 0 , 0 , 0 , 0 , 0 , 0 , 0 , 0 , 0
0 , 36 , fluid , 2 , 88 , 20.9851871607 , 200 , 16 , 500 , 0.0 , 0.0 , 0.933760142809 , 20 , 20 , 0.25 , 9 , 10 , 1 , 374 , 0 , 28.0 , 42.4531365999 , 105.055555556 , 2.76407107945 , 16 , 2 , 0.5027 , 0.0723089225139 , 0.0 , 0.00533329520432 , 373 , 0.0 , 0.822935103966 , 0.00879452727599
0 , 36 , fluid , 2 , 368 , 41.4803607265 , 200 , 16 , 500 , 0.0 , 0.0 , 0.933760142809 , 20 , 20 , 0.1 , 9 , 10 , 1 , 2418 , 0 , 70.0 , 129.536234673 , 74.9222222222 , 2.76523112282 , 16 , 9 , 0.113 , 0.116767327352 , 0.0 , 0.0164625523627 , 2398 , 2.47485689115 , 0.759397463138 , 0.00398669836728
0 , 36 , fluid , 2 , 113 , 17.4380276507 , 200 , 16 , 500 , 0.0 , 0.0 , 0.933760142809 , 20 , 10 , 0.075 , 9 , 10 , 1 , 759 , 0 , 93.4 , 110.057511155 , 86.5777777778 , 2.7649655406 , 16 , 5 , 0.2027 , 0.0938685416096 , 0.0 , 0.0131196828224 , 754 , 1.49999379834 , 0.593527460082 , 0.0102136345274
0 , 36 , fluid , 2 , 0 , 0 , 200 , 16 , 500 , 0.0 , 0.0 , 0.933760142809 , 20 , 10 , 0.05 , 9 , 10 , 1 , 0 , 0 , nan , nan , 1.7 , 2.22002532783 , 10 , 0 , 0 , 0 , 0 , 0 , 0 , 0 , 0 , 0
0 , 36 , fluid , 2 , 0 , 0 , 200 , 16 , 500 , 0.0 , 0.0 , 0.933760142809 , 20 , 5 , 0.025 , 9 , 10 , 1 , 0 , 0 , nan , nan , 0.766666666667 , 1.74786809747 , 6 , 0 , 0 , 0 , 0 , 0 , 0 , 0 , 0 , 0
0 , 36 , fluid , 2 , 0 , 0 , 200 , 16 , 500 , 0.0 , 0.0 , 0.933760142809 , 20 , 5 , 0.01 , 9 , 10 , 1 , 0 , 0 , nan , nan , 0.0888888888889 , 0.69314718056 , 2 , 0 , 0 , 0 , 0 , 0 , 0 , 0 , 0 , 0
0 , 37 , fluid , 2 , 228 , 67.3688139406 , 100 , 1 , 1000 , 0.0 , 0.0 , 0.933493750985 , 20 , 50 , 1.0 , 7 , 9 , 1 , 533 , 0 , 6.0 , 11.7521834061 , 0.0 , -0.0 , 1 , 12 , 0.0875 , 0.209124837527 , 0.0 , 0.0481257634051 , 520 , 3.01507748284 , 0.986925084785 , 0.00805157962112
0 , 37 , fluid , 2 , 0 , 0 , 100 , 1 , 1000 , 0.0 , 0.0 , 0.933493750985 , 20 , 40 , 0.75 , 7 , 9 , 1 , 0 , 0 , 8.0 , 8.65804066543 , 0.0 , -0.0 , 1 , 0 , 0 , 0 , 0 , 0 , 0 , 0 , 0 , 0
0 , 37 , fluid , 2 , 0 , 0 , 100 , 1 , 1000 , 0.0 , 0.0 , 0.933493750985 , 20 , 40 , 0.5 , 7 , 9 , 1 , 0 , 0 , 11.0 , 13.6631578947 , 0.0 , -0.0 , 1 , 0 , 0 , 0 , 0 , 0 , 0 , 0 , 0 , 0
0 , 37 , fluid , 2 , 0 , 0 , 100 , 1 , 1000 , 0.0 , 0.0 , 0.933493750985 , 20 , 20 , 0.25 , 7 , 9 , 1 , 0 , 0 , 22.0 , 21.7322834646 , 0.0 , -0.0 , 1 , 0 , 0 , 0 , 0 , 0 , 0 , 0 , 0 , 0
0 , 37 , fluid , 2 , 0 , 0 , 100 , 1 , 1000 , 0.0 , 0.0 , 0.933493750985 , 20 , 20 , 0.1 , 7 , 9 , 1 , 0 , 0 , nan , nan , 0.0 , -0.0 , 1 , 0 , 0 , 0 , 0 , 0 , 0 , 0 , 0 , 0
0 , 37 , fluid , 2 , 161 , 11.4715648825 , 100 , 1 , 1000 , 0.0 , 0.0 , 0.933493750985 , 20 , 10 , 0.075 , 7 , 9 , 1 , 1227 , 0 , 72.0 , 118.735041866 , 0.0 , -0.0 , 1 , 2 , 0.5008 , 0.0502473374178 , 0.0 , 0.00162866341333 , 1226 , 0.0 , 0.732577640839 , 0.00237132462745
0 , 37 , fluid , 2 , 0 , 0.000345295790097 , 100 , 1 , 1000 , 0.0 , 0.0 , 0.933493750985 , 20 , 10 , 0.05 , 7 , 9 , 1 , 0 , 0 , nan , 28.3076923077 , 0.0 , -0.0 , 1 , 0 , 0 , 0 , 0 , 0 , 0 , 0 , 0 , 0
0 , 37 , fluid , 2 , 22 , 0.781203224952 , 100 , 1 , 1000 , 0.0 , 0.0 , 0.933493750985 , 20 , 5 , 0.025 , 7 , 9 , 1 , 244 , 0 , 215.0 , 253.763674826 , 0.0 , -0.0 , 1 , 1 , 1.0 , 1.0 , 0.0 , 0.0 , 244 , 0.0 , 0.626544522271 , 0.00831627523039
0 , 37 , fluid , 2 , 0 , 0 , 100 , 1 , 1000 , 0.0 , 0.0 , 0.933493750985 , 20 , 5 , 0.01 , 7 , 9 , 1 , 0 , 0 , nan , nan , 0.0 , -0.0 , 1 , 0 , 0 , 0 , 0 , 0 , 0 , 0 , 0 , 0
0 , 38 , fluid , 2 , 20 , 5.61477432342 , 400 , 2 , 2000 , 0.0 , 0.0 , 0.943895819936 , 10 , 50 , 1.0 , 8 , 9 , 1 , 46 , 0 , 7.0 , 10.0265060241 , 15.7638888889 , 0.692323796953 , 2 , 1 , 1.0 , 1.0 , 0.0 , 0.0 , 46 , 0.0 , 0.86522202682 , 0.00725449783712
0 , 38 , fluid , 2 , 0 , 0 , 400 , 2 , 2000 , 0.0 , 0.0 , 0.943895819936 , 10 , 40 , 0.75 , 8 , 9 , 1 , 0 , 0 , 9.0 , 9.70802919708 , 16.0277777778 , 0.69314378382 , 2 , 0 , 0 , 0 , 0 , 0 , 0 , 0 , 0 , 0
0 , 38 , fluid , 2 , 1002 , 252.037408495 , 400 , 2 , 2000 , 0.0 , 0.0 , 0.943895819936 , 10 , 40 , 0.5 , 8 , 9 , 1 , 3020 , 0 , 13.0 , 28.6765453679 , 13.4861111111 , 0.693145983662 , 2 , 30 , 0.0351 , 0.25407759237 , 0.0 , 0.0496199728082 , 2944 , 5.19896107264 , 0.863595123863 , 0.0078555226046
0 , 38 , fluid , 2 , 623 , 138.36544614 , 400 , 2 , 2000 , 0.0 , 0.0 , 0.943895819936 , 10 , 20 , 0.25 , 8 , 9 , 1 , 2105 , 0 , 25.0 , 40.0918148128 , 13.5 , 0.692999441051 , 2 , 20 , 0.0676 , 0.163422215665 , 0.0 , 0.260063077956 , 1787 , 3.96810544165 , 0.857995907797 , 0.00793620168972
0 , 38 , fluid , 2 , 493 , 78.2643132384 , 400 , 2 , 2000 , 0.0 , 0.0 , 0.943895819936 , 10 , 20 , 0.1 , 8 , 9 , 1 , 3272 , 0 , 62.0 , 118.008877417 , 10.9305555556 , 0.692406448742 , 2 , 13 , 0.0776 , 0.136975675023 , 0.0 , 0.00853746839151 , 3258 , 3.17542552246 , 0.471168854044 , 0.00596295984984
0 , 38 , fluid , 2 , 1139 , 97.3079053995 , 400 , 2 , 2000 , 0.0 , 0.0 , 0.943895819936 , 10 , 10 , 0.075 , 8 , 9 , 1 , 9683 , 0 , 82.7 , 100.466324661 , 5.41666666667 , 0.693107623651 , 2 , 25 , 0.0403 , 0.190779386929 , 0.0 , 0.00639218082576 , 9652 , 4.69485440229 , 0.864878250524 , 0.00735835990195
0 , 38 , fluid , 2 , 0 , 0 , 400 , 2 , 2000 , 0.0 , 0.0 , 0.943895819936 , 10 , 10 , 0.05 , 8 , 9 , 1 , 0 , 0 , nan , nan , 0.388888888889 , 0.679193265992 , 2 , 0 , 0 , 0 , 0 , 0 , 0 , 0 , 0 , 0
0 , 38 , fluid , 2 , 0 , 0 , 400 , 2 , 2000 , 0.0 , 0.0 , 0.943895819936 , 10 , 5 , 0.025 , 8 , 9 , 1 , 0 , 0 , nan , nan , 0.138888888889 , 0.689009238477 , 2 , 0 , 0 , 0 , 0 , 0 , 0 , 0 , 0 , 0
0 , 38 , fluid , 2 , 0 , 0 , 400 , 2 , 2000 , 0.0 , 0.0 , 0.943895819936 , 10 , 5 , 0.01 , 8 , 9 , 1 , 0 , 0 , nan , nan , 0.0972222222222 , 0.690185676019 , 2 , 0 , 0 , 0 , 0 , 0 , 0 , 0 , 0 , 0
0 , 39 , fluid , 2 , 0 , 0 , 200 , 32 , 500 , 0.0 , 0.0 , 0.915150620524 , 40 , 50 , 1.0 , 6 , 10 , 1 , 0 , 0 , 5.0 , 5.95833333333 , 234.266666667 , 3.44721986444 , 32 , 0 , 0 , 0 , 0 , 0 , 0 , 0 , 0 , 0
0 , 39 , fluid , 2 , 0 , 0 , 200 , 32 , 500 , 0.0 , 0.0 , 0.915150620524 , 40 , 40 , 0.75 , 6 , 10 , 1 , 0 , 0 , 7.0 , 6.98704663212 , 226.933333333 , 3.4507349648 , 32 , 0 , 0 , 0 , 0 , 0 , 0 , 0 , 0 , 0
0 , 39 , fluid , 2 , 0 , 0 , 200 , 32 , 500 , 0.0 , 0.0 , 0.915150620524 , 40 , 40 , 0.5 , 6 , 10 , 1 , 0 , 0 , 10.0 , 11.8132022472 , 217.333333333 , 3.45075054835 , 32 , 0 , 0 , 0 , 0 , 0 , 0 , 0 , 0 , 0
0 , 39 , fluid , 2 , 103 , 25.0070319062 , 200 , 32 , 500 , 0.0 , 0.0 , 0.915150620524 , 40 , 20 , 0.25 , 6 , 10 , 1 , 428 , 0 , 19.0 , 36.1094785881 , 188.816666667 , 3.4472178589 , 32 , 5 , 0.2262 , 0.150986464018 , 0.0 , 0.11574154948 , 402 , 1.4938379876 , 0.756807731177 , 0.00831478832512
0 , 39 , fluid , 2 , 267 , 33.457052171 , 200 , 32 , 500 , 0.0 , 0.0 , 0.915150620524 , 40 , 20 , 0.1 , 6 , 10 , 1 , 1714 , 0 , 46.0 , 96.1824606885 , 145.833333333 , 3.45182936258 , 32 , 5 , 0.2019 , 0.0761752648837 , 0.0 , 0.00930357315484 , 1706 , 1.4999806429 , 0.789403493729 , 0.00300566155546
0 , 39 , fluid , 2 , 250 , 28.6791095398 , 200 , 32 , 500 , 0.0 , 0.0 , 0.915150620524 , 40 , 10 , 0.075 , 6 , 10 , 1 , 1862 , 0 , 61.4 , 105.2134295 , 126.066666667 , 3.43735084087 , 32 , 4 , 0.2513 , 0.0672022053188 , 0.0 , 0.00536076265545 , 1857 , 1.15469964374 , 0.645549385457 , 0.00704553568389
0 , 39 , fluid , 2 , 0 , 0 , 200 , 32 , 500 , 0.0 , 0.0 , 0.915150620524 , 40 , 10 , 0.05 , 6 , 10 , 1 , 0 , 0 , nan , nan , 5.38333333333 , 2.75219154657 , 17 , 0 , 0 , 0 , 0 , 0 , 0 , 0 , 0 , 0
0 , 39 , fluid , 2 , 61 , 6.06093035932 , 200 , 32 , 500 , 0.0 , 0.0 , 0.915150620524 , 40 , 5 , 0.025 , 6 , 10 , 1 , 545 , 0 , 183.0 , 248.229716404 , 99.9166666667 , 3.41960201227 , 32 , 4 , 0.4684 , 0.0813663835655 , 0.0 , 0.46628398283 , 346 , 0.368227124611 , 0.448820046541 , 0.010410151946
0 , 39 , fluid , 2 , 0 , 0 , 200 , 32 , 500 , 0.0 , 0.0 , 0.915150620524 , 40 , 5 , 0.01 , 6 , 10 , 1 , 0 , 0 , nan , nan , 0.633333333333 , 1.09861228867 , 3 , 0 , 0 , 0 , 0 , 0 , 0 , 0 , 0 , 0
0 , 40 , fluid , 2 , 0 , 0 , 400 , 8 , 4000 , 0.0 , 0.0 , 0.990351148383 , 20 , 50 , 1.0 , 7 , 5 , 1 , 0 , 0 , 6.0 , 7.12780269058 , 207.257142857 , 2.0789145118 , 8 , 0 , 0 , 0 , 0 , 0 , 0 , 0 , 0 , 0
0 , 40 , fluid , 2 , 0 , 0 , 400 , 8 , 4000 , 0.0 , 0.0 , 0.990351148383 , 20 , 40 , 0.75 , 7 , 5 , 1 , 0 , 0 , 8.0 , 8.6862244898 , 197.828571429 , 2.07832698198 , 8 , 0 , 0 , 0 , 0 , 0 , 0 , 0 , 0 , 0
0 , 40 , fluid , 2 , 0 , 0 , 400 , 8 , 4000 , 0.0 , 0.0 , 0.990351148383 , 20 , 40 , 0.5 , 7 , 5 , 1 , 0 , 0 , 11.0 , 14.0401459854 , 191.657142857 , 2.07765131826 , 8 , 0 , 0 , 0 , 0 , 0 , 0 , 0 , 0 , 0
0 , 40 , fluid , 2 , 776 , 174.032483464 , 400 , 8 , 4000 , 0.0 , 0.0 , 0.990351148383 , 20 , 20 , 0.25 , 7 , 5 , 1 , 2756 , 0 , 22.0 , 41.180423852 , 157.2 , 2.07510611237 , 8 , 20 , 0.0616 , 0.160414282085 , 0.0 , 0.187690243322 , 2471 , 4.0629035568 , 0.942390848269 , 0.00763916416533
0 , 40 , fluid , 2 , 689 , 103.809322373 , 400 , 8 , 4000 , 0.0 , 0.0 , 0.990351148383 , 20 , 20 , 0.1 , 7 , 5 , 1 , 4327 , 0 , 54.0 , 135.977542464 , 112.628571429 , 2.07617154822 , 8 , 19 , 0.0532 , 0.182018877027 , 0.0 , 0.0110604489287 , 4303 , 4.00693689404 , 0.567555772405 , 0.00491393548164
0 , 40 , fluid , 2 , 0 , 0 , 400 , 8 , 4000 , 0.0 , 0.0 , 0.990351148383 , 20 , 10 , 0.075 , 7 , 5 , 1 , 0 , 0 , nan , nan , 5.65714285714 , 2.0288851142 , 8 , 0 , 0 , 0 , 0 , 0 , 0 , 0 , 0 , 0
0 , 40 , fluid , 2 , 0 , 0.000757739357774 , 400 , 8 , 4000 , 0.0 , 0.0 , 0.990351148383 , 20 , 10 , 0.05 , 7 , 5 , 1 , 0 , 0 , nan , 21.7058823529 , 106.857142857 , 2.07746084569 , 8 , 0 , 0 , 0 , 0 , 0 , 0 , 0 , 0 , 0
0 , 40 , fluid , 2 , 0 , 0.00015905762921 , 400 , 8 , 4000 , 0.0 , 0.0 , 0.990351148383 , 20 , 5 , 0.025 , 7 , 5 , 1 , 0 , 0 , nan , 15.0 , 30.1142857143 , 2.07024046274 , 8 , 0 , 0 , 0 , 0 , 0 , 0 , 0 , 0 , 0
0 , 40 , fluid , 2 , 0 , 0 , 400 , 8 , 4000 , 0.0 , 0.0 , 0.990351148383 , 20 , 5 , 0.01 , 7 , 5 , 1 , 0 , 0 , nan , nan , 0.4 , 1.38629436112 , 4 , 0 , 0 , 0 , 0 , 0 , 0 , 0 , 0 , 0
0 , 41 , fluid , 2 , 0 , 0 , 100 , 32 , 1000 , 0.0 , 0.0 , 0.919330862923 , 80 , 50 , 1.0 , 6 , 8 , 1 , 0 , 0 , 5.0 , 5.73704789834 , 141.645833333 , 3.42081140415 , 32 , 0 , 0 , 0 , 0 , 0 , 0 , 0 , 0 , 0
0 , 41 , fluid , 2 , 0 , 0 , 100 , 32 , 1000 , 0.0 , 0.0 , 0.919330862923 , 80 , 40 , 0.75 , 6 , 8 , 1 , 0 , 0 , 7.0 , 7.98317483541 , 145.354166667 , 3.4318620752 , 32 , 0 , 0 , 0 , 0 , 0 , 0 , 0 , 0 , 0
0 , 41 , fluid , 2 , 0 , 0 , 100 , 32 , 1000 , 0.0 , 0.0 , 0.919330862923 , 80 , 40 , 0.5 , 6 , 8 , 1 , 0 , 0 , 10.0 , 14.1620287253 , 132.75 , 3.39567843479 , 32 , 0 , 0 , 0 , 0 , 0 , 0 , 0 , 0 , 0
0 , 41 , fluid , 2 , 136 , 28.7552638507 , 100 , 32 , 1000 , 0.0 , 0.0 , 0.919330862923 , 80 , 20 , 0.25 , 6 , 8 , 1 , 464 , 0 , 19.0 , 37.6842960172 , 120.708333333 , 3.4308259194 , 32 , 4 , 0.2566 , 0.0996374353916 , 0.0 , 0.0256112514863 , 458 , 1.15456746458 , 0.785729217874 , 0.00662678339098
0 , 41 , fluid , 2 , 143 , 13.5959287404 , 100 , 32 , 1000 , 0.0 , 0.0 , 0.919330862923 , 80 , 20 , 0.1 , 6 , 8 , 1 , 1008 , 0 , 46.0 , 113.846794183 , 78.8333333333 , 3.39561436071 , 32 , 3 , 0.3347 , 0.0597569956357 , 0.0 , 0.00396234882842 , 1006 , 0.707106781187 , 0.779679649038 , 0.00630950617
0 , 41 , fluid , 2 , 222 , 14.3258576703 , 100 , 32 , 1000 , 0.0 , 0.0 , 0.919330862923 , 80 , 10 , 0.075 , 6 , 8 , 1 , 2397 , 0 , 61.2 , 101.384840984 , 61.5208333333 , 3.39372264891 , 32 , 4 , 0.2508 , 0.0589636188653 , 0.0 , 0.00333367620386 , 2393 , 1.15470000011 , 0.760594914728 , 0.00240984739951
0 , 41 , fluid , 2 , 104 , 12.5227478431 , 100 , 32 , 1000 , 0.0 , 0.0 , 0.919330862923 , 80 , 10 , 0.05 , 6 , 8 , 1 , 855 , 0 , 91.8 , 154.000982137 , 94.8541666667 , 3.4229966441 , 32 , 4 , 0.2524 , 0.0787824114007 , 0.0 , 0.0093266304162 , 851 , 1.15469627429 , 0.799412567373 , 0.0046250040847
0 , 41 , fluid , 2 , 166 , 5.17762738493 , 100 , 32 , 1000 , 0.0 , 0.0 , 0.919330862923 , 80 , 5 , 0.025 , 6 , 8 , 1 , 2278 , 0 , 183.2 , 188.850785957 , 15.4583333333 , 2.99125225113 , 24 , 4 , 0.2507 , 0.0566761195799 , 0.0 , 0.0026315769189 , 2275 , 1.15470053838 , 0.988483364321 , 0.00432392251163
0 , 41 , fluid , 2 , 0 , 0 , 100 , 32 , 1000 , 0.0 , 0.0 , 0.919330862923 , 80 , 5 , 0.01 , 6 , 8 , 1 , 0 , 0 , nan , nan , 0.979166666667 , 0.69314718056 , 2 , 0 , 0 , 0 , 0 , 0 , 0 , 0 , 0 , 0
0 , 42 , fluid , 2 , 245 , 83.6429071159 , 200 , 1 , 2000 , 0.0 , 0.0 , 0.993563046164 , 160 , 50 , 1.0 , 9 , 6 , 1 , 594 , 0 , 7.0 , 10.9574755823 , 0.0 , -0.0 , 1 , 12 , 0.094 , 0.206565361994 , 0.0 , 0.11378090671 , 559 , 3.01325351933 , 0.972546703671 , 0.00475637939529
0 , 42 , fluid , 2 , 47 , 13.955254253 , 200 , 1 , 2000 , 0.0 , 0.0 , 0.993563046164 , 160 , 40 , 0.75 , 9 , 6 , 1 , 142 , 0 , 10.0 , 13.5611239705 , 0.0 , -0.0 , 1 , 3 , 0.3578 , 0.145774742357 , 0.0 , 0.0683396151557 , 137 , 0.705920118746 , 0.864980602845 , 0.00725990533638
0 , 42 , fluid , 2 , 186 , 46.7458861236 , 200 , 1 , 2000 , 0.0 , 0.0 , 0.993563046164 , 160 , 40 , 0.5 , 9 , 6 , 1 , 540 , 0 , 14.0 , 24.5386274666 , 0.0 , -0.0 , 1 , 9 , 0.2072 , 0.152058398801 , 0.0 , 0.463731138546 , 377 , 2.12363462336 , 0.741220341885 , 0.00563408689513
0 , 42 , fluid , 2 , 377 , 77.76514853 , 200 , 1 , 2000 , 0.0 , 0.0 , 0.993563046164 , 160 , 20 , 0.25 , 9 , 6 , 1 , 1434 , 0 , 28.0 , 44.6251743438 , 0.0 , -0.0 , 1 , 18 , 0.0848 , 0.142742085474 , 0.0 , 0.344643631745 , 1140 , 3.67641090218 , 0.748220502658 , 0.00420071128955
0 , 42 , fluid , 2 , 215 , 27.6926581962 , 200 , 1 , 2000 , 0.0 , 0.0 , 0.993563046164 , 160 , 20 , 0.1 , 9 , 6 , 1 , 1383 , 0 , 70.0 , 133.363228742 , 0.0 , -0.0 , 1 , 4 , 0.2518 , 0.0702109335745 , 0.0 , 0.00721183632049 , 1378 , 1.15469403844 , 0.583004600437 , 0.00263307042554
0 , 42 , fluid , 2 , 424 , 22.2552175757 , 200 , 1 , 2000 , 0.0 , 0.0 , 0.993563046164 , 160 , 10 , 0.075 , 9 , 6 , 1 , 4547 , 0 , 93.2 , 89.7984536502 , 0.0 , -0.0 , 1 , 12 , 0.1973 , 0.0703172571047 , 0.0 , 0.577676578747 , 2688 , 2.28326854321 , 0.648315952553 , 0.00550372450351
0 , 42 , fluid , 2 , 322 , 37.3060783627 , 200 , 1 , 2000 , 0.0 , 0.0 , 0.993563046164 , 160 , 10 , 0.05 , 9 , 6 , 1 , 2650 , 0 , 139.9 , 127.618947982 , 0.0 , -0.0 , 1 , 10 , 0.2201 , 0.0766358852727 , 0.0 , 0.5457250267 , 1568 , 1.83391017541 , 0.815307205205 , 0.00572440738629
