RowID, sim, motion, D, ind.prod, biomass.prod, res.inflow, res.types, max.res.val, barrier.width, barrier.height, logseries.a, starting.seed, lower.limit, FlowRate, Width, Height, Viscosity, N, immigration.rate, resource.tau, particle.tau, individual.tau, resource.concentration, shannons.resource.diversity, resource.richness, S, simpson.e, e.var, berger.parker, inv.simp.D, N.max, skew, avg.per.capita.growth, avg.per.capita.maint, tracer.particles, resource.particles, speciation, species.turnover, growth.max, maint.max
2 , 0 , fluid , 2 , 1.5 , 0.0229636992592 , 200 , 6 , 400 , 0.1 , 0.1 , 0.933198105468 , 1000 , 80 , 0.8 , 9 , 10 , 10 , 4.0 , 1 , 8.42180081875 , 8.4500333667 , 6.58868583641 , 21.4555555556 , 1.78808760071 , 6.0 , 2.0 , 0.93075 , 0.948873722054 , 0.2 , 0.462222222222 , 2.5 , 0.0 , 0.0762932108521 , 0.0221417058797 , 9.0 , 764.5 , no , 0.5 , 0.2 , 0.05
3 , 0 , fluid , 2 , 12.0 , 0.928607523826 , 200 , 6 , 400 , 0.1 , 0.1 , 0.933198105468 , 1000 , 10 , 0.7 , 9 , 10 , 10 , 63.5 , 1 , 7.5322191005 , 9.47272727273 , 16.7998969356 , 15.9666666667 , 1.78610989894 , 6.0 , 3.5 , 0.3966 , 0.238311001865 , 0.172222222222 , 0.156349232115 , 60.0 , 0.747312021736 , 0.190849420065 , 0.00335685278404 , 6.0 , 587.5 , no , 0.55 , 0.2 , 0.05
4 , 0 , fluid , 2 , 1.5 , 0.0441081136096 , 200 , 6 , 400 , 0.1 , 0.1 , 0.933198105468 , 1000 , 10 , 0.6 , 9 , 10 , 10 , 10.5 , 1 , 8.74491347842 , 9.35 , 12.1757227447 , 16.4555555556 , 1.78867483684 , 6.0 , 3.5 , 0.73275 , 0.80576525589 , 1.66666666667 , 0.320987654321 , 6.5 , 0.797783803849 , 0.10702178584 , 0.0239908464014 , 7.5 , 593.5 , no , 0.566666666667 , 0.2 , 0.05
5 , 0 , fluid , 2 , 3.5 , 0.490366908896 , 200 , 6 , 400 , 0.1 , 0.1 , 0.933198105468 , 1000 , 10 , 0.5 , 9 , 10 , 10 , 34.0 , 1 , 10.8387784421 , 11.55 , 14.1365305572 , 15.3777777778 , 1.78360825303 , 6.0 , 3.0 , 0.4972 , 0.342080763987 , 0.132653061224 , 0.288225935408 , 29.5 , 0.54385202909 , 0.178358310672 , 0.00462601051923 , 5.0 , 595.0 , no , 0.591666666667 , 0.2 , 0.05
6 , 0 , fluid , 2 , 20.5 , 3.2504549856 , 200 , 6 , 400 , 0.1 , 0.1 , 0.933198105468 , 1000 , 4 , 0.4 , 9 , 10 , 10 , 168.5 , 1 , 9.82220079476 , 12.05 , 14.218949249 , 14.7166666667 , 1.79021995552 , 6.0 , 25.5 , 0.3247 , 0.454619159452 , 0.106707317073 , 0.849317889936 , 50.0 , 2.96865721205 , 0.14851793128 , 0.00887717895293 , 5.5 , 528.0 , no , 0.533333333333 , 0.2 , 0.05
7 , 0 , fluid , 2 , 49.0 , 5.90345639052 , 200 , 6 , 400 , 0.1 , 0.1 , 0.933198105468 , 1000 , 4 , 0.3 , 9 , 10 , 10 , 261.5 , 1 , 16.1412209807 , 17.375 , 25.9759437066 , 18.1611111111 , 1.78967203635 , 6.0 , 8.0 , 0.2167 , 0.247134328784 , 0.128238341969 , 0.420578280885 , 199.0 , 2.18056169845 , 0.179221756049 , 0.00361118879498 , 4.0 , 651.0 , no , 0.559829059829 , 0.2 , 0.05
8 , 0 , fluid , 2 , 876.5 , 41.9968408239 , 200 , 6 , 400 , 0.1 , 0.1 , 0.933198105468 , 1000 , 4 , 0.2 , 9 , 10 , 10 , 10308.5 , 1 , 18.0021419221 , 26.8 , 59.7015364461 , 10.7611111111 , 1.78970773302 , 6.0 , 8.5 , 0.1435 , 0.121018784707 , 0.253215434084 , 0.177307261842 , 9388.0 , 2.34105199282 , 0.157529613012 , 0.00257823428844 , 5.5 , 381.5 , no , 0.622710622711 , 0.2 , 0.05
9 , 0 , fluid , 2 , 188.0 , 15.2206856611 , 200 , 6 , 400 , 0.1 , 0.1 , 0.933198105468 , 1000 , 4 , 0.1 , 9 , 10 , 10 , 1889.5 , 1 , 34.9617446718 , 53.9166666667 , 96.8746234173 , 11.3833333333 , 1.78671516602 , 6.0 , 3.0 , 0.39435 , 0.23953989254 , 0.486523652365 , 0.153804527933 , 1732.5 , 0.703277158808 , 0.194288564817 , 0.00665263828211 , 6.0 , 413.5 , no , 0.669871794872 , 0.2 , 0.05
11 , 0 , fluid , 2 , 0.5 , 0.00916659203342 , 200 , 6 , 400 , 0.1 , 0.1 , 0.933198105468 , 1000 , 1 , 0.08 , 9 , 10 , 10 , 4.5 , 1 , 21.8240740741 , 28.0 , 15.7034883721 , 9.12222222222 , 1.78976822544 , 6.0 , 1.5 , 0.86765 , 0.857432791665 , 0.5 , 0.16 , 4.0 , 0.0 , 0.0353723293749 , 0.0068684687617 , 7.0 , 328.0 , no , 0.632478632479 , 0.2 , 0.05
12 , 0 , fluid , 2 , 107.5 , 9.49564764472 , 200 , 6 , 400 , 0.1 , 0.1 , 0.933198105468 , 1000 , 1 , 0.07 , 9 , 10 , 10 , 1345.0 , 1 , 16.8092407975 , 48.0 , 36.4699975205 , 7.06111111111 , 1.78119176481 , 6.0 , 2.5 , 0.5513 , 0.416495876539 , 0.0263993648273 , 0.180330648127 , 1316.5 , 0.353510107183 , 0.177356348223 , 0.00321524479504 , 6.0 , 255.0 , no , 0.669230769231 , 0.2 , 0.05
13 , 0 , fluid , 2 , 158.0 , 7.74153548307 , 200 , 6 , 400 , 0.1 , 0.1 , 0.933198105468 , 1000 , 1 , 0.06 , 9 , 10 , 10 , 1868.5 , 1 , 37.9216101695 , 56.0 , 77.3662120072 , 10.3111111111 , 1.7882027843 , 6.0 , 2.0 , 0.50685 , 0.100642671802 , 0.275395503747 , 0.0134665112584 , 1857.0 , 0.0 , 0.15274325173 , 0.00220472283883 , 4.5 , 367.5 , no , 0.699300699301 , 0.2 , 0.05
14 , 0 , fluid , 2 , 34.0 , 2.91012343607 , 200 , 6 , 400 , 0.1 , 0.1 , 0.933198105468 , 1000 , 1 , 0.05 , 9 , 10 , 10 , 262.0 , 1 , 50.3370927318 , nan , 93.4550747497 , 12.7166666667 , 1.78601854078 , 6.0 , 1.0 , 1.0 , 1.0 , 0.161616161616 , 0.0 , 262.0 , 0.0 , 0.117245940012 , 0.0117723557956 , 4.5 , 453.5 , no , 0.724358974359 , 0.2 , 0.05
16 , 0 , fluid , 2 , 27.0 , 1.58464625368 , 200 , 6 , 400 , 0.1 , 0.1 , 0.933198105468 , 1000 , 1 , 0.03 , 9 , 10 , 10 , 243.5 , 1 , 55.7540735127 , nan , 97.767526237 , 8.54444444444 , 1.78946484935 , 6.0 , 1.0 , 1.0 , 1.0 , 0.0387168141593 , 0.0 , 243.5 , 0.0 , 0.125203923142 , 0.00505750392655 , 0.5 , 307.0 , no , 0.745562130178 , 0.2 , 0.05
19 , 1 , random_walk , 2 , 0.0 , 0.00348998334174 , 100 , 1 , 400 , 0.1 , 0.1 , 0.998965640613 , 1000 , 80 , 1.0 , 10 , 5 , 10 , 1.0 , 2 , 0.295795450971 , 4.40243902439 , 1.99140349232 , 0.0 , 0.0 , 1.0 , 1.0 , 1.0 , 1.0 , 0.0 , 0.5 , 1.0 , 0.0 , 0.11925660898 , 0.0146395890241 , 5.5 , 56.5 , yes , 0.763736263736 , 0.2 , 0.04
20 , 1 , random_walk , 2 , 0.5 , 0.0205831571719 , 100 , 1 , 400 , 0.1 , 0.1 , 0.998965640613 , 1000 , 80 , 0.9 , 10 , 5 , 10 , 5.0 , 2 , 0.37017352935 , 5.53917378917 , 2.81739104844 , 0.0 , 0.0 , 1.0 , 3.5 , 0.90835 , 0.930705539077 , 0.0714285714286 , 0.680272108844 , 2.0 , 0.246691100109 , 0.138364737031 , 0.0189568193288 , 5.5 , 64.5 , yes , 0.746153846154 , 0.2 , 0.04
21 , 1 , random_walk , 2 , 0.0 , 0.0283082263034 , 100 , 1 , 400 , 0.1 , 0.1 , 0.998965640613 , 1000 , 80 , 0.8 , 10 , 5 , 10 , 4.5 , 2 , 0.505832419199 , 6.03880597015 , 4.5555307096 , 0.0 , 0.0 , 1.0 , 3.0 , 0.82325 , 0.882732114084 , 0.375 , 0.5925 , 2.5 , 0.707106781187 , 0.119407359541 , 0.00670602552185 , 5.5 , 59.5 , yes , 0.730769230769 , 0.2 , 0.04
22 , 1 , random_walk , 2 , 1.0 , 0.0193859653882 , 100 , 1 , 400 , 0.1 , 0.1 , 0.998965640613 , 1000 , 10 , 0.7 , 10 , 5 , 10 , 7.5 , 2 , 0.563694360599 , 4.14545454545 , 2.84411500449 , 0.0 , 0.0 , 1.0 , 4.0 , 0.87895 , 0.883195091854 , 0.0416666666667 , 0.701388888889 , 2.5 , 0.105773577242 , 0.108792747588 , 0.00973049951481 , 3.0 , 47.5 , yes , 0.717194570136 , 0.2 , 0.04
23 , 1 , random_walk , 2 , 1.0 , 0.079645174262 , 100 , 1 , 400 , 0.1 , 0.1 , 0.998965640613 , 1000 , 10 , 0.6 , 10 , 5 , 10 , 8.0 , 2 , 0.929921259843 , 6.18571428571 , 4.33586973358 , 0.0 , 0.0 , 1.0 , 5.0 , 0.8155 , 0.869884122013 , 0.214285714286 , 0.713529856387 , 3.0 , 0.667067335566 , 0.13369530751 , 0.00989193638187 , 5.5 , 57.0 , yes , 0.67735042735 , 0.2 , 0.04
24 , 1 , random_walk , 2 , 0.5 , 0.0492376733904 , 100 , 1 , 400 , 0.1 , 0.1 , 0.998965640613 , 1000 , 10 , 0.5 , 10 , 5 , 10 , 10.0 , 2 , 1.3302269863 , 7.40769230769 , 5.05268607443 , 0.0 , 0.0 , 1.0 , 6.5 , 0.8745 , 0.924840528 , 0.0909090909091 , 0.816549331701 , 2.5 , 0.0321521217295 , 0.135362482264 , 0.0154725865658 , 6.5 , 41.5 , yes , 0.652226720648 , 0.2 , 0.04
25 , 1 , random_walk , 2 , 1.5 , 0.139455538628 , 100 , 1 , 400 , 0.1 , 0.1 , 0.998965640613 , 1000 , 4 , 0.4 , 10 , 5 , 10 , 13.5 , 2 , 1.61135582946 , 12.6 , 4.95447295423 , 0.0 , 0.0 , 1.0 , 4.0 , 0.757 , 0.783216260139 , 0.0681818181818 , 0.589173553719 , 6.5 , 0.509199343887 , 0.147305562229 , 0.00538448660563 , 4.0 , 52.0 , yes , 0.652948717949 , 0.2 , 0.04
26 , 1 , random_walk , 2 , 4.0 , 0.566174431099 , 100 , 1 , 400 , 0.1 , 0.1 , 0.998965640613 , 1000 , 4 , 0.3 , 10 , 5 , 10 , 23.5 , 2 , 3.82761946663 , 12.875 , 17.5843251053 , 0.0 , 0.0 , 1.0 , 5.0 , 0.38205 , 0.481462559343 , 0.232142857143 , 0.460204788287 , 17.0 , 1.4288205009 , 0.153882696335 , 0.00683569260425 , 6.5 , 74.0 , yes , 0.642264085121 , 0.2 , 0.04
27 , 1 , random_walk , 2 , 9.5 , 1.10669606935 , 100 , 1 , 400 , 0.1 , 0.1 , 0.998965640613 , 1000 , 4 , 0.2 , 10 , 5 , 10 , 72.0 , 2 , 5.15134328358 , 12.375 , 20.5341457995 , 0.0 , 0.0 , 1.0 , 10.5 , 0.25205 , 0.457602033923 , 0.159090909091 , 0.594609124642 , 45.5 , 2.5761917987 , 0.130987579844 , 0.00511927596501 , 4.5 , 124.0 , yes , 0.625466957285 , 0.2 , 0.04
29 , 1 , random_walk , 2 , 27.0 , 1.73360268418 , 100 , 1 , 400 , 0.1 , 0.1 , 0.998965640613 , 1000 , 1 , 0.09 , 10 , 5 , 10 , 218.5 , 2 , 20.3144425676 , nan , 39.6696548572 , 0.0 , 0.0 , 1.0 , 4.0 , 0.28035 , 0.131441280186 , 0.313688212928 , 0.0574356787502 , 213.0 , 1.10260894052 , 0.109582172581 , 0.00446832194573 , 13.5 , 157.0 , yes , 0.627258248997 , 0.2 , 0.04
30 , 1 , random_walk , 2 , 66.0 , 5.59158276818 , 100 , 1 , 400 , 0.1 , 0.1 , 0.998965640613 , 1000 , 1 , 0.08 , 10 , 5 , 10 , 478.5 , 2 , 17.6507026627 , nan , 105.254344923 , 0.0 , 0.0 , 1.0 , 13.0 , 0.11665 , 0.190184739758 , 0.67728531856 , 0.247325362418 , 408.0 , 3.03476856124 , 0.153156818761 , 0.00772492022142 , 4.5 , 88.0 , yes , 0.635844710845 , 0.2 , 0.04
31 , 1 , random_walk , 2 , 10.0 , 1.18994662235 , 100 , 1 , 400 , 0.1 , 0.1 , 0.998965640613 , 1000 , 1 , 0.07 , 10 , 5 , 10 , 68.0 , 2 , 33.8136792453 , nan , 93.2932503277 , 0.0 , 0.0 , 1.0 , 3.5 , 0.4255 , 0.240487343139 , 0.273333333333 , 0.275797402132 , 57.0 , 0.837680810618 , 0.136077492253 , 0.00251703592918 , 11.0 , 216.0 , yes , 0.637077589078 , 0.2 , 0.04
32 , 1 , random_walk , 2 , 26.0 , 2.33984421211 , 100 , 1 , 400 , 0.1 , 0.1 , 0.998965640613 , 1000 , 1 , 0.06 , 10 , 5 , 10 , 252.5 , 2 , 24.5588907239 , nan , 96.10897009 , 0.0 , 0.0 , 1.0 , 10.0 , 0.42535 , 0.246978752546 , 0.0862068965517 , 0.752509517548 , 101.5 , 1.35428686825 , 0.0814644957138 , 0.00501420390848 , 5.0 , 124.5 , yes , 0.641420758728 , 0.2 , 0.04
33 , 1 , random_walk , 2 , 8.0 , 1.06067300975 , 100 , 1 , 400 , 0.1 , 0.1 , 0.998965640613 , 1000 , 1 , 0.05 , 10 , 5 , 10 , 61.0 , 2 , 36.2241403808 , nan , 98.473922304 , 0.0 , 0.0 , 1.0 , 6.5 , 0.3747 , 0.401181170594 , 1.07692307692 , 0.572124373356 , 36.5 , 1.64329742529 , 0.178917118691 , 0.00692835160152 , 9.5 , 214.5 , yes , 0.647967464634 , 0.2 , 0.04
38 , 2 , random_walk , 2 , 1.0 , 0.0836852597703 , 200 , 1 , 400 , 0.1 , 0.1 , 0.992006704172 , 1000 , 80 , 1.0 , 5 , 7 , 10 , 5.5 , 2 , 0.0637253268737 , 3.18125 , 1.6842700638 , 0.0 , 0.0 , 1.0 , 4.0 , 0.8899 , 0.929600641039 , 0.25 , 0.700255102041 , 2.0 , 0.557677535825 , 0.105667703904 , 0.0111573391334 , 2.0 , 111.5 , yes , 0.624825769469 , 0.2 , 0.02
39 , 2 , random_walk , 2 , 1.5 , 0.0225691603989 , 200 , 1 , 400 , 0.1 , 0.1 , 0.992006704172 , 1000 , 80 , 0.9 , 5 , 7 , 10 , 6.0 , 2 , 0.096416586586 , 3.93119542307 , 2.57776974952 , 0.0 , 0.0 , 1.0 , 3.0 , 0.7677 , 0.817920249511 , 0.4 , 0.565714285714 , 3.5 , 0.544454277674 , 0.0902335963943 , 0.010577471032 , 3.0 , 94.5 , yes , 0.623969708452 , 0.2 , 0.02
40 , 2 , random_walk , 2 , 0.0 , 0.012757751638 , 200 , 1 , 400 , 0.1 , 0.1 , 0.992006704172 , 1000 , 80 , 0.8 , 5 , 7 , 10 , 5.0 , 2 , 0.13513933175 , 4.76546052632 , 2.73109809407 , 0.0 , 0.0 , 1.0 , 2.5 , 0.8798 , 0.878538008522 , 0.142857142857 , 0.528344671202 , 2.5 , -0.353553390593 , 0.104640054367 , 0.00939606737399 , 5.5 , 94.0 , yes , 0.619837384837 , 0.2 , 0.02
41 , 2 , random_walk , 2 , 1.0 , 0.0742151071627 , 200 , 1 , 400 , 0.1 , 0.1 , 0.992006704172 , 1000 , 10 , 0.7 , 5 , 7 , 10 , 7.0 , 2 , 0.210555690078 , 5.08333333333 , 1.81149425287 , 0.0 , 0.0 , 1.0 , 5.0 , 0.89645 , 0.933351320631 , 0.111111111111 , 0.767407407407 , 2.0 , 0.57735026919 , 0.0907116942507 , 0.00744131728692 , 2.5 , 83.5 , yes , 0.599842630488 , 0.2 , 0.02
42 , 2 , random_walk , 2 , 1.0 , 0.0805939765225 , 200 , 1 , 400 , 0.1 , 0.1 , 0.992006704172 , 1000 , 10 , 0.6 , 5 , 7 , 10 , 7.5 , 2 , 0.316733511586 , 3.6 , 3.4957026538 , 0.0 , 0.0 , 1.0 , 3.5 , 0.73835 , 0.796478631595 , 0.222222222222 , 0.595679012346 , 4.0 , 0.679565222936 , 0.150707223157 , 0.00997045700898 , 4.0 , 66.5 , yes , 0.587347548285 , 0.2 , 0.02
43 , 2 , random_walk , 2 , 1.5 , 0.0695934146383 , 200 , 1 , 400 , 0.1 , 0.1 , 0.992006704172 , 1000 , 10 , 0.5 , 5 , 7 , 10 , 12.5 , 2 , 0.767373190439 , 4.60833333333 , 6.595174005 , 0.0 , 0.0 , 1.0 , 5.5 , 0.7346 , 0.823962968109 , 0.178571428571 , 0.748229043684 , 5.0 , 1.28846510378 , 0.0986442716981 , 0.00622866479275 , 4.5 , 81.5 , yes , 0.569549137731 , 0.2 , 0.02
44 , 2 , random_walk , 2 , 0.5 , 0.013868611168 , 200 , 1 , 400 , 0.1 , 0.1 , 0.992006704172 , 1000 , 4 , 0.4 , 5 , 7 , 10 , 5.0 , 2 , 1.0889247855 , 8.225 , 5.64188034188 , 0.0 , 0.0 , 1.0 , 2.5 , 0.89445 , 0.928092214907 , 0.5 , 0.534722222222 , 3.0 , 0.353553390593 , 0.113497069496 , 0.00412132334266 , 4.0 , 59.0 , yes , 0.567503574857 , 0.2 , 0.02
45 , 2 , random_walk , 2 , 0.5 , 0.0319632684993 , 200 , 1 , 400 , 0.1 , 0.1 , 0.992006704172 , 1000 , 4 , 0.3 , 5 , 7 , 10 , 6.0 , 2 , 1.69656961178 , 8.83333333333 , 9.76735808916 , 0.0 , 0.0 , 1.0 , 2.5 , 0.75655 , 0.758764087327 , 0.4 , 0.445714285714 , 4.0 , 0.19090088708 , 0.0647492805361 , 0.00480171354695 , 6.5 , 102.0 , yes , 0.557003472718 , 0.2 , 0.02
46 , 2 , random_walk , 2 , 15.5 , 2.21318511432 , 200 , 1 , 400 , 0.1 , 0.1 , 0.992006704172 , 1000 , 4 , 0.2 , 5 , 7 , 10 , 71.0 , 2 , 3.78956527752 , 16.0 , 32.6736120274 , 0.0 , 0.0 , 1.0 , 4.5 , 0.4342 , 0.268071340156 , 0.240963855422 , 0.409737926172 , 52.5 , 0.95152558841 , 0.164533272629 , 0.0074443776536 , 5.0 , 174.5 , yes , 0.561372423872 , 0.2 , 0.02
47 , 2 , random_walk , 2 , 14.5 , 1.8573058623 , 200 , 1 , 400 , 0.1 , 0.1 , 0.992006704172 , 1000 , 4 , 0.1 , 5 , 7 , 10 , 76.5 , 2 , 12.0921904049 , 38.925 , 43.9735860572 , 0.0 , 0.0 , 1.0 , 10.5 , 0.35885 , 0.420036840264 , 0.108910891089 , 0.704972254431 , 38.0 , 2.01394769224 , 0.124309546643 , 0.00505970849407 , 5.5 , 150.5 , yes , 0.559713709714 , 0.2 , 0.02
48 , 2 , random_walk , 2 , 26.0 , 3.86022833919 , 200 , 1 , 400 , 0.1 , 0.1 , 0.992006704172 , 1000 , 1 , 0.09 , 5 , 7 , 10 , 141.0 , 2 , 13.0152798491 , nan , 88.0118798363 , 0.0 , 0.0 , 1.0 , 9.5 , 0.4606 , 0.32906864849 , 0.178321678322 , 0.769438686246 , 54.5 , 1.37567383438 , 0.162589104339 , 0.00716990613336 , 7.0 , 105.5 , yes , 0.565108240573 , 0.2 , 0.02
49 , 2 , random_walk , 2 , 25.5 , 2.97647564602 , 200 , 1 , 400 , 0.1 , 0.1 , 0.992006704172 , 1000 , 1 , 0.08 , 5 , 7 , 10 , 113.0 , 2 , 17.9246995441 , nan , 98.9598225624 , 0.0 , 0.0 , 1.0 , 8.5 , 0.43415 , 0.304476529853 , 0.175438596491 , 0.72071896337 , 48.5 , 1.25584277157 , 0.159721596088 , 0.00559010548109 , 9.0 , 222.0 , yes , 0.568933304001 , 0.2 , 0.02
50 , 2 , random_walk , 2 , 64.0 , 6.56484679284 , 200 , 1 , 400 , 0.1 , 0.1 , 0.992006704172 , 1000 , 1 , 0.07 , 5 , 7 , 10 , 377.5 , 2 , 17.702972727 , nan , 98.0021849807 , 0.0 , 0.0 , 1.0 , 14.0 , 0.15135 , 0.22804885783 , 0.186550976139 , 0.477177215154 , 268.5 , 2.95922633842 , 0.159870889383 , 0.00377300532515 , 10.5 , 84.0 , yes , 0.573459971401 , 0.2 , 0.02
51 , 2 , random_walk , 2 , 44.5 , 5.65799109461 , 200 , 1 , 400 , 0.1 , 0.1 , 0.992006704172 , 1000 , 1 , 0.06 , 5 , 7 , 10 , 272.0 , 2 , 23.7171642724 , nan , 98.8587671998 , 0.0 , 0.0 , 1.0 , 10.0 , 0.29775 , 0.19723230907 , 0.133928571429 , 0.661211051235 , 123.0 , 1.44213727221 , 0.166015986117 , 0.0046742869955 , 6.5 , 209.5 , yes , 0.576894745618 , 0.2 , 0.02
52 , 2 , random_walk , 2 , 22.5 , 2.53562330791 , 200 , 1 , 400 , 0.1 , 0.1 , 0.992006704172 , 1000 , 1 , 0.05 , 5 , 7 , 10 , 166.0 , 2 , 32.814050897 , nan , 100.248298738 , 0.0 , 0.0 , 1.0 , 6.5 , 0.187 , 0.218983209179 , 0.337837837838 , 0.167335002078 , 152.0 , 1.9074028091 , 0.152307364457 , 0.00179409631423 , 5.5 , 126.0 , yes , 0.575063918341 , 0.2 , 0.02
53 , 2 , random_walk , 2 , 30.0 , 4.93973496334 , 200 , 1 , 400 , 0.1 , 0.1 , 0.992006704172 , 1000 , 1 , 0.04 , 5 , 7 , 10 , 164.0 , 2 , 32.2330657381 , nan , 100.331159338 , 0.0 , 0.0 , 1.0 , 7.5 , 0.2602 , 0.24515960525 , 0.63025210084 , 0.482537230778 , 115.5 , 2.00262230159 , 0.157692542587 , 0.00804216364204 , 4.0 , 206.5 , yes , 0.577194214814 , 0.2 , 0.02
54 , 2 , random_walk , 2 , 23.5 , 2.36611512576 , 200 , 1 , 400 , 0.1 , 0.1 , 0.992006704172 , 1000 , 1 , 0.03 , 5 , 7 , 10 , 194.5 , 2 , 41.1139431928 , nan , 103.534250368 , 0.0 , 0.0 , 1.0 , 9.5 , 0.34015 , 0.259783622226 , 0.133484162896 , 0.670777432536 , 90.5 , 1.3889409909 , 0.135830987863 , 0.00220272266375 , 5.5 , 227.0 , yes , 0.583556683958 , 0.2 , 0.02
55 , 2 , random_walk , 2 , 25.5 , 3.09338742503 , 200 , 1 , 400 , 0.1 , 0.1 , 0.992006704172 , 1000 , 1 , 0.02 , 5 , 7 , 10 , 196.0 , 2 , 33.8987378084 , nan , 105.561640124 , 0.0 , 0.0 , 1.0 , 4.5 , 0.24995 , 0.159619570121 , 0.255952380952 , 0.0896951373142 , 188.5 , 1.32462579708 , 0.156311222904 , 0.001897768865 , 2.0 , 230.5 , yes , 0.585403572462 , 0.2 , 0.02
57 , 3 , fluid , 2 , 0.0 , 0.0245997322506 , 200 , 2 , 800 , 0.1 , 0.1 , 0.998827249812 , 1000 , 80 , 1.0 , 8 , 5 , 10 , 6.5 , 2 , 4.26364499566 , 4.1125 , 5.15003755022 , 5.4875 , 0.692443585475 , 2.0 , 4.0 , 0.83015 , 0.876395395018 , 0.111111111111 , 0.68287037037 , 2.5 , 0.557677535825 , 0.0888044736072 , 0.0097366182343 , 4.0 , 424.0 , no , 0.583546973061 , 0.2 , 0.02
58 , 3 , fluid , 2 , 0.0 , 0.0191231272548 , 200 , 2 , 800 , 0.1 , 0.1 , 0.998827249812 , 1000 , 80 , 0.9 , 8 , 5 , 10 , 4.5 , 2 , 4.67644865357 , 4.8625 , 5.75771100117 , 5.25 , 0.692574749244 , 2.0 , 3.5 , 0.8909 , 0.937545426193 , 0.2 , 0.6725 , 2.0 , 0.930903659783 , 0.077913661966 , 0.00705611685387 , 4.0 , 434.5 , no , 0.571131080017 , 0.2 , 0.02
59 , 3 , fluid , 2 , 2.5 , 0.0871364352618 , 200 , 2 , 800 , 0.1 , 0.1 , 0.998827249812 , 1000 , 80 , 0.8 , 8 , 5 , 10 , 12.0 , 2 , 5.20839159294 , 5.175 , 6.27674334129 , 4.9875 , 0.690446047965 , 2.0 , 5.0 , 0.7875 , 0.778390218795 , 0.5 , 0.737654320988 , 4.0 , 0.110857952634 , 0.130412347581 , 0.0097640642579 , 3.5 , 428.0 , no , 0.573121404739 , 0.2 , 0.02
60 , 3 , fluid , 2 , 1.5 , 0.0818249943557 , 200 , 2 , 800 , 0.1 , 0.1 , 0.998827249812 , 1000 , 10 , 0.7 , 8 , 5 , 10 , 18.0 , 2 , 5.56464731266 , 5.65 , 7.92152780774 , 5.6375 , 0.691584493822 , 2.0 , 8.5 , 0.7082 , 0.794480092545 , 0.375 , 0.807397959184 , 4.5 , 1.01555202323 , 0.0822021551771 , 0.00965166460486 , 3.0 , 428.0 , no , 0.570171405225 , 0.2 , 0.02
61 , 3 , fluid , 2 , 3.5 , 0.181565320321 , 200 , 2 , 800 , 0.1 , 0.1 , 0.998827249812 , 1000 , 10 , 0.6 , 8 , 5 , 10 , 16.0 , 2 , 6.49731003404 , 7.23181818182 , 8.6149608891 , 5.15 , 0.689288508347 , 2.0 , 6.5 , 0.8233 , 0.897719095962 , 2.0 , 0.435555555556 , 5.0 , 1.04901564814 , 0.136037148101 , 0.0062148440334 , 2.5 , 422.0 , no , 0.572101310454 , 0.2 , 0.02
62 , 3 , fluid , 2 , 2.0 , 0.0492684120789 , 200 , 2 , 800 , 0.1 , 0.1 , 0.998827249812 , 1000 , 10 , 0.5 , 8 , 5 , 10 , 12.5 , 2 , 7.79885789715 , 7.69090909091 , 9.72823129252 , 5.0375 , 0.693051245806 , 2.0 , 6.0 , 0.81295 , 0.857962427994 , 0.166666666667 , 0.790228468113 , 4.0 , 0.722144076088 , 0.0849001041074 , 0.00742011199793 , 5.5 , 399.5 , no , 0.563684758148 , 0.2 , 0.02
63 , 3 , fluid , 2 , 14.0 , 1.34834780231 , 200 , 2 , 800 , 0.1 , 0.1 , 0.998827249812 , 1000 , 4 , 0.4 , 8 , 5 , 10 , 145.0 , 2 , 8.65285823358 , 6.5 , 14.9352207229 , 4.775 , 0.69297865955 , 2.0 , 21.5 , 0.5309 , 0.621645141093 , 1.10416666667 , 0.871402935597 , 29.5 , 1.73805098016 , 0.134297673752 , 0.00661854175632 , 3.0 , 384.5 , no , 0.563978269884 , 0.2 , 0.02
64 , 3 , fluid , 2 , 16.5 , 1.5689122426 , 200 , 2 , 800 , 0.1 , 0.1 , 0.998827249812 , 1000 , 4 , 0.3 , 8 , 5 , 10 , 138.5 , 2 , 11.3895047418 , 10.775 , 19.2151929908 , 4.625 , 0.692664007058 , 2.0 , 12.5 , 0.4386 , 0.409328291865 , 0.785714285714 , 0.574656712252 , 34.0 , 1.05166022251 , 0.12624328718 , 0.0051900198979 , 5.5 , 359.0 , no , 0.569846604415 , 0.2 , 0.02
65 , 3 , fluid , 2 , 59.0 , 7.4820936644 , 200 , 2 , 800 , 0.1 , 0.1 , 0.998827249812 , 1000 , 4 , 0.2 , 8 , 5 , 10 , 392.0 , 2 , 15.1411097255 , 14.375 , 27.8193396168 , 4.2125 , 0.687512443542 , 2.0 , 13.5 , 0.51215 , 0.43433185963 , 7.55882352941 , 0.753235911914 , 132.0 , 1.33681861255 , 0.131144438687 , 0.00740260825771 , 2.0 , 357.5 , no , 0.57196445482 , 0.2 , 0.02
66 , 3 , fluid , 2 , 185.5 , 20.133956874 , 200 , 2 , 800 , 0.1 , 0.1 , 0.998827249812 , 1000 , 4 , 0.1 , 8 , 5 , 10 , 1565.5 , 2 , 24.8102461898 , 35.9 , 68.4512025083 , 3.6125 , 0.692070603686 , 2.0 , 7.0 , 0.23355 , 0.0890408004188 , 1.51636904762 , 0.15680889765 , 1353.5 , 1.75352477103 , 0.168699482049 , 0.00673216526179 , 2.0 , 276.0 , no , 0.573686313218 , 0.2 , 0.02
67 , 3 , fluid , 2 , 445.0 , 20.3871421608 , 200 , 2 , 800 , 0.1 , 0.1 , 0.998827249812 , 1000 , 1 , 0.09 , 8 , 5 , 10 , 4550.5 , 2 , 10.4599554566 , 49.5 , 52.9458578456 , 1.275 , 0.691844103213 , 2.0 , 13.5 , 0.21565 , 0.110986795063 , 0.279219288175 , 0.655918855121 , 2413.0 , 2.52098057138 , 0.152154129426 , 0.0051430344296 , 1.5 , 105.5 , no , 0.579810962386 , 0.2 , 0.02
68 , 3 , fluid , 2 , 87.5 , 7.36816056223 , 200 , 2 , 800 , 0.1 , 0.1 , 0.998827249812 , 1000 , 1 , 0.08 , 8 , 5 , 10 , 924.0 , 2 , 17.4922310757 , 43.5 , 46.950146384 , 2.1125 , 0.691535157623 , 2.0 , 9.0 , 0.3141 , 0.173699998682 , 0.239406779661 , 0.645675909164 , 470.5 , 1.57830417319 , 0.124553806995 , 0.00568465712137 , 3.5 , 160.0 , no , 0.581334746672 , 0.2 , 0.02
69 , 3 , fluid , 2 , 155.0 , 15.2292728635 , 200 , 2 , 800 , 0.1 , 0.1 , 0.998827249812 , 1000 , 1 , 0.07 , 8 , 5 , 10 , 1093.5 , 2 , 14.3493809227 , 42.0 , 45.0252062915 , 1.7875 , 0.691006782869 , 2.0 , 8.0 , 0.5973 , 0.366587704541 , 0.0760111576011 , 0.78571179053 , 362.5 , 0.730875124291 , 0.130897917156 , 0.00928174405611 , 1.5 , 147.5 , no , 0.588553113109 , 0.2 , 0.02
70 , 3 , fluid , 2 , 152.5 , 7.68199488598 , 200 , 2 , 800 , 0.1 , 0.1 , 0.998827249812 , 1000 , 1 , 0.06 , 8 , 5 , 10 , 1720.0 , 2 , 35.8494820889 , nan , 86.4162100608 , 3.4625 , 0.692884745408 , 2.0 , 11.5 , 0.182 , 0.183347524724 , 0.313926940639 , 0.521283699084 , 1144.0 , 2.63228815184 , 0.145669848479 , 0.00266854003608 , 4.0 , 283.5 , no , 0.594052949806 , 0.2 , 0.02
71 , 3 , fluid , 2 , 156.5 , 11.2524793104 , 200 , 2 , 800 , 0.1 , 0.1 , 0.998827249812 , 1000 , 1 , 0.05 , 8 , 5 , 10 , 1661.0 , 2 , 24.4868421053 , nan , 96.99303955 , 2.425 , 0.688013338383 , 2.0 , 6.5 , 0.5658 , 0.290219643163 , 0.710126582278 , 0.726879831736 , 706.5 , 0.616371901473 , 0.139241851253 , 0.00547060359789 , 2.0 , 217.5 , no , 0.600818733976 , 0.2 , 0.02
72 , 3 , fluid , 2 , 235.5 , 14.5211743055 , 200 , 2 , 800 , 0.1 , 0.1 , 0.998827249812 , 1000 , 1 , 0.04 , 8 , 5 , 10 , 2233.0 , 2 , 21.2633447099 , 60.0 , 104.119624933 , 1.425 , 0.687249157458 , 2.0 , 4.5 , 0.2872 , 0.113431286449 , 0.751711263223 , 0.153283885145 , 1995.0 , 1.19895599592 , 0.149809160968 , 0.0065243538073 , 3.0 , 113.0 , no , 0.607362689157 , 0.2 , 0.02
73 , 3 , fluid , 2 , 123.5 , 5.87055384731 , 200 , 2 , 800 , 0.1 , 0.1 , 0.998827249812 , 1000 , 1 , 0.03 , 8 , 5 , 10 , 1697.0 , 2 , 43.0104895105 , nan , 117.41950874 , 2.8375 , 0.693016855023 , 2.0 , 2.5 , 0.54 , 0.240160798781 , 0.200487372619 , 0.23596141867 , 1491.5 , 0.26358516802 , 0.134782371289 , 0.00284228671146 , 3.0 , 229.5 , no , 0.613695549009 , 0.2 , 0.02
74 , 3 , fluid , 2 , 71.5 , 6.17151000426 , 200 , 2 , 800 , 0.1 , 0.1 , 0.998827249812 , 1000 , 1 , 0.02 , 8 , 5 , 10 , 619.5 , 2 , 35.3919463087 , 69.5 , 98.9533407257 , 1.275 , 0.692580717372 , 2.0 , 3.5 , 0.591 , 0.139756872678 , 0.270465489567 , 0.506842999505 , 324.0 , -0.301364942018 , 0.142724907584 , 0.00539895861754 , 4.0 , 105.5 , no , 0.619827365692 , 0.2 , 0.02
77 , 4 , random_walk , 2 , 4.0 , 0.947324886633 , 400 , 6 , 800 , 0.1 , 0.1 , 0.997286112042 , 1000 , 80 , 0.9 , 9 , 9 , 10 , 21.0 , 0 , 0.166075247891 , 6.81812169312 , 62.94999501 , 6.1975308642 , 1.78075666401 , 6.0 , 1.0 , 1.0 , 1.0 , 0.307692307692 , 0.0 , 21.0 , 0.0 , 0.292007348393 , 0.0114605915932 , 6.5 , 205.5 , no , 0.625767563103 , 0.3 , 0.03
80 , 4 , random_walk , 2 , 1.5 , 0.0480748780542 , 400 , 6 , 800 , 0.1 , 0.1 , 0.997286112042 , 1000 , 10 , 0.6 , 9 , 9 , 10 , 8.0 , 0 , 0.558489621046 , 8.23351648352 , 12.1139150271 , 4.55555555556 , 1.78358244779 , 6.0 , 2.5 , 0.89615 , 0.85590035535 , 3.0 , 0.342222222222 , 3.5 , -0.139015277827 , 0.144562552656 , 0.00537133153876 , 5.5 , 150.0 , no , 0.625371139055 , 0.3 , 0.03
81 , 4 , random_walk , 2 , 1.5 , 0.156920545112 , 400 , 6 , 800 , 0.1 , 0.1 , 0.997286112042 , 1000 , 10 , 0.5 , 9 , 9 , 10 , 7.0 , 0 , 1.02314293182 , 10.4431818182 , 24.5412336222 , 6.35185185185 , 1.77705528668 , 6.0 , 1.5 , 0.8559 , 0.836161890593 , 1.5 , 0.148760330579 , 6.0 , 0.0 , 0.24139081839 , 0.00508735222362 , 8.0 , 203.0 , no , 0.631047333918 , 0.3 , 0.03
82 , 4 , random_walk , 2 , 2.5 , 0.214657842255 , 400 , 6 , 800 , 0.1 , 0.1 , 0.997286112042 , 1000 , 4 , 0.4 , 9 , 9 , 10 , 10.5 , 0 , 1.74061524034 , 9.91666666667 , 15.05831643 , 5.75925925926 , 1.77677072359 , 6.0 , 2.5 , 0.5598 , 0.470809479225 , 0.291666666667 , 0.261574074074 , 9.0 , 0.353553390593 , 0.247647679589 , 0.0125946327537 , 3.5 , 185.0 , no , 0.629091403561 , 0.3 , 0.03
83 , 4 , random_walk , 2 , 38.5 , 7.37756145978 , 400 , 6 , 800 , 0.1 , 0.1 , 0.997286112042 , 1000 , 4 , 0.3 , 9 , 9 , 10 , 185.0 , 0 , 3.00974766371 , 18.5972222222 , 40.506857597 , 8.32098765432 , 1.7831495121 , 6.0 , 3.0 , 0.6188 , 0.163931458947 , 0.49 , 0.461048760331 , 120.5 , -0.0676962413029 , 0.217356819957 , 0.0037648469937 , 7.5 , 268.5 , no , 0.634545941744 , 0.3 , 0.03
84 , 4 , random_walk , 2 , 72.5 , 11.8106484524 , 400 , 6 , 800 , 0.1 , 0.1 , 0.997286112042 , 1000 , 4 , 0.2 , 9 , 9 , 10 , 309.5 , 0 , 5.53795781435 , 31.75 , 69.2803873189 , 7.35185185185 , 1.78119862757 , 6.0 , 10.5 , 0.4135 , 0.325942828894 , 0.205992509363 , 0.758957310355 , 105.0 , 1.27726386528 , 0.254475561329 , 0.00595848295809 , 13.0 , 243.5 , no , 0.636621765454 , 0.3 , 0.03
85 , 4 , random_walk , 2 , 46.5 , 7.76507330227 , 400 , 6 , 800 , 0.1 , 0.1 , 0.997286112042 , 1000 , 4 , 0.1 , 9 , 9 , 10 , 290.0 , 0 , 16.2677402725 , nan , 97.4867426195 , 13.1296296296 , 1.78937451959 , 6.0 , 12.5 , 0.30825 , 0.373491539699 , 0.484042553191 , 0.722237531909 , 138.0 , 2.52175857276 , 0.252039643235 , 0.00390959297295 , 15.0 , 426.0 , no , 0.640384311662 , 0.3 , 0.03
86 , 4 , random_walk , 2 , 44.0 , 6.52216037763 , 400 , 6 , 800 , 0.1 , 0.1 , 0.997286112042 , 1000 , 1 , 0.09 , 9 , 9 , 10 , 255.5 , 0 , 20.8912402333 , nan , 98.1030601729 , 15.8827160494 , 1.78543265709 , 6.0 , 12.5 , 0.56405 , 0.486376363743 , 0.547368421053 , 0.856619034948 , 64.0 , 1.16419003555 , 0.224203830113 , 0.00766523351858 , 15.5 , 530.0 , no , 0.641223969244 , 0.3 , 0.03
87 , 4 , random_walk , 2 , 27.5 , 4.48176560702 , 400 , 6 , 800 , 0.1 , 0.1 , 0.997286112042 , 1000 , 1 , 0.08 , 9 , 9 , 10 , 181.0 , 0 , 23.2354816606 , nan , 81.6021020664 , 9.44444444444 , 1.78513289836 , 6.0 , 9.0 , 0.39285 , 0.304933526547 , 0.149746192893 , 0.657098889878 , 92.5 , 1.42529309455 , 0.243079475682 , 0.00483417098578 , 3.0 , 314.0 , no , 0.644070217535 , 0.3 , 0.03
88 , 4 , random_walk , 2 , 83.0 , 9.92421332895 , 400 , 6 , 800 , 0.1 , 0.1 , 0.997286112042 , 1000 , 1 , 0.07 , 9 , 9 , 10 , 506.0 , 0 , 27.4662316297 , nan , 103.280538065 , 11.1481481481 , 1.78908978989 , 6.0 , 7.0 , 0.40995 , 0.423102614688 , 0.0759943181818 , 0.620449983002 , 292.5 , 1.30017840274 , 0.254732354012 , 0.00888689629848 , 13.0 , 371.0 , no , 0.646989020817 , 0.3 , 0.03
89 , 4 , random_walk , 2 , 84.5 , 12.3895747447 , 400 , 6 , 800 , 0.1 , 0.1 , 0.997286112042 , 1000 , 1 , 0.06 , 9 , 9 , 10 , 530.0 , 0 , 25.8323832853 , nan , 102.474811554 , 16.3333333333 , 1.78899354448 , 6.0 , 7.5 , 0.54025 , 0.286260396223 , 0.162751677852 , 0.751201623337 , 190.0 , 0.818173152604 , 0.26234235314 , 0.00636546085213 , 11.5 , 544.0 , no , 0.651759439455 , 0.3 , 0.03
90 , 4 , random_walk , 2 , 81.5 , 9.09417691836 , 400 , 6 , 800 , 0.1 , 0.1 , 0.997286112042 , 1000 , 1 , 0.05 , 9 , 9 , 10 , 450.5 , 0 , 27.3426178318 , nan , 105.239784761 , 13.8456790123 , 1.78923340045 , 6.0 , 5.5 , 0.60665 , 0.312745481037 , 0.144171779141 , 0.698289803305 , 168.0 , 0.0762847849357 , 0.239753941939 , 0.00617388481711 , 7.0 , 460.0 , no , 0.656402646929 , 0.3 , 0.03
91 , 4 , random_walk , 2 , 57.0 , 6.40719082753 , 400 , 6 , 800 , 0.1 , 0.1 , 0.997286112042 , 1000 , 1 , 0.04 , 9 , 9 , 10 , 286.0 , 0 , 32.644060629 , nan , 106.963492485 , 28.049382716 , 1.78958444361 , 6.0 , 3.0 , 0.4805 , 0.404987633629 , 0.40404040404 , 0.222671808999 , 250.5 , 0.575181164423 , 0.266600294185 , 0.013202253992 , 6.0 , 915.0 , no , 0.660923664732 , 0.3 , 0.03
92 , 4 , random_walk , 2 , 26.5 , 2.48072272534 , 400 , 6 , 800 , 0.1 , 0.1 , 0.997286112042 , 1000 , 1 , 0.03 , 9 , 9 , 10 , 189.5 , 0 , 24.627762216 , nan , 106.387728854 , 21.4938271605 , 1.7862976038 , 6.0 , 5.5 , 0.3324 , 0.430564467774 , 0.406779661017 , 0.449350135593 , 137.5 , 1.5835391311 , 0.226467691732 , 0.00594508314962 , 2.5 , 689.0 , no , 0.662729850904 , 0.3 , 0.03
93 , 4 , random_walk , 2 , 27.5 , 2.53853990368 , 400 , 6 , 800 , 0.1 , 0.1 , 0.997286112042 , 1000 , 1 , 0.02 , 9 , 9 , 10 , 199.0 , 0 , 22.3202020202 , nan , 103.794329157 , 13.487654321 , 1.78978014816 , 6.0 , 3.5 , 0.64355 , 0.609879472998 , 0.791666666667 , 0.533266566603 , 127.0 , 0.462704403629 , 0.243154405658 , 0.00849667518233 , 2.5 , 443.5 , no , 0.663390823512 , 0.3 , 0.03
94 , 4 , random_walk , 2 , 11.0 , 1.08305932607 , 400 , 6 , 800 , 0.1 , 0.1 , 0.997286112042 , 1000 , 1 , 0.01 , 9 , 9 , 10 , 179.5 , 0 , 36.1068376068 , nan , 111.940045616 , 6.96913580247 , 1.77615429784 , 6.0 , 1.0 , 1.0 , 1.0 , 5.109375 , 0.0 , 179.5 , 0.0 , 0.280988919652 , 0.00631725922248 , 2.0 , 247.5 , no , 0.667651699164 , 0.3 , 0.03
98 , 5 , random_walk , 2 , 0.0 , 0.0115476817176 , 100 , 1 , 800 , 0.1 , 0.1 , 0.99862041536 , 1000 , 10 , 0.7 , 5 , 7 , 10 , 1.5 , 0 , 0.721718461132 , 3.81666666667 , 8.68914473684 , 0.0 , 0.0 , 1.0 , 1.0 , 1.0 , 1.0 , 0.25 , 0.0 , 1.5 , 0.0 , 0.122417708178 , 0.00956461662192 , 3.5 , 68.5 , yes , 0.671806052924 , 0.2 , 0.05
99 , 5 , random_walk , 2 , 1.0 , 0.0836754488205 , 100 , 1 , 800 , 0.1 , 0.1 , 0.99862041536 , 1000 , 10 , 0.6 , 5 , 7 , 10 , 9.0 , 0 , 0.827509785862 , 3.95 , 12.6728112666 , 0.0 , 0.0 , 1.0 , 3.5 , 0.8889 , 0.931487848414 , 0.625 , 0.392857142857 , 4.5 , 0.706333282197 , 0.151511641361 , 0.00304098229548 , 5.5 , 80.0 , yes , 0.675857830048 , 0.2 , 0.05
100 , 5 , random_walk , 2 , 1.0 , 0.0634677862486 , 100 , 1 , 800 , 0.1 , 0.1 , 0.99862041536 , 1000 , 10 , 0.5 , 5 , 7 , 10 , 7.0 , 0 , 1.13870263942 , 5.2 , 13.0583688333 , 0.0 , 0.0 , 1.0 , 3.0 , 0.81365 , 0.860399162361 , 0.333333333333 , 0.550347222222 , 4.0 , 0.408248290464 , 0.140042949431 , 0.00410188953154 , 4.0 , 68.0 , yes , 0.67005468578 , 0.2 , 0.05
103 , 5 , random_walk , 2 , 5.5 , 0.752025592144 , 100 , 1 , 800 , 0.1 , 0.1 , 0.99862041536 , 1000 , 4 , 0.2 , 5 , 7 , 10 , 25.5 , 0 , 6.17479640131 , 20.8928571429 , 50.3030943866 , 0.0 , 0.0 , 1.0 , 2.0 , 0.74185 , 0.57265582563 , 0.0326086956522 , 0.261266540643 , 24.0 , 0.0 , 0.135690213851 , 0.00274211542961 , 6.0 , 105.5 , yes , 0.674029930529 , 0.2 , 0.05
105 , 5 , random_walk , 2 , 8.0 , 0.874755298708 , 100 , 1 , 800 , 0.1 , 0.1 , 0.99862041536 , 1000 , 1 , 0.09 , 5 , 7 , 10 , 40.0 , 0 , 16.1016069586 , 46.0416666667 , 67.1785714286 , 0.0 , 0.0 , 1.0 , 2.5 , 0.58765 , 0.443545413903 , 0.383720930233 , 0.296528911646 , 32.5 , 0.27609333935 , 0.152246626644 , 0.0283708968305 , 4.5 , 78.0 , yes , 0.677910526594 , 0.2 , 0.05
106 , 5 , random_walk , 2 , 24.0 , 2.814573545 , 100 , 1 , 800 , 0.1 , 0.1 , 0.99862041536 , 1000 , 1 , 0.08 , 5 , 7 , 10 , 121.5 , 0 , 25.3768421378 , nan , 99.5025470421 , 0.0 , 0.0 , 1.0 , 6.0 , 0.31375 , 0.207919978515 , 0.463963963964 , 0.454602133963 , 84.0 , 1.34253973367 , 0.176969517689 , 0.0107500361391 , 9.0 , 107.0 , yes , 0.679085435432 , 0.2 , 0.05
107 , 5 , random_walk , 2 , 0.5 , 0.0708438744572 , 100 , 1 , 800 , 0.1 , 0.1 , 0.99862041536 , 1000 , 1 , 0.07 , 5 , 7 , 10 , 12.0 , 0 , 36.0190018118 , nan , 96.5026019185 , 0.0 , 0.0 , 1.0 , 2.0 , 0.99505 , 0.996795624692 , 1.375 , 0.4975 , 6.5 , 0.0 , 0.164263463966 , 0.00402029124916 , 10.0 , 124.0 , yes , 0.682817000136 , 0.2 , 0.05
108 , 5 , random_walk , 2 , 25.0 , 2.09422713337 , 100 , 1 , 800 , 0.1 , 0.1 , 0.99862041536 , 1000 , 1 , 0.06 , 5 , 7 , 10 , 185.5 , 0 , 19.6712127159 , nan , 90.0945481786 , 0.0 , 0.0 , 1.0 , 6.0 , 0.24005 , 0.24464226831 , 0.24672489083 , 0.240991050783 , 163.5 , 1.6954864859 , 0.14975813607 , 0.00527468231148 , 6.0 , 145.5 , yes , 0.678799946495 , 0.2 , 0.05
110 , 5 , random_walk , 2 , 45.5 , 3.23368229856 , 100 , 1 , 800 , 0.1 , 0.1 , 0.99862041536 , 1000 , 1 , 0.04 , 5 , 7 , 10 , 394.5 , 0 , 59.1538461538 , nan , 110.568847208 , 0.0 , 0.0 , 1.0 , 6.0 , 0.2413 , 0.177972625736 , 0.0511363636364 , 0.191124286533 , 367.0 , 1.6849826588 , 0.148560476162 , 0.00393170342604 , 11.0 , 258.0 , yes , 0.677399442052 , 0.2 , 0.05
111 , 5 , random_walk , 2 , 18.0 , 2.50735224619 , 100 , 1 , 800 , 0.1 , 0.1 , 0.99862041536 , 1000 , 1 , 0.03 , 5 , 7 , 10 , 131.5 , 0 , 37.3658963585 , nan , 108.267600159 , 0.0 , 0.0 , 1.0 , 3.0 , 0.3902 , 0.239736471319 , 0.21270718232 , 0.144838351291 , 120.5 , 0.702908842776 , 0.14906834032 , 0.0112192461745 , 2.0 , 174.5 , yes , 0.681024167422 , 0.2 , 0.05
115 , 6 , random_walk , 2 , 0.5 , 0.0489845329135 , 100 , 6 , 200 , 0.1 , 0.1 , 0.996596838951 , 1000 , 80 , 0.9 , 8 , 9 , 10 , 5.5 , 1 , 0.603023335037 , 6.14033442725 , 7.38310201038 , 2.59722222222 , 1.77372091411 , 6.0 , 2.5 , 0.8091 , 0.783221006608 , 0.5 , 0.458888888889 , 3.5 , -0.353553390593 , 0.129994430718 , 0.00983300217248 , 8.0 , 68.5 , yes , 0.679012787784 , 0.2 , 0.05
116 , 6 , random_walk , 2 , 1.0 , 0.0598851839469 , 100 , 6 , 200 , 0.1 , 0.1 , 0.996596838951 , 1000 , 80 , 0.8 , 8 , 9 , 10 , 9.0 , 1 , 0.78340037722 , 8.49100650593 , 30.6485877958 , 2.47222222222 , 1.78560011935 , 6.0 , 2.5 , 0.7452 , 0.724621391889 , 3.25 , 0.41015625 , 7.0 , 0.344602749071 , 0.146873661728 , 0.00450845579575 , 7.0 , 69.0 , yes , 0.677045614292 , 0.2 , 0.05
117 , 6 , random_walk , 2 , 0.5 , 0.0284190200818 , 100 , 6 , 200 , 0.1 , 0.1 , 0.996596838951 , 1000 , 10 , 0.7 , 8 , 9 , 10 , 8.0 , 1 , 0.825423076548 , 7.38461538462 , 6.47658814946 , 2.69444444444 , 1.76561008349 , 6.0 , 2.5 , 0.9224 , 0.876598088624 , 1.25 , 0.352040816327 , 3.5 , -0.444444444444 , 0.133153343598 , 0.0152313691206 , 6.5 , 78.0 , yes , 0.68055598805 , 0.2 , 0.05
118 , 6 , random_walk , 2 , 1.5 , 0.0481361132799 , 100 , 6 , 200 , 0.1 , 0.1 , 0.996596838951 , 1000 , 10 , 0.6 , 8 , 9 , 10 , 10.0 , 1 , 1.37264155106 , 10.6328671329 , 5.42489629576 , 2.18055555556 , 1.75822333093 , 6.0 , 3.5 , 0.79 , 0.872448328839 , 0.0588235294118 , 0.575163398693 , 5.0 , 0.701757078175 , 0.119178231206 , 0.0206533319923 , 5.0 , 63.0 , yes , 0.67968979463 , 0.2 , 0.05
120 , 6 , random_walk , 2 , 2.5 , 0.0280557142353 , 100 , 6 , 200 , 0.1 , 0.1 , 0.996596838951 , 1000 , 4 , 0.4 , 8 , 9 , 10 , 12.0 , 1 , 4.07226866428 , 11.6607142857 , 11.3090588988 , 3.61111111111 , 1.77853197745 , 6.0 , 5.0 , 0.7678 , 0.816766236785 , 0.375 , 0.73046875 , 4.5 , 0.64367493035 , 0.120640772759 , 0.00771985731806 , 5.0 , 97.0 , yes , 0.676005151425 , 0.2 , 0.05
121 , 6 , random_walk , 2 , 2.5 , 0.317995650737 , 100 , 6 , 200 , 0.1 , 0.1 , 0.996596838951 , 1000 , 4 , 0.3 , 8 , 9 , 10 , 23.0 , 1 , 4.69349085758 , 11.7053571429 , 16.5371689001 , 4.25 , 1.76107624234 , 6.0 , 7.0 , 0.6778 , 0.714707435316 , 0.0666666666667 , 0.771875 , 9.0 , 0.950787504206 , 0.155607254099 , 0.00534202958391 , 5.0 , 128.0 , yes , 0.672398079655 , 0.2 , 0.05
122 , 6 , random_walk , 2 , 3.5 , 0.178847669605 , 100 , 6 , 200 , 0.1 , 0.1 , 0.996596838951 , 1000 , 4 , 0.2 , 8 , 9 , 10 , 25.0 , 1 , 9.39035856711 , 38.9642857143 , 30.8009888752 , 3.79166666667 , 1.76242210015 , 6.0 , 5.0 , 0.48795 , 0.433993619625 , 0.2 , 0.4528 , 16.5 , 0.919221803253 , 0.140438460874 , 0.00778098824999 , 6.5 , 121.5 , yes , 0.672834409183 , 0.2 , 0.05
123 , 6 , random_walk , 2 , 42.0 , 6.46748772931 , 100 , 6 , 200 , 0.1 , 0.1 , 0.996596838951 , 1000 , 4 , 0.1 , 8 , 9 , 10 , 323.0 , 1 , 20.7816242402 , nan , 92.7740782012 , 4.10416666667 , 1.77949960334 , 6.0 , 8.0 , 0.2271 , 0.183697921626 , 0.3609375 , 0.44187343825 , 231.5 , 1.96576689289 , 0.189265321835 , 0.00197149095748 , 7.0 , 120.0 , yes , 0.673261742225 , 0.2 , 0.05
124 , 6 , random_walk , 2 , 41.0 , 5.69918488685 , 100 , 6 , 200 , 0.1 , 0.1 , 0.996596838951 , 1000 , 1 , 0.09 , 8 , 9 , 10 , 392.0 , 1 , 31.5978228077 , nan , 89.4808065772 , 5.81944444444 , 1.78493577779 , 6.0 , 7.5 , 0.2402 , 0.149851458551 , 0.344473007712 , 0.431143908916 , 286.0 , 1.94172313683 , 0.174259097685 , 0.00285185359007 , 6.0 , 159.5 , yes , 0.674895125808 , 0.2 , 0.05
125 , 6 , random_walk , 2 , 49.5 , 3.90672606272 , 100 , 6 , 200 , 0.1 , 0.1 , 0.996596838951 , 1000 , 1 , 0.08 , 8 , 9 , 10 , 397.0 , 1 , 31.3864427861 , nan , 104.048977476 , 7.96527777778 , 1.78021605404 , 6.0 , 9.0 , 0.31345 , 0.19324531731 , 0.0845588235294 , 0.5577021516 , 261.5 , 1.72773259757 , 0.165239353441 , 0.00350216975867 , 8.5 , 239.5 , yes , 0.676832212079 , 0.2 , 0.05
126 , 6 , random_walk , 2 , 31.5 , 1.09984504712 , 100 , 6 , 200 , 0.1 , 0.1 , 0.996596838951 , 1000 , 1 , 0.07 , 8 , 9 , 10 , 271.5 , 1 , 41.1672776149 , nan , 109.287997583 , 5.38888888889 , 1.78447093513 , 6.0 , 4.5 , 0.35545 , 0.183857648432 , 1.02777777778 , 0.139271036353 , 245.5 , 1.01037446248 , 0.180619499659 , 0.00238335069419 , 16.5 , 156.0 , yes , 0.680063889958 , 0.2 , 0.05
127 , 6 , random_walk , 2 , 228.0 , 12.6842436349 , 100 , 6 , 200 , 0.1 , 0.1 , 0.996596838951 , 1000 , 1 , 0.06 , 8 , 9 , 10 , 2961.5 , 1 , 27.4101750172 , nan , 113.176838256 , 3.56944444444 , 1.76598482283 , 6.0 , 21.5 , 0.0853 , 0.124977508074 , 0.67661097852 , 0.417091848666 , 2196.5 , 3.92307617666 , 0.170612237367 , 0.00215615575109 , 6.5 , 110.0 , yes , 0.680185115724 , 0.2 , 0.05
128 , 6 , random_walk , 2 , 23.5 , 1.63019256132 , 100 , 6 , 200 , 0.1 , 0.1 , 0.996596838951 , 1000 , 1 , 0.05 , 8 , 9 , 10 , 209.0 , 1 , 33.8235897436 , nan , 100.686412656 , 10.3055555556 , 1.77454304555 , 6.0 , 2.0 , 0.67125 , 0.552130479187 , 1.21074380165 , 0.0133206362163 , 207.0 , 0.353497029293 , 0.18277183271 , 0.00213029676884 , 7.0 , 289.0 , yes , 0.683320555766 , 0.2 , 0.05
129 , 6 , random_walk , 2 , 12.0 , 0.834776585124 , 100 , 6 , 200 , 0.1 , 0.1 , 0.996596838951 , 1000 , 1 , 0.04 , 8 , 9 , 10 , 131.5 , 1 , 41.7571428571 , nan , 105.040133422 , 10.2083333333 , 1.78635733943 , 6.0 , 1.5 , 0.75755 , 0.571318166941 , 0.154228855721 , 0.0147026063711 , 130.0 , 0.0 , 0.0738282633945 , 0.00569611365744 , 8.5 , 303.5 , yes , 0.686395113477 , 0.2 , 0.05
133 , 7 , fluid , 2 , 18.5 , 2.3619450439 , 400 , 10 , 200 , 0.1 , 0.1 , 0.990693931035 , 1000 , 80 , 1.0 , 9 , 6 , 10 , 93.5 , 2 , 8.00023090569 , 7.32592592593 , 15.1661659577 , 161.833333333 , 2.30034091347 , 10.0 , 16.5 , 0.4102 , 0.568323507235 , 0.02 , 0.758382826069 , 48.0 , 2.31253843372 , 0.204417047413 , 0.00358818100385 , 7.5 , 1949.5 , yes , 0.684602852771 , 0.3 , 0.01
134 , 7 , fluid , 2 , 1111.0 , 118.434779356 , 400 , 10 , 200 , 0.1 , 0.1 , 0.990693931035 , 1000 , 80 , 0.9 , 9 , 6 , 10 , 8715.5 , 2 , 8.229857716 , 8.9662037037 , 36.7626044073 , 115.925925926 , 2.30049210552 , 10.0 , 263.0 , 0.20165 , 0.546620931378 , 0.000604281767956 , 0.558764321618 , 7204.0 , 12.4427573172 , 0.226122634411 , 0.00686904491496 , 9.0 , 1386.5 , yes , 0.683439968458 , 0.3 , 0.01
135 , 7 , fluid , 2 , 529.0 , 54.8318548743 , 400 , 10 , 200 , 0.1 , 0.1 , 0.990693931035 , 1000 , 80 , 0.8 , 9 , 6 , 10 , 4123.5 , 2 , 8.78626155618 , 9.00290492958 , 31.7268195336 , 106.990740741 , 2.2983503741 , 10.0 , 118.5 , 0.25045 , 0.507678646562 , 0.000668774319066 , 0.543950433008 , 3237.5 , 8.26487216976 , 0.200675381255 , 0.00399560736922 , 7.5 , 1326.5 , yes , 0.683730966061 , 0.3 , 0.01
136 , 7 , fluid , 2 , 104.5 , 15.8706297032 , 400 , 10 , 200 , 0.1 , 0.1 , 0.990693931035 , 1000 , 10 , 0.7 , 9 , 6 , 10 , 601.5 , 2 , 7.46079304495 , 8.6 , 20.1835278172 , 101.018518519 , 2.29924253594 , 10.0 , 37.5 , 0.201 , 0.277157573195 , 0.169318181818 , 0.841362236648 , 149.0 , 2.64201110353 , 0.256135371456 , 0.00540323426575 , 5.5 , 1225.0 , yes , 0.682466070086 , 0.3 , 0.01
137 , 7 , fluid , 2 , 279.0 , 32.4871202056 , 400 , 10 , 200 , 0.1 , 0.1 , 0.990693931035 , 1000 , 10 , 0.6 , 9 , 6 , 10 , 1881.5 , 2 , 7.870639508 , 5.65 , 19.8961733315 , 88.4444444444 , 2.29822856063 , 10.0 , 85.5 , 0.12905 , 0.236134205892 , 0.0430668211665 , 0.902110660058 , 456.0 , 4.51175239482 , 0.22817812146 , 0.00396044337045 , 6.5 , 1043.5 , yes , 0.682004838522 , 0.3 , 0.01
138 , 7 , fluid , 2 , 291.5 , 39.2079406843 , 400 , 10 , 200 , 0.1 , 0.1 , 0.990693931035 , 1000 , 10 , 0.5 , 9 , 6 , 10 , 1903.5 , 2 , 9.18847152238 , 10.0454545455 , 28.9807417869 , 87.0462962963 , 2.29681634975 , 10.0 , 69.0 , 0.0624 , 0.256842186197 , 0.269200626959 , 0.693154529153 , 774.0 , 5.7904426779 , 0.224038747126 , 0.00340707279081 , 6.0 , 1033.5 , yes , 0.681946772808 , 0.3 , 0.01
139 , 7 , fluid , 2 , 989.0 , 89.6136036804 , 400 , 10 , 200 , 0.1 , 0.1 , 0.990693931035 , 1000 , 4 , 0.4 , 9 , 6 , 10 , 7452.0 , 2 , 8.74955095481 , 12.625 , 23.7033371661 , 57.5462962963 , 2.29743795728 , 10.0 , 236.5 , 0.0756 , 0.324436014888 , 0.0170610211706 , 0.710840089019 , 4581.5 , 11.5274095042 , 0.242778507719 , 0.00361520111438 , 2.0 , 694.5 , yes , 0.681249649036 , 0.3 , 0.01
140 , 7 , fluid , 2 , 936.5 , 88.4332354994 , 400 , 10 , 200 , 0.1 , 0.1 , 0.990693931035 , 1000 , 4 , 0.3 , 9 , 6 , 10 , 7678.0 , 2 , 8.97113481333 , 14.125 , 27.2046990934 , 43.1759259259 , 2.29559873468 , 10.0 , 275.0 , 0.0669 , 0.234031424755 , 0.0473791403151 , 0.94209397861 , 1297.5 , 7.33495344065 , 0.223658220243 , 0.00394360535069 , 7.0 , 535.5 , yes , 0.680416634601 , 0.3 , 0.01
141 , 7 , fluid , 2 , 1609.5 , 124.334695295 , 400 , 10 , 200 , 0.1 , 0.1 , 0.990693931035 , 1000 , 4 , 0.2 , 9 , 6 , 10 , 18324.0 , 2 , 9.69001814882 , 20.875 , 54.8127739382 , 34.9722222222 , 2.29221854816 , 10.0 , 432.5 , 0.01045 , 0.353264319275 , 0.10083738875 , 0.758516992844 , 6889.0 , 13.8147624651 , 0.263720637575 , 0.00289695551509 , 7.5 , 423.0 , yes , 0.679650366387 , 0.3 , 0.01
142 , 7 , fluid , 2 , 1356.5 , 69.9913131113 , 400 , 10 , 200 , 0.1 , 0.1 , 0.990693931035 , 1000 , 4 , 0.1 , 9 , 6 , 10 , 19257.5 , 2 , 12.3341428951 , nan , 107.259589088 , 33.5555555556 , 2.29184187415 , 10.0 , 335.5 , 0.0099 , 0.323716244607 , 0.166535018431 , 0.687470571413 , 10323.0 , 15.7679680766 , 0.222089452347 , 0.00202182306092 , 6.5 , 393.5 , yes , 0.679803634799 , 0.3 , 0.01
143 , 7 , fluid , 2 , 1190.5 , 56.1815410913 , 400 , 10 , 200 , 0.1 , 0.1 , 0.990693931035 , 1000 , 1 , 0.09 , 9 , 6 , 10 , 17459.0 , 2 , 10.1561609267 , nan , 91.6668847783 , 26.0555555556 , 2.28642042423 , 10.0 , 345.5 , 0.00475 , 0.400460838467 , 0.387820137996 , 0.380832807033 , 13628.5 , 18.1552801866 , 0.26908668785 , 0.00198616845964 , 7.0 , 313.5 , yes , 0.679166259556 , 0.3 , 0.01
144 , 7 , fluid , 2 , 706.0 , 39.1499676043 , 400 , 10 , 200 , 0.1 , 0.1 , 0.990693931035 , 1000 , 1 , 0.08 , 9 , 6 , 10 , 8797.5 , 2 , 6.98581508474 , 31.5 , 49.3295006207 , 12.4259259259 , 2.26009732512 , 10.0 , 212.0 , 0.0647 , 0.273753275811 , 0.0143195856991 , 0.872866632812 , 2196.0 , 8.0670020636 , 0.221784719723 , 0.00307244349141 , 2.5 , 146.5 , yes , 0.678695248604 , 0.3 , 0.01
145 , 7 , fluid , 2 , 729.0 , 37.9950873786 , 400 , 10 , 200 , 0.1 , 0.1 , 0.990693931035 , 1000 , 1 , 0.07 , 9 , 6 , 10 , 9279.0 , 2 , 7.19180746925 , nan , 88.6613614068 , 13.6018518519 , 2.25655320561 , 10.0 , 255.0 , 0.02925 , 0.257812984132 , 0.128329788312 , 0.865825799735 , 2678.0 , 9.45614007484 , 0.219563789254 , 0.00342172708348 , 2.5 , 179.0 , yes , 0.678812597256 , 0.3 , 0.01
146 , 7 , fluid , 2 , 1407.0 , 63.8947310939 , 400 , 10 , 200 , 0.1 , 0.1 , 0.990693931035 , 1000 , 1 , 0.06 , 9 , 6 , 10 , 21010.5 , 2 , 11.8708661781 , 78.0 , 85.2089047964 , 7.17592592593 , 2.24086987636 , 10.0 , 340.5 , 0.0051 , 0.379875517017 , 0.281671782366 , 0.411578923178 , 16047.0 , 17.9245651271 , 0.230414863139 , 0.00168085833501 , 4.5 , 85.5 , yes , 0.67807567414 , 0.3 , 0.01
147 , 7 , fluid , 2 , 563.5 , 28.1834260257 , 400 , 10 , 200 , 0.1 , 0.1 , 0.990693931035 , 1000 , 1 , 0.05 , 9 , 6 , 10 , 6092.0 , 2 , 21.3350609282 , 89.0 , 90.079306037 , 12.9259259259 , 2.2617812596 , 10.0 , 177.5 , 0.0214 , 0.321526455884 , 0.154635761589 , 0.731728204985 , 2703.5 , 9.8901734521 , 0.248054925287 , 0.00483093034519 , 7.0 , 153.0 , yes , 0.676660720216 , 0.3 , 0.01
148 , 7 , fluid , 2 , 620.5 , 30.2768559884 , 400 , 10 , 200 , 0.1 , 0.1 , 0.990693931035 , 1000 , 1 , 0.04 , 9 , 6 , 10 , 8484.5 , 2 , 10.65 , nan , 88.4529993189 , 8.12962962963 , 2.26622032593 , 10.0 , 182.0 , 0.0363 , 0.232370902478 , 0.136083672284 , 0.848465972708 , 2399.0 , 7.51176823762 , 0.231409848146 , 0.00244307986277 , 6.5 , 95.5 , yes , 0.676176576508 , 0.3 , 0.01
149 , 7 , fluid , 2 , 529.0 , 27.0864047458 , 400 , 10 , 200 , 0.1 , 0.1 , 0.990693931035 , 1000 , 1 , 0.03 , 9 , 6 , 10 , 7511.5 , 2 , 20.7860251451 , nan , 113.531273077 , 19.8148148148 , 2.27813183744 , 10.0 , 144.5 , 0.01005 , 0.36316349182 , 0.427600554785 , 0.307034469304 , 6193.5 , 11.6577640756 , 0.269649135454 , 0.00242746149174 , 1.5 , 232.5 , yes , 0.675443732488 , 0.3 , 0.01
150 , 7 , fluid , 2 , 414.5 , 17.8212996941 , 400 , 10 , 200 , 0.1 , 0.1 , 0.990693931035 , 1000 , 1 , 0.02 , 9 , 6 , 10 , 5965.5 , 2 , 24.8497542608 , nan , 118.253106198 , 10.2037037037 , 2.27202068019 , 10.0 , 117.5 , 0.01895 , 0.366274285194 , 0.132633700937 , 0.531048351712 , 3329.0 , 8.13441418914 , 0.237532111034 , 0.00229028311936 , 3.0 , 118.5 , yes , 0.674159073542 , 0.3 , 0.01
151 , 7 , fluid , 2 , 219.0 , 14.488075274 , 400 , 10 , 200 , 0.1 , 0.1 , 0.990693931035 , 1000 , 1 , 0.01 , 9 , 6 , 10 , 3491.0 , 2 , 29.2416826528 , nan , 119.460226615 , 9.59259259259 , 2.27104719008 , 10.0 , 70.5 , 0.02525 , 0.281751384186 , 0.196587537092 , 0.370058376013 , 2691.5 , 7.80622780355 , 0.218949283986 , 0.00231375557851 , 0.0 , 105.5 , yes , 0.673186913559 , 0.3 , 0.01
