RowID, sim, motion, dimensions, ind.production, biomass.prod.N, biomass.prod.P, biomass.prod.C, res.inflow, N.types, P.types, C.types, max.res.val, max.growth.rate, max.met.maint, max.active.dispersal, barriers, logseries.a, starting.seed, flow.rate, width, height, viscosity, total.abundance, immigration.rate, resource.tau, particle.tau, individual.tau, resource.concentration, shannons.resource.diversity, resource.richness, species.richness, simpson.e, e.var, berger.parker, inv.simp.D, N.max, skew, tracer.particles, resource.particles, speciation, Whittakers.turnover, Jaccards.dissimilarity, Sorensens.dissimilarity, avg.per.capita.growth, avg.per.capita.maint, avg.per.capita.N.efficiency, avg.per.capita.P.efficiency, avg.per.capita.C.efficiency, avg.per.capita.active.dispersal, amplitude, flux, frequency, phase, disturbance
0, 1, 'fluid', 2, 0.0, 0.0, 0.0, 0.0, 1000, 2, 5, 3, 20000, 0.1, 0.0008, 1e-10, 4, 0.9953901911139194, 100, 1.0, 10, 9, 10, 0.0, 0.001, 4.8285838912449801, 5.3149001536098304, nan, 34.866666666666667, 2.235860829326751, 10.0, 0.0, nan, nan, nan, nan, nan, nan, 6.0, 3138.0, 'yes', nan, nan, nan, nan, nan, nan, nan, nan, nan, 0.4, 'yes', 0.02, 9, 0.0001
1, 1, 'fluid', 2, 0.0, 0.0, 0.0, 0.0, 1000, 2, 5, 3, 20000, 0.1, 0.0008, 1e-10, 4, 0.9953901911139194, 100, 0.80000000000000004, 10, 9, 10, 0.0, 0.001, 5.9125989146597577, 7.1312499999999996, nan, 33.666666666666671, 2.2391168385742914, 10.0, 0.0, nan, nan, nan, nan, nan, nan, 5.5, 3030.0, 'yes', nan, nan, nan, nan, nan, nan, nan, nan, nan, 0.4, 'yes', 0.02, 9, 0.0001
2, 1, 'fluid', 2, 0.5, 0.0078419422639597891, 0.0014775791919202641, 0.05423330820820299, 1000, 2, 5, 3, 20000, 0.1, 0.0008, 1e-10, 4, 0.9953901911139194, 100, 0.59999999999999998, 10, 9, 10, 5.0, 0.001, 7.6176568022108402, 7.3113636363636365, 10.490975935828878, 33.43888888888889, 2.2432599618225026, 10.0, 2.0, 0.97060000000000002, 0.97926421210393699, 1.25, 0.484375, 3.0, 0.0, 3.5, 3009.5, 'yes', 0.0, 0.0, 0.0, 0.10796804732922044, 0.00086753748939404844, 0.36057953347480165, 0.4430561013824732, 0.70198824357269851, 1.0000000000000001e-05, 0.4, 'yes', 0.02, 9, 0.0001
3, 1, 'fluid', 2, 0.0, 0.0021665135335680874, 0.0, 0.0, 1000, 2, 5, 3, 20000, 0.1, 0.0008, 1e-10, 4, 0.9953901911139194, 100, 0.40000000000000002, 10, 9, 10, 0.5, 0.001, 10.778490889867332, 13.021428571428572, 10.444148936170212, 33.455555555555556, 2.2369453791484943, 10.0, 0.5, 1.0, 1.0, 0.0, 0.0, 1.0, 0.0, 3.5, 3011.0, 'yes', nan, nan, nan, 0.10986524133816385, 0.00086894379871597721, 0.33988041369152472, 0.41064532575674378, 0.54504735120269132, 1.0000000000000001e-05, 0.4, 'yes', 0.02, 9, 0.0001
4, 1, 'fluid', 2, 0.0, 0.0, 0.0, 0.0, 1000, 2, 5, 3, 20000, 0.1, 0.0008, 1e-10, 4, 0.9953901911139194, 100, 0.20000000000000001, 10, 9, 10, 0.0, 0.001, 19.626369353806119, nan, nan, 29.633333333333333, 2.237389248153868, 10.0, 0.0, nan, nan, nan, nan, nan, nan, 4.5, 2667.0, 'yes', nan, nan, nan, 0.10986524133816385, 0.00086894379871597721, 0.33988041369152472, 0.41064532575674378, 0.54504735120269132, 1.0000000000000001e-05, 0.4, 'yes', 0.02, 9, 0.0001
5, 1, 'fluid', 2, 1.0, 0.025167085637695985, 0.0084485026492878701, 0.010750517310347346, 1000, 2, 5, 3, 20000, 0.1, 0.0008, 1e-10, 4, 0.9953901911139194, 100, 0.10000000000000001, 10, 9, 10, 10.0, 0.001, 30.255725863284002, nan, 81.378540640394078, 24.755555555555556, 2.2291633758259088, 10.0, 3.0, 0.85555000000000003, 0.83723286002668096, 1.0, 0.57421875, 5.0, 0.27154541788363945, 3.0, 2228.0, 'yes', 0.33333333333333326, 0.5, 0.33333333333333337, 0.10525813556759067, 0.00088174120384133217, 0.45941652584873899, 0.48173289363115163, 0.56155675868965793, 1.0000000000000001e-05, 0.4, 'yes', 0.02, 9, 0.0001
6, 1, 'fluid', 2, 0.0, 0.0, 0.0, 0.0, 1000, 2, 5, 3, 20000, 0.1, 0.0008, 1e-10, 4, 0.9953901911139194, 100, 0.080000000000000002, 10, 9, 10, 0.0, 0.001, 40.034752589182972, nan, nan, 25.25, 2.2432641267805362, 10.0, 0.0, nan, nan, nan, nan, nan, nan, 1.5, 2272.5, 'yes', nan, nan, nan, 0.10525813556759067, 0.00088174120384133217, 0.45941652584873899, 0.48173289363115163, 0.56155675868965793, 1.0000000000000001e-05, 0.4, 'yes', 0.02, 9, 0.0001
7, 1, 'fluid', 2, 2.5, 0.16476320769155706, 0.22178808318675181, 0.28090557222907364, 1000, 2, 5, 3, 20000, 0.1, 0.0008, 1e-10, 4, 0.9953901911139194, 100, 0.059999999999999998, 10, 9, 10, 39.0, 0.001, 38.320582027762001, 37.5, 78.101249999999993, 23.144444444444446, 2.2341523833069852, 10.0, 2.0, 0.82515000000000005, 0.84511051733469966, 0.43055555555555558, 0.39392794154698918, 28.5, 0.0, 2.5, 2083.0, 'yes', 0.0, 0.0, 0.0, 0.10349018173194897, 0.00090527459266953418, 0.5243038550866721, 0.48264170671420492, 0.53713020907898001, 1.0000000000000001e-05, 0.4, 'yes', 0.02, 9, 0.0001
8, 1, 'fluid', 2, 14.5, 0.89470894427903147, 1.071871795142739, 1.236117871369208, 1000, 2, 5, 3, 20000, 0.1, 0.0008, 1e-10, 4, 0.9953901911139194, 100, 0.040000000000000001, 10, 9, 10, 219.5, 0.001, 45.360106082036779, 53.5, 85.06481829279744, 15.338888888888889, 2.2325199947198264, 10.0, 4.0, 0.93245, 0.93192939158759147, 0.13304721030042918, 0.73171620728512754, 70.0, -0.86095030936568495, 6.0, 1380.5, 'yes', 0.0, 0.0, 0.0, 0.10286354490204103, 0.00091064345557860819, 0.55023593825618744, 0.5085072778187173, 0.55560052859241926, 1.0000000000000003e-05, 0.4, 'yes', 0.02, 9, 0.0001
9, 1, 'fluid', 2, 0.0, 0.0044239876155546254, 0.00091502027810996464, 0.00021700945658489901, 1000, 2, 5, 3, 20000, 0.1, 0.0008, 1e-10, 4, 0.9953901911139194, 100, 0.02, 10, 9, 10, 2.0, 0.001, 40.905109489051092, nan, 80.976744186046517, 10.383333333333333, 2.2306919883084726, 10.0, 1.5, 0.94999999999999996, 0.96194905467268654, 1.0, 0.22222222222222221, 1.5, 0.0, 1.0, 934.5, 'yes', 0.33333333333333326, 0.5, 0.33333333333333337, 0.10152507995418177, 0.00091452450931814127, 0.56140924443971185, 0.50256261434658933, 0.51037529064002696, 1.0000000000000001e-05, 0.4, 'yes', 0.02, 9, 0.0001
10, 1, 'fluid', 2, 0.0, 0.0, 0.0, 0.0, 1000, 2, 5, 3, 20000, 0.1, 0.0008, 1e-10, 4, 0.9953901911139194, 100, 0.01, 10, 9, 10, 0.0, 0.001, 37.433333333333337, nan, nan, 5.583333333333333, 2.206913379057672, 10.0, 0.0, nan, nan, nan, nan, nan, nan, 0.0, 502.5, 'yes', nan, nan, nan, 0.10152507995418177, 0.00091452450931814127, 0.56140924443971185, 0.50256261434658933, 0.51037529064002696, 1.0000000000000001e-05, 0.4, 'yes', 0.02, 9, 0.0001
11, 1, 'fluid', 2, 0.0, 0.0, 0.0, 0.0, 1000, 2, 5, 3, 20000, 0.1, 0.0008, 1e-10, 4, 0.9953901911139194, 100, 0.0080000000000000002, 10, 9, 10, 0.0, 0.001, 44.956896551724142, nan, nan, 3.9944444444444445, 2.2254751580205312, 10.0, 0.0, nan, nan, nan, nan, nan, nan, 1.0, 359.5, 'yes', nan, nan, nan, 0.10152507995418177, 0.00091452450931814127, 0.56140924443971185, 0.50256261434658933, 0.51037529064002696, 1.0000000000000001e-05, 0.4, 'yes', 0.02, 9, 0.0001
12, 1, 'fluid', 2, 0.0, 0.0, 0.0, 0.0, 1000, 2, 5, 3, 20000, 0.1, 0.0008, 1e-10, 4, 0.9953901911139194, 100, 0.0060000000000000001, 10, 9, 10, 0.0, 0.001, 25.899999999999999, nan, nan, 3.3388888888888886, 2.2210833465719908, 10.0, 0.0, nan, nan, nan, nan, nan, nan, 0.0, 300.5, 'yes', nan, nan, nan, 0.10152507995418177, 0.00091452450931814127, 0.56140924443971185, 0.50256261434658933, 0.51037529064002696, 1.0000000000000001e-05, 0.4, 'yes', 0.02, 9, 0.0001
13, 1, 'fluid', 2, 0.0, 0.0, 0.0, 0.0, 1000, 2, 5, 3, 20000, 0.1, 0.0008, 1e-10, 4, 0.9953901911139194, 100, 0.0040000000000000001, 10, 9, 10, 0.0, 0.001, 3.2000000000000002, nan, nan, 2.5222222222222221, 2.2125892064670936, 10.0, 0.0, nan, nan, nan, nan, nan, nan, 1.0, 227.0, 'yes', nan, nan, nan, 0.10152507995418177, 0.00091452450931814127, 0.56140924443971185, 0.50256261434658933, 0.51037529064002696, 1.0000000000000001e-05, 0.4, 'yes', 0.02, 9, 0.0001
14, 1, 'fluid', 2, 0.0, 0.0, 0.0, 0.0, 1000, 2, 5, 3, 20000, 0.1, 0.0008, 1e-10, 4, 0.9953901911139194, 100, 0.002, 10, 9, 10, 0.0, 0.001, 45.875, nan, nan, 1.3444444444444446, 2.1771377258864115, 10.0, 0.0, nan, nan, nan, nan, nan, nan, 0.0, 121.0, 'yes', nan, nan, nan, 0.10152507995418177, 0.00091452450931814127, 0.56140924443971185, 0.50256261434658933, 0.51037529064002696, 1.0000000000000001e-05, 0.4, 'yes', 0.02, 9, 0.0001
15, 1, 'fluid', 2, 0.0, 0.0, 0.0, 0.0, 1000, 2, 5, 3, 20000, 0.1, 0.0008, 1e-10, 4, 0.9953901911139194, 100, 0.001, 10, 9, 10, 0.0, 0.001, nan, nan, nan, 0.60000000000000009, 2.2155162793375149, 10.0, 0.0, nan, nan, nan, nan, nan, nan, 0.0, 54.0, 'yes', nan, nan, nan, 0.10152507995418177, 0.00091452450931814127, 0.56140924443971185, 0.50256261434658933, 0.51037529064002696, 1.0000000000000001e-05, 0.4, 'yes', 0.02, 9, 0.0001
16, 2, 'fluid', 2, 4.0, 0.095386822885101363, 0.17232066725468309, 0.11193365598580751, 800, 4, 1, 4, 40000, 0.2, 0.0008, 1e-10, 3, 0.9988231126357638, 100, 1.0, 20, 6, 10, 38.5, 0.005, 12.461174044367109, 19.052469135802468, 15.885969065656564, 53.095833333333331, 2.0222037501217267, 9.0, 7.0, 0.69435000000000002, 0.74520851370079177, 0.19444444444444445, 0.79170246987022719, 12.5, 0.90629344426781888, 18.5, 6371.5, 'yes', 0.14285714285714279, 0.25, 0.1428571428571429, 0.10620525227160681, 0.00091326587414460503, 0.55600706709220493, 0.53969330012725314, 0.50418736599819514, 1.0000000000000001e-05, 0.2, 'yes', 0.06, 3, 0.0001
17, 2, 'fluid', 2, 2.0, 0.10910561207903413, 0.40169628946880387, 0.24960314224712166, 800, 4, 1, 4, 40000, 0.2, 0.0008, 1e-10, 3, 0.9988231126357638, 100, 0.80000000000000004, 20, 6, 10, 51.0, 0.005, 14.174478673252151, 16.71290322580645, 20.690964818763327, 46.070833333333333, 2.0270227231500266, 9.0, 7.5, 0.66305000000000003, 0.61994979501571712, 0.20238095238095238, 0.79765873015873012, 15.5, 0.59130908620380496, 17.0, 5528.5, 'yes', 0.33333333333333326, 0.5, 0.33333333333333337, 0.1127921508558252, 0.00091139900964837327, 0.55670923949174067, 0.5673739683144059, 0.49700029944416441, 1.0000000000000001e-05, 0.2, 'yes', 0.06, 3, 0.0001
18, 2, 'fluid', 2, 1.5, 0.13560200218552554, 0.22167646316790091, 0.1013684516240696, 800, 4, 1, 4, 40000, 0.2, 0.0008, 1e-10, 3, 0.9988231126357638, 100, 0.59999999999999998, 20, 6, 10, 37.5, 0.005, 17.830785019049443, 18.010416666666664, 23.011428571428571, 42.00833333333334, 2.0214207224382221, 9.0, 8.0, 0.67375000000000007, 0.70392615189184649, 0.1125, 0.80979591836734699, 12.0, 1.0416971943978999, 13.0, 5041.0, 'yes', 0.25, 0.40000000000000002, 0.25, 0.11793408739408931, 0.00090725733218519631, 0.5441138357070332, 0.57369256168583671, 0.49107889421672063, 1.0000000000000003e-05, 0.2, 'yes', 0.06, 3, 0.0001
19, 2, 'fluid', 2, 3.5, 0.11204516845416479, 0.51201383173532822, 0.2246353057914745, 800, 4, 1, 4, 40000, 0.2, 0.0008, 1e-10, 3, 0.9988231126357638, 100, 0.40000000000000002, 20, 6, 10, 53.5, 0.005, 24.704893396299646, 32.051724137931032, 66.441407151095731, 39.654166666666669, 2.0152036175505814, 9.0, 7.5, 0.31235000000000002, 0.45420202711078961, 0.33333333333333331, 0.56370677535122504, 34.0, 2.020185693253497, 16.0, 4758.5, 'yes', 0.19999999999999996, 0.33333333333333337, 0.19999999999999996, 0.12088667697715975, 0.0009031968015279151, 0.53067761746517528, 0.58844339474929375, 0.48666630442246211, 1.0000000000000003e-05, 0.2, 'yes', 0.06, 3, 0.0001
20, 2, 'fluid', 2, 1.0, 0.081546329788998451, 0.45282291181467382, 0.13637511866262342, 800, 4, 1, 4, 40000, 0.2, 0.0008, 1e-10, 3, 0.9988231126357638, 100, 0.20000000000000001, 20, 6, 10, 32.5, 0.005, 37.648323303680449, 52.041666666666671, 42.531573190135248, 35.487499999999997, 2.0281304429313778, 9.0, 6.0, 0.753, 0.67495348150496126, 0.13636363636363635, 0.77382220643939392, 9.0, -0.19849827456968297, 17.5, 4258.5, 'yes', 0.16666666666666674, 0.2857142857142857, 0.16666666666666663, 0.12812998800545836, 0.00096581376660050903, 0.52199783887615991, 0.58948328269901862, 0.48822822443260155, 3.777732268931721e-05, 0.2, 'yes', 0.06, 3, 0.0001
21, 2, 'fluid', 2, 66.0, 5.441419868124683, 7.1988266602405844, 4.661168983776804, 800, 4, 1, 4, 40000, 0.2, 0.0008, 1e-10, 3, 0.9988231126357638, 100, 0.10000000000000001, 20, 6, 10, 800.0, 0.005, 48.053297690154963, nan, 84.798347064480083, 20.654166666666669, 2.0240995218025004, 9.0, 8.0, 0.44864999999999999, 0.11944954558377674, 0.14930555555555555, 0.72138374151331808, 288.5, 0.72782153853826925, 9.0, 2478.5, 'yes', 0.375, 0.54545454545454541, 0.375, 0.12880311154872029, 0.00097351302572390409, 0.52915404216009487, 0.60695979432276648, 0.49554124512179065, 5.2411914649178286e-05, 0.2, 'yes', 0.06, 3, 0.0001
22, 2, 'fluid', 2, 19.0, 1.6660622872145368, 1.5713688248411355, 1.1770110606762199, 800, 4, 1, 4, 40000, 0.2, 0.0008, 1e-10, 3, 0.9988231126357638, 100, 0.080000000000000002, 20, 6, 10, 208.5, 0.005, 44.566830401149488, nan, 67.492779373960389, 20.633333333333333, 1.9883226864409547, 9.0, 8.0, 0.33024999999999999, 0.23941498401534772, 0.19313304721030042, 0.61444716347931516, 100.0, 1.1848405988953183, 11.5, 2476.0, 'yes', 0.25, 0.40000000000000002, 0.25, 0.13288396393704216, 0.0009703112248573907, 0.52226085661492982, 0.59620598339852826, 0.4928873283318751, 4.901896147724403e-05, 0.2, 'yes', 0.06, 3, 0.0001
23, 2, 'fluid', 2, 7.0, 0.3551308107148623, 0.40025442647233689, 0.20794885254700279, 800, 4, 1, 4, 40000, 0.2, 0.0008, 1e-10, 3, 0.9988231126357638, 100, 0.059999999999999998, 20, 6, 10, 79.0, 0.005, 43.058134508990321, nan, 73.880250954719031, 16.195833333333333, 2.023363453574615, 9.0, 5.5, 0.59235000000000004, 0.60915112169504804, 0.24666666666666667, 0.69114521378687432, 37.0, 1.0235763264697817, 5.0, 1943.5, 'yes', 0.090909090909090828, 0.16666666666666663, 0.090909090909090939, 0.1351621963926625, 0.00096830272857882627, 0.51850870586139042, 0.59152870649063349, 0.49383790625608442, 4.6128668034485215e-05, 0.2, 'yes', 0.06, 3, 0.0001
24, 2, 'fluid', 2, 9.0, 1.1453382297078161, 1.0788620806129234, 0.94739292730140434, 800, 4, 1, 4, 40000, 0.2, 0.0008, 1e-10, 3, 0.9988231126357638, 100, 0.040000000000000001, 20, 6, 10, 203.0, 0.005, 54.048433048433054, nan, 78.369674185463651, 10.858333333333334, 2.0355558920799757, 9.0, 3.5, 0.54049999999999998, 0.12742981108939477, 0.26651982378854627, 0.46255820167736644, 129.5, 0.17587167851890645, 3.0, 1303.0, 'yes', 0.14285714285714279, 0.25, 0.1428571428571429, 0.13874652627790127, 0.0009793329750982494, 0.5215654437302415, 0.58788594408962314, 0.49441113947873383, 8.3866337423302853e-05, 0.2, 'yes', 0.06, 3, 0.0001
25, 2, 'fluid', 2, 0.0, 0.0, 0.0, 0.0, 800, 4, 1, 4, 40000, 0.2, 0.0008, 1e-10, 3, 0.9988231126357638, 100, 0.02, 20, 6, 10, 0.0, 0.005, 39.922222222222217, nan, nan, 6.7791666666666668, 1.9948967037882337, 9.0, 0.0, nan, nan, nan, nan, nan, nan, 1.5, 813.5, 'yes', nan, nan, nan, 0.13874652627790127, 0.0009793329750982494, 0.5215654437302415, 0.58788594408962314, 0.49441113947873383, 8.3866337423302853e-05, 0.2, 'yes', 0.06, 3, 0.0001
26, 2, 'fluid', 2, 0.0, 0.0, 0.0, 0.0, 800, 4, 1, 4, 40000, 0.2, 0.0008, 1e-10, 3, 0.9988231126357638, 100, 0.01, 20, 6, 10, 0.0, 0.005, 38.071428571428569, nan, nan, 3.7124999999999999, 2.0001164063587695, 9.0, 0.0, nan, nan, nan, nan, nan, nan, 1.0, 445.5, 'yes', nan, nan, nan, 0.13874652627790127, 0.0009793329750982494, 0.5215654437302415, 0.58788594408962314, 0.49441113947873383, 8.3866337423302853e-05, 0.2, 'yes', 0.06, 3, 0.0001
27, 2, 'fluid', 2, 0.0, 0.0, 0.0, 0.0, 800, 4, 1, 4, 40000, 0.2, 0.0008, 1e-10, 3, 0.9988231126357638, 100, 0.0080000000000000002, 20, 6, 10, 0.0, 0.005, 46.25, nan, nan, 2.9833333333333334, 2.0472671119762715, 9.0, 0.0, nan, nan, nan, nan, nan, nan, 2.0, 358.0, 'yes', nan, nan, nan, 0.13874652627790127, 0.0009793329750982494, 0.5215654437302415, 0.58788594408962314, 0.49441113947873383, 8.3866337423302853e-05, 0.2, 'yes', 0.06, 3, 0.0001
28, 2, 'fluid', 2, 0.0, 0.0, 0.0, 0.0, 800, 4, 1, 4, 40000, 0.2, 0.0008, 1e-10, 3, 0.9988231126357638, 100, 0.0060000000000000001, 20, 6, 10, 0.0, 0.005, nan, nan, nan, 2.0166666666666666, 2.0222681064280144, 9.0, 0.0, nan, nan, nan, nan, nan, nan, 1.0, 242.0, 'yes', nan, nan, nan, 0.13874652627790127, 0.0009793329750982494, 0.5215654437302415, 0.58788594408962314, 0.49441113947873383, 8.3866337423302853e-05, 0.2, 'yes', 0.06, 3, 0.0001
29, 2, 'fluid', 2, 0.0, 0.0, 0.0, 0.0, 800, 4, 1, 4, 40000, 0.2, 0.0008, 1e-10, 3, 0.9988231126357638, 100, 0.0040000000000000001, 20, 6, 10, 0.0, 0.005, nan, nan, nan, 1.3083333333333333, 2.0155184815914184, 9.0, 0.0, nan, nan, nan, nan, nan, nan, 0.0, 157.0, 'yes', nan, nan, nan, 0.13874652627790127, 0.0009793329750982494, 0.5215654437302415, 0.58788594408962314, 0.49441113947873383, 8.3866337423302853e-05, 0.2, 'yes', 0.06, 3, 0.0001
30, 2, 'fluid', 2, 0.0, 0.0, 0.0, 0.0, 800, 4, 1, 4, 40000, 0.2, 0.0008, 1e-10, 3, 0.9988231126357638, 100, 0.002, 20, 6, 10, 0.0, 0.005, nan, nan, nan, 0.75, 1.9880173055135759, 9.0, 0.0, nan, nan, nan, nan, nan, nan, 0.0, 90.0, 'yes', nan, nan, nan, 0.13874652627790127, 0.0009793329750982494, 0.5215654437302415, 0.58788594408962314, 0.49441113947873383, 8.3866337423302853e-05, 0.2, 'yes', 0.06, 3, 0.0001
31, 2, 'fluid', 2, 0.0, 0.0, 0.0, 0.0, 800, 4, 1, 4, 40000, 0.2, 0.0008, 1e-10, 3, 0.9988231126357638, 100, 0.001, 20, 6, 10, 0.0, 0.005, nan, nan, nan, 0.39583333333333337, 1.9111441091973589, 9.0, 0.0, nan, nan, nan, nan, nan, nan, 0.0, 47.5, 'yes', nan, nan, nan, 0.13874652627790127, 0.0009793329750982494, 0.5215654437302415, 0.58788594408962314, 0.49441113947873383, 8.3866337423302853e-05, 0.2, 'yes', 0.06, 3, 0.0001
32, 3, 'fluid', 2, 1.5, 0.034982253154244025, 0.041378063149562772, 0.0, 1000, 7, 4, 10, 10000, 0.2, 0.002, 1e-10, 3, 0.9904907187627325, 100, 1.0, 10, 8, 10, 4.5, 0.0005, 7.8543621057473896, 7.5747126436781613, nan, 53.125, 2.9761212185164645, 21.0, 1.5, 0.84614999999999996, 0.8170778463736994, 0.25, 0.1388888888888889, 4.0, 0.0, 14.0, 4250.0, 'yes', 0.33333333333333326, 0.5, 0.33333333333333337, 0.1445828153100765, 0.0011020849856433709, 0.50752357815006721, 0.58736520053957486, 0.49187869719696747, 0.00047639180306719618, 0.2, 'yes', 0.1, 6, 0.0001
33, 3, 'fluid', 2, 0.0, 0.0, 0.0, 0.0, 1000, 7, 4, 10, 10000, 0.2, 0.002, 1e-10, 3, 0.9904907187627325, 100, 0.80000000000000004, 10, 8, 10, 0.0, 0.0005, 8.1802617369919925, 7.919178082191781, nan, 44.46875, 2.9697778809456397, 21.0, 0.0, nan, nan, nan, nan, nan, nan, 8.0, 3557.5, 'yes', nan, nan, nan, 0.1445828153100765, 0.0011020849856433709, 0.50752357815006721, 0.58736520053957486, 0.49187869719696747, 0.00047639180306719618, 0.2, 'yes', 0.1, 6, 0.0001
34, 3, 'fluid', 2, 0.0, 0.0, 0.0, 0.0, 1000, 7, 4, 10, 10000, 0.2, 0.002, 1e-10, 3, 0.9904907187627325, 100, 0.59999999999999998, 10, 8, 10, 0.0, 0.0005, 9.9401270208004675, 13.789473684210527, nan, 38.125, 2.9698050608983091, 21.0, 0.0, nan, nan, nan, nan, nan, nan, 8.0, 3050.0, 'yes', nan, nan, nan, 0.1445828153100765, 0.0011020849856433709, 0.50752357815006721, 0.58736520053957486, 0.49187869719696747, 0.00047639180306719618, 0.2, 'yes', 0.1, 6, 0.0001
35, 3, 'fluid', 2, 0.0, 0.0, 0.0, 0.0, 1000, 7, 4, 10, 10000, 0.2, 0.002, 1e-10, 3, 0.9904907187627325, 100, 0.40000000000000002, 10, 8, 10, 0.0, 0.0005, 13.521526085564666, 25.445945945945944, nan, 34.53125, 2.9810020995070987, 21.0, 0.0, nan, nan, nan, nan, nan, nan, 7.5, 2762.5, 'yes', nan, nan, nan, 0.1445828153100765, 0.0011020849856433709, 0.50752357815006721, 0.58736520053957486, 0.49187869719696747, 0.00047639180306719618, 0.2, 'yes', 0.1, 6, 0.0001
36, 3, 'fluid', 2, 0.0, 0.0, 0.0, 0.0, 1000, 7, 4, 10, 10000, 0.2, 0.002, 1e-10, 3, 0.9904907187627325, 100, 0.20000000000000001, 10, 8, 10, 0.0, 0.0005, 22.966912193558542, nan, nan, 32.131250000000001, 2.9750142627445531, 21.0, 0.0, nan, nan, nan, nan, nan, nan, 5.5, 2570.5, 'yes', nan, nan, nan, 0.1445828153100765, 0.0011020849856433709, 0.50752357815006721, 0.58736520053957486, 0.49187869719696747, 0.00047639180306719618, 0.2, 'yes', 0.1, 6, 0.0001
37, 3, 'fluid', 2, 0.5, 0.01787315703007275, 0.0, 0.0, 1000, 7, 4, 10, 10000, 0.2, 0.002, 1e-10, 3, 0.9904907187627325, 100, 0.10000000000000001, 10, 8, 10, 1.0, 0.0005, 38.465957721062125, nan, nan, 29.212499999999999, 2.9723068085110715, 21.0, 0.5, 1.0, 1.0, 0.0, 0.0, 2.0, 0.0, 9.0, 2337.0, 'yes', 1.0, 1.0, 1.0, 0.14449243672062978, 0.0011204530556887149, 0.50888451584141081, 0.58512723725144189, 0.49543814541343556, 0.00046181705922134636, 0.2, 'yes', 0.1, 6, 0.0001
38, 3, 'fluid', 2, 6.0, 0.3307881657040681, 0.39390633080571025, 0.27781919228661334, 1000, 7, 4, 10, 10000, 0.2, 0.002, 1e-10, 3, 0.9904907187627325, 100, 0.080000000000000002, 10, 8, 10, 65.0, 0.0005, 39.758993772418705, nan, 74.911061709238481, 27.856249999999999, 2.9712897556994866, 21.0, 2.5, 0.46575, 0.24811057992620605, 0.90909090909090906, 0.10937004143405638, 61.0, 0.35274894607427765, 3.5, 2228.5, 'yes', 0.19999999999999996, 0.33333333333333337, 0.19999999999999996, 0.14713795924180784, 0.0011177171948532634, 0.50514420505661195, 0.5773160952071632, 0.48957056874977456, 0.00043523958514950245, 0.2, 'yes', 0.1, 6, 0.0001
39, 3, 'fluid', 2, 30.5, 2.4323819801360145, 4.0309226105366633, 2.6275523106815335, 1000, 7, 4, 10, 10000, 0.2, 0.002, 1e-10, 3, 0.9904907187627325, 100, 0.059999999999999998, 10, 8, 10, 340.5, 0.0005, 47.687058555479609, nan, 83.43064390339012, 22.34375, 2.9670248540204009, 21.0, 4.5, 0.48594999999999999, 0.36122227101216547, 0.2791327913279133, 0.48240516991088994, 229.5, 0.93820561552561288, 3.5, 1787.5, 'yes', 0.33333333333333326, 0.5, 0.33333333333333337, 0.14826952417113809, 0.0011484123666078874, 0.50609359380936281, 0.57745946648160229, 0.49133929284258099, 0.00041724534388327164, 0.2, 'yes', 0.1, 6, 0.0001
40, 3, 'fluid', 2, 9.5, 0.83563587532145256, 1.044448820187549, 1.2447755393027107, 1000, 7, 4, 10, 10000, 0.2, 0.002, 1e-10, 3, 0.9904907187627325, 100, 0.040000000000000001, 10, 8, 10, 161.5, 0.0005, 52.265103338632755, 55.5, 78.327735849056609, 17.912500000000001, 2.9688825666389898, 21.0, 2.5, 0.83479999999999999, 0.5708915631825715, 0.23529411764705882, 0.50134520910760816, 85.0, -0.33322108588703614, 1.5, 1433.0, 'yes', 0.19999999999999996, 0.33333333333333337, 0.19999999999999996, 0.14966625996577951, 0.001175644194994238, 0.50421058359895021, 0.57097216948691076, 0.49114409111955259, 0.00040534531907846167, 0.2, 'yes', 0.1, 6, 0.0001
41, 3, 'fluid', 2, 0.0, 0.0010275528087088492, 0.0, 0.0, 1000, 7, 4, 10, 10000, 0.2, 0.002, 1e-10, 3, 0.9904907187627325, 100, 0.02, 10, 8, 10, 1.5, 0.0005, 51.542748091603059, nan, 71.326086956521735, 11.012499999999999, 2.9560977993198869, 21.0, 1.0, 1.0, 1.0, 1.0, 0.0, 1.5, 0.0, 0.0, 881.0, 'yes', 0.0, 0.0, 0.0, 0.15301400483865518, 0.0011665002196766185, 0.50103271420763706, 0.56522627502817646, 0.48555374573826737, 0.00038557805312453865, 0.2, 'yes', 0.1, 6, 0.0001
42, 3, 'fluid', 2, 0.0, 0.0, 0.0, 0.0, 1000, 7, 4, 10, 10000, 0.2, 0.002, 1e-10, 3, 0.9904907187627325, 100, 0.01, 10, 8, 10, 0.0, 0.0005, 27.608695652173914, nan, nan, 5.4875000000000007, 2.9552476264005443, 21.0, 0.0, nan, nan, nan, nan, nan, nan, 2.0, 439.0, 'yes', nan, nan, nan, 0.15301400483865518, 0.0011665002196766185, 0.50103271420763706, 0.56522627502817646, 0.48555374573826737, 0.00038557805312453865, 0.2, 'yes', 0.1, 6, 0.0001
43, 3, 'fluid', 2, 0.0, 0.0, 0.0, 0.0, 1000, 7, 4, 10, 10000, 0.2, 0.002, 1e-10, 3, 0.9904907187627325, 100, 0.0080000000000000002, 10, 8, 10, 0.0, 0.0005, 56.217391304347828, nan, nan, 4.9625000000000004, 2.978899411962125, 21.0, 0.0, nan, nan, nan, nan, nan, nan, 0.0, 397.0, 'yes', nan, nan, nan, 0.15301400483865518, 0.0011665002196766185, 0.50103271420763706, 0.56522627502817646, 0.48555374573826737, 0.00038557805312453865, 0.2, 'yes', 0.1, 6, 0.0001
44, 3, 'fluid', 2, 0.0, 0.0, 0.0, 0.0, 1000, 7, 4, 10, 10000, 0.2, 0.002, 1e-10, 3, 0.9904907187627325, 100, 0.0060000000000000001, 10, 8, 10, 0.0, 0.0005, nan, nan, nan, 3.7562500000000001, 3.005896183151255, 21.0, 0.0, nan, nan, nan, nan, nan, nan, 0.0, 300.5, 'yes', nan, nan, nan, 0.15301400483865518, 0.0011665002196766185, 0.50103271420763706, 0.56522627502817646, 0.48555374573826737, 0.00038557805312453865, 0.2, 'yes', 0.1, 6, 0.0001
45, 3, 'fluid', 2, 0.0, 0.0, 0.0, 0.0, 1000, 7, 4, 10, 10000, 0.2, 0.002, 1e-10, 3, 0.9904907187627325, 100, 0.0040000000000000001, 10, 8, 10, 0.0, 0.0005, 17.5, nan, nan, 2.71875, 2.8934360627394167, 21.0, 0.0, nan, nan, nan, nan, nan, nan, 0.0, 217.5, 'yes', nan, nan, nan, 0.15301400483865518, 0.0011665002196766185, 0.50103271420763706, 0.56522627502817646, 0.48555374573826737, 0.00038557805312453865, 0.2, 'yes', 0.1, 6, 0.0001
46, 3, 'fluid', 2, 0.0, 0.0, 0.0, 0.0, 1000, 7, 4, 10, 10000, 0.2, 0.002, 1e-10, 3, 0.9904907187627325, 100, 0.002, 10, 8, 10, 0.0, 0.0005, nan, nan, nan, 1.03125, 2.9703978385329926, 21.0, 0.0, nan, nan, nan, nan, nan, nan, 0.0, 82.5, 'yes', nan, nan, nan, 0.15301400483865518, 0.0011665002196766185, 0.50103271420763706, 0.56522627502817646, 0.48555374573826737, 0.00038557805312453865, 0.2, 'yes', 0.1, 6, 0.0001
47, 3, 'fluid', 2, 0.0, 0.0, 0.0, 0.0, 1000, 7, 4, 10, 10000, 0.2, 0.002, 1e-10, 3, 0.9904907187627325, 100, 0.001, 10, 8, 10, 0.0, 0.0005, nan, nan, nan, 0.63125000000000009, 2.7472383885729919, 17.0, 0.0, nan, nan, nan, nan, nan, nan, 0.0, 50.5, 'yes', nan, nan, nan, 0.15301400483865518, 0.0011665002196766185, 0.50103271420763706, 0.56522627502817646, 0.48555374573826737, 0.00038557805312453865, 0.2, 'yes', 0.1, 6, 0.0001
48, 4, 'fluid', 2, 5.0, 0.33074362205648455, 0.98269238613155085, 0.63477794630044038, 400, 7, 7, 4, 10000, 0.4, 0.0002, 1e-10, 4, 0.9983547823313971, 100, 1.0, 20, 6, 10, 50.0, 0.005, 13.154475112558078, 18.03012048192771, 15.399555555555555, 25.679166666666667, 2.861906101746845, 18.0, 6.5, 0.45140000000000002, 0.4891280933618028, 0.16949152542372881, 0.65760948232446004, 26.0, 1.3306022949148439, 18.5, 3081.5, 'yes', 0.23076923076923084, 0.375, 0.23076923076923073, 0.16129856041450705, 0.0011360070471090565, 0.49927791932510718, 0.5644657348005353, 0.49125415816946133, 0.00036769338392813201, 0.4, 'yes', 0.01, 10, 0.0001
49, 4, 'fluid', 2, 2.5, 0.097267283902639612, 0.43342085166292366, 0.52263938469037452, 400, 7, 7, 4, 10000, 0.4, 0.0002, 1e-10, 4, 0.9983547823313971, 100, 0.80000000000000004, 20, 6, 10, 57.5, 0.005, 14.695544064580723, 12.056547619047619, 26.420741229517212, 22.583333333333336, 2.8447660809912327, 18.0, 7.5, 0.49629999999999996, 0.42386604003125489, 0.36170212765957449, 0.72442320735713128, 25.0, 1.0642081776899324, 10.0, 2710.0, 'yes', 0.066666666666666652, 0.125, 0.066666666666666652, 0.16295879847810021, 0.0011128101730820525, 0.49786679098230679, 0.56193337965765278, 0.49043168668587689, 0.00035143459374958056, 0.4, 'yes', 0.01, 10, 0.0001
50, 4, 'fluid', 2, 6.0, 0.60307894868314982, 0.48111248694073261, 0.50362381153356583, 400, 7, 7, 4, 10000, 0.4, 0.0002, 1e-10, 4, 0.9983547823313971, 100, 0.59999999999999998, 20, 6, 10, 96.0, 0.005, 18.020694936142288, 22.035714285714285, 38.139353099730457, 20.987499999999997, 2.8543305605720981, 18.0, 5.0, 0.34955000000000003, 0.31775685528631653, 0.28899082568807338, 0.40648338438291304, 72.0, 1.3534600247476418, 13.5, 2518.5, 'yes', 0.19999999999999996, 0.33333333333333337, 0.19999999999999996, 0.16589854215645997, 0.0011064782568694946, 0.49539421594831679, 0.55903914883836603, 0.48821088188054207, 0.00037163559088062377, 0.4, 'yes', 0.01, 10, 0.0001
51, 4, 'fluid', 2, 5.0, 0.3813985704776357, 0.55265887336646369, 0.35258664651978622, 400, 7, 7, 4, 10000, 0.4, 0.0002, 1e-10, 4, 0.9983547823313971, 100, 0.40000000000000002, 20, 6, 10, 65.0, 0.005, 22.392432793884886, 29.441666666666666, 64.740784008307372, 20.416666666666664, 2.8537846114600018, 18.0, 9.5, 0.51829999999999998, 0.57890949376074041, 0.30952380952380953, 0.74517065062207155, 26.0, 1.3148428581745597, 18.0, 2450.0, 'yes', 0.26315789473684204, 0.41666666666666663, 0.26315789473684215, 0.1677223483674716, 0.0010898465300381301, 0.49642332410954343, 0.55526323817834511, 0.49197873879860027, 0.00035656744126059785, 0.4, 'yes', 0.01, 10, 0.0001
52, 4, 'fluid', 2, 113.5, 9.3383180062480449, 7.598669175511489, 10.547456114088831, 400, 7, 7, 4, 10000, 0.4, 0.0002, 1e-10, 4, 0.9983547823313971, 100, 0.20000000000000001, 20, 6, 10, 2511.5, 0.005, 13.347055375347804, nan, 85.204006578646812, 4.145833333333333, 2.82769114987234, 18.0, 20.0, 0.19155, 0.10872026164306225, 0.17234775947912678, 0.73835472966404347, 907.5, 2.1176601229857384, 7.0, 497.5, 'yes', 0.35000000000000009, 0.5185185185185186, 0.34999999999999998, 0.17200108460744257, 0.0010801264837620658, 0.49889862461548967, 0.55110137515527646, 0.49268048800891096, 0.00035012010091060722, 0.4, 'yes', 0.01, 10, 0.0001
53, 4, 'fluid', 2, 57.5, 3.3792850645043728, 5.1762057586089014, 5.5395372538286551, 400, 7, 7, 4, 10000, 0.4, 0.0002, 1e-10, 4, 0.9983547823313971, 100, 0.10000000000000001, 20, 6, 10, 1447.0, 0.005, 17.465313643300302, nan, 87.31537132692506, 3.0625, 2.8269484475050541, 18.0, 10.5, 0.24130000000000001, 0.14126555896397686, 0.25703994760969223, 0.60419998290919041, 835.5, 2.1501415079905328, 6.0, 367.5, 'yes', 0.23809523809523814, 0.38461538461538458, 0.23809523809523814, 0.17459580135001687, 0.0010659109849100409, 0.49775801948122961, 0.55446692631001726, 0.48812198957274061, 0.0003406701099124633, 0.4, 'yes', 0.01, 10, 0.0001
54, 4, 'fluid', 2, 66.5, 3.620349425044374, 4.9536328602628856, 5.0580624321452206, 400, 7, 7, 4, 10000, 0.4, 0.0002, 1e-10, 4, 0.9983547823313971, 100, 0.080000000000000002, 20, 6, 10, 1596.0, 0.005, 20.997915242652084, 37.5, 87.614672290449818, 2.2750000000000004, 2.8387775438515885, 18.0, 16.0, 0.307, 0.12239421347695634, 0.16829268292682928, 0.79548465567058035, 561.0, 1.8534302109924785, 10.0, 273.0, 'yes', 0.25, 0.40000000000000002, 0.25, 0.17620403269844637, 0.0010536954994840168, 0.49538604288935961, 0.55165092184380804, 0.49135764203140003, 0.00033384574462034524, 0.4, 'yes', 0.01, 10, 0.0001
55, 4, 'fluid', 2, 50.5, 4.6368542810276594, 4.4696273867023777, 2.4138800094601081, 400, 7, 7, 4, 10000, 0.4, 0.0002, 1e-10, 4, 0.9983547823313971, 100, 0.059999999999999998, 20, 6, 10, 976.0, 0.005, 24.42251466525963, nan, 82.25566270464229, 1.5083333333333333, 2.7959431503387, 18.0, 12.5, 0.46104999999999996, 0.13159928029493118, 0.10406811731315042, 0.82616239371335398, 234.5, 0.63993600305863463, 3.5, 181.0, 'yes', 0.19999999999999996, 0.33333333333333337, 0.19999999999999996, 0.17701454252737328, 0.0010395589338762755, 0.49448923494130081, 0.5502054874295047, 0.49313881961310319, 0.00032453256196282284, 0.4, 'yes', 0.01, 10, 0.0001
56, 4, 'fluid', 2, 52.5, 1.785325317728585, 2.919196289359995, 3.6334660362164826, 400, 7, 7, 4, 10000, 0.4, 0.0002, 1e-10, 4, 0.9983547823313971, 100, 0.040000000000000001, 20, 6, 10, 956.5, 0.005, 26.579478543501814, nan, 89.234693877551024, 1.7124999999999999, 2.805773441377168, 18.0, 7.0, 0.31645000000000001, 0.086851019639052451, 0.25360923965351301, 0.54852645071238038, 583.5, 1.4100397280423367, 2.0, 205.5, 'yes', 0.5714285714285714, 0.72727272727272729, 0.5714285714285714, 0.18082112729794156, 0.0010362256047759669, 0.49709753283509917, 0.547859371552055, 0.49758864512275314, 0.00032052355557419935, 0.4, 'yes', 0.01, 10, 0.0001
57, 4, 'fluid', 2, 6.5, 0.40295395436776893, 0.76918495123422792, 0.30225288317875876, 400, 7, 7, 4, 10000, 0.4, 0.0002, 1e-10, 4, 0.9983547823313971, 100, 0.02, 20, 6, 10, 59.0, 0.005, 52.309701492537314, nan, 82.101010101010104, 2.8666666666666667, 2.8184976432004456, 18.0, 3.0, 0.54190000000000005, 0.24306742333976561, 0.29104477611940299, 0.38442725860103671, 44.0, 0.44473688880198825, 2.0, 344.0, 'yes', 0.33333333333333326, 0.5, 0.33333333333333337, 0.18279931775820477, 0.0010737629326743974, 0.4943708189013612, 0.54672170660204322, 0.4977902068535936, 0.00034824646966377957, 0.4, 'yes', 0.01, 10, 0.0001
58, 4, 'fluid', 2, 1.5, 0.074110771443649193, 0.021144595890473683, 0.056066785245238004, 400, 7, 7, 4, 10000, 0.4, 0.0002, 1e-10, 4, 0.9983547823313971, 100, 0.01, 20, 6, 10, 11.0, 0.005, nan, nan, 32.845132743362832, 1.7541666666666667, 2.8159853331890998, 18.0, 3.5, 0.66359999999999997, 0.65218229593870758, 0.31818181818181818, 0.56198347107438018, 6.5, 0.53552812563764185, 0.0, 210.5, 'yes', 0.14285714285714279, 0.25, 0.1428571428571429, 0.18195238312505235, 0.0011190676552792495, 0.49659894037576435, 0.54339086162501571, 0.5011899296068032, 0.00040650310430686496, 0.4, 'yes', 0.01, 10, 0.0001
59, 4, 'fluid', 2, 0.0, 0.0, 0.0, 0.0, 400, 7, 7, 4, 10000, 0.4, 0.0002, 1e-10, 4, 0.9983547823313971, 100, 0.0080000000000000002, 20, 6, 10, 4.5, 0.005, nan, nan, 75.269230769230774, 1.4333333333333333, 2.7855609804475385, 18.0, 1.0, 1.0, 1.0, 0.625, 0.0, 4.5, 0.0, 1.0, 172.0, 'yes', 0.0, 0.0, 0.0, 0.18802655759249942, 0.0010986725855773342, 0.50022241938755996, 0.54563212483323498, 0.49548782690286042, 0.00039411238229727544, 0.4, 'yes', 0.01, 10, 0.0001
60, 4, 'fluid', 2, 0.0, 0.0, 0.0, 0.0, 400, 7, 7, 4, 10000, 0.4, 0.0002, 1e-10, 4, 0.9983547823313971, 100, 0.0060000000000000001, 20, 6, 10, 0.0, 0.005, nan, nan, nan, 0.94166666666666665, 2.7998832984136461, 18.0, 0.0, nan, nan, nan, nan, nan, nan, 1.0, 113.0, 'yes', nan, nan, nan, 0.18802655759249942, 0.0010986725855773342, 0.50022241938755996, 0.54563212483323498, 0.49548782690286042, 0.00039411238229727544, 0.4, 'yes', 0.01, 10, 0.0001
61, 4, 'fluid', 2, 0.0, 0.0, 0.0, 0.0, 400, 7, 7, 4, 10000, 0.4, 0.0002, 1e-10, 4, 0.9983547823313971, 100, 0.0040000000000000001, 20, 6, 10, 0.0, 0.005, nan, nan, nan, 0.74583333333333335, 2.8192409957987108, 18.0, 0.0, nan, nan, nan, nan, nan, nan, 0.0, 89.5, 'yes', nan, nan, nan, 0.18802655759249942, 0.0010986725855773342, 0.50022241938755996, 0.54563212483323498, 0.49548782690286042, 0.00039411238229727544, 0.4, 'yes', 0.01, 10, 0.0001
62, 4, 'fluid', 2, 0.0, 0.0, 0.0, 0.0, 400, 7, 7, 4, 10000, 0.4, 0.0002, 1e-10, 4, 0.9983547823313971, 100, 0.002, 20, 6, 10, 0.0, 0.005, nan, nan, nan, 0.375, 2.476195949521208, 15.5, 0.0, nan, nan, nan, nan, nan, nan, 0.0, 45.0, 'yes', nan, nan, nan, 0.18802655759249942, 0.0010986725855773342, 0.50022241938755996, 0.54563212483323498, 0.49548782690286042, 0.00039411238229727544, 0.4, 'yes', 0.01, 10, 0.0001
63, 4, 'fluid', 2, 0.0, 0.0, 0.0, 0.0, 400, 7, 7, 4, 10000, 0.4, 0.0002, 1e-10, 4, 0.9983547823313971, 100, 0.001, 20, 6, 10, 0.0, 0.005, nan, nan, nan, 0.17916666666666664, 2.3950598798268845, 12.0, 0.0, nan, nan, nan, nan, nan, nan, 1.0, 21.5, 'yes', nan, nan, nan, 0.18802655759249942, 0.0010986725855773342, 0.50022241938755996, 0.54563212483323498, 0.49548782690286042, 0.00039411238229727544, 0.4, 'yes', 0.01, 10, 0.0001
64, 5, 'fluid', 2, 0.0, 0.0, 0.0, 0.0, 800, 6, 2, 8, 80000, 0.1, 0.0008, 1e-10, 1, 0.9947635901757854, 100, 1.0, 15, 8, 10, 0.0, 0.0005, 7.086653469840158, 7.8119565217391305, nan, 25.104166666666668, 2.6203372343386819, 16.0, 0.0, nan, nan, nan, nan, nan, nan, 8.0, 3012.5, 'yes', nan, nan, nan, 0.18802655759249942, 0.0010986725855773342, 0.50022241938755996, 0.54563212483323498, 0.49548782690286042, 0.00039411238229727544, 0.05, 'yes', 0.02, 2, 0.0001
65, 5, 'fluid', 2, 0.0, 0.0, 0.0, 0.0, 800, 6, 2, 8, 80000, 0.1, 0.0008, 1e-10, 1, 0.9947635901757854, 100, 0.80000000000000004, 15, 8, 10, 0.0, 0.0005, 8.6129722914504221, 7.6500000000000004, nan, 23.941666666666666, 2.6114085686775876, 16.0, 0.0, nan, nan, nan, nan, nan, nan, 7.0, 2873.0, 'yes', nan, nan, nan, 0.18802655759249942, 0.0010986725855773342, 0.50022241938755996, 0.54563212483323498, 0.49548782690286042, 0.00039411238229727544, 0.05, 'yes', 0.02, 2, 0.0001
66, 5, 'fluid', 2, 0.5, 0.0, 0.0, 0.021361426514233894, 800, 6, 2, 8, 80000, 0.1, 0.0008, 1e-10, 1, 0.9947635901757854, 100, 0.59999999999999998, 15, 8, 10, 1.0, 0.0005, 11.326032400588193, 10.48469387755102, 8.117128463476071, 24.295833333333334, 2.6096115709402268, 16.0, 1.0, 1.0, 1.0, 0.0, 0.5, 1.0, 0.0, 6.0, 2915.5, 'yes', 1.0, 1.0, 1.0, 0.1867873238121513, 0.0010959323034824484, 0.50185298147678048, 0.54213788113093531, 0.49783472089845598, 0.00038820296103116348, 0.05, 'yes', 0.02, 2, 0.0001
67, 5, 'fluid', 2, 0.5, 0.0091970116383350287, 0.016383480751485047, 0.0084667619321337484, 800, 6, 2, 8, 80000, 0.1, 0.0008, 1e-10, 1, 0.9947635901757854, 100, 0.40000000000000002, 15, 8, 10, 8.5, 0.0005, 16.124306523292312, 21.389705882352942, 19.652380952380952, 23.804166666666667, 2.6152192920280495, 16.0, 2.5, 0.82879999999999998, 0.87853800852168606, 0.80000000000000004, 0.50222222222222224, 5.5, 0.35355339059327362, 10.0, 2856.5, 'yes', 0.19999999999999996, 0.33333333333333337, 0.19999999999999996, 0.18429404661831261, 0.0010916127672337243, 0.5007113850119318, 0.54481731546688139, 0.50079645416648644, 0.00037691332040336756, 0.05, 'yes', 0.02, 2, 0.0001
68, 5, 'fluid', 2, 0.0, 0.0, 0.0, 0.0, 800, 6, 2, 8, 80000, 0.1, 0.0008, 1e-10, 1, 0.9947635901757854, 100, 0.20000000000000001, 15, 8, 10, 0.0, 0.0005, 31.376743141642599, 35.277777777777779, nan, 23.149999999999999, 2.608395821827441, 16.0, 0.0, nan, nan, nan, nan, nan, nan, 8.5, 2778.0, 'yes', nan, nan, nan, 0.18429404661831261, 0.0010916127672337243, 0.5007113850119318, 0.54481731546688139, 0.50079645416648644, 0.00037691332040336756, 0.05, 'yes', 0.02, 2, 0.0001
69, 5, 'fluid', 2, 0.0, 0.11313646184630022, 0.010217283706439595, 0.014241746758441032, 800, 6, 2, 8, 80000, 0.1, 0.0008, 1e-10, 1, 0.9947635901757854, 100, 0.10000000000000001, 15, 8, 10, 19.5, 0.0005, 40.774203134018855, 57.25, 77.364102564102566, 21.774999999999999, 2.6009479956467283, 16.0, 1.5, 0.78825000000000001, 0.67388629096849162, 0.8928571428571429, 0.066326530612244916, 19.0, 0.0, 9.5, 2613.0, 'yes', 0.33333333333333326, 0.5, 0.33333333333333337, 0.18266934857597728, 0.0011102054714517242, 0.50042188142412047, 0.53937682429255462, 0.50153082618900569, 0.00041786265602232486, 0.05, 'yes', 0.02, 2, 0.0001
70, 5, 'fluid', 2, 28.0, 2.1197580209498739, 3.3634841693308637, 2.4883515874872195, 800, 6, 2, 8, 80000, 0.1, 0.0008, 1e-10, 1, 0.9947635901757854, 100, 0.080000000000000002, 15, 8, 10, 424.0, 0.0005, 47.436850247524752, nan, 81.642181274900395, 16.295833333333334, 2.6380145911918564, 16.0, 6.5, 0.54759999999999998, 0.19103844666143405, 0.17817371937639198, 0.71736336022193892, 172.5, 0.5948776683096082, 4.0, 1955.5, 'yes', 0.23076923076923084, 0.375, 0.23076923076923073, 0.18042255565352983, 0.0011074337457171012, 0.50256974448006353, 0.54385985784578084, 0.50330075482802705, 0.00041235580428350708, 0.05, 'yes', 0.02, 2, 0.0001
71, 5, 'fluid', 2, 34.0, 1.9571288737170143, 2.697134795352774, 1.7609466930557076, 800, 6, 2, 8, 80000, 0.1, 0.0008, 1e-10, 1, 0.9947635901757854, 100, 0.059999999999999998, 15, 8, 10, 388.5, 0.0005, 41.078135100193926, 61.0, 84.928154962425495, 13.449999999999999, 2.5971828147331131, 16.0, 4.5, 0.2419, 0.14079960205768161, 0.38515081206496521, 0.06876634896601358, 375.0, 1.3263430108792464, 3.5, 1614.0, 'yes', 0.55555555555555558, 0.7142857142857143, 0.55555555555555558, 0.17831967124593603, 0.0011020975344607868, 0.50760246191730185, 0.55375470263376392, 0.5059014472742257, 0.00041058664349841065, 0.05, 'yes', 0.02, 2, 0.0001
72, 5, 'fluid', 2, 39.0, 1.3215355471790815, 3.6743325152253128, 1.9972403021775342, 800, 6, 2, 8, 80000, 0.1, 0.0008, 1e-10, 1, 0.9947635901757854, 100, 0.040000000000000001, 15, 8, 10, 519.0, 0.0005, 44.468104283775929, nan, 87.115669308290876, 7.4333333333333336, 2.6150859918404654, 16.0, 7.5, 0.25359999999999999, 0.15113507183042491, 0.29573712255772644, 0.47194292977032826, 363.5, 1.9151672077016828, 1.0, 892.0, 'yes', 0.33333333333333326, 0.5, 0.33333333333333337, 0.17628992432286911, 0.0011030608677330561, 0.50947296159325217, 0.55528645151696709, 0.5062680531296565, 0.00040490497687639345, 0.05, 'yes', 0.02, 2, 0.0001
73, 5, 'fluid', 2, 0.0, 0.0014859118943002514, 0.011993562628498933, 0.0, 800, 6, 2, 8, 80000, 0.1, 0.0008, 1e-10, 1, 0.9947635901757854, 100, 0.02, 15, 8, 10, 3.0, 0.0005, 43.378571428571433, nan, nan, 6.0458333333333334, 2.6031215925102136, 16.0, 1.0, 1.0, 1.0, 0.5, 0.0, 3.0, 0.0, 6.0, 725.5, 'yes', 0.0, 0.0, 0.0, 0.17437762052049577, 0.0010989451073397881, 0.51061024003701549, 0.5574919827074506, 0.50748081785163224, 0.00039464770474973386, 0.05, 'yes', 0.02, 2, 0.0001
74, 5, 'fluid', 2, 0.0, 0.0, 0.0, 0.0, 800, 6, 2, 8, 80000, 0.1, 0.0008, 1e-10, 1, 0.9947635901757854, 100, 0.01, 15, 8, 10, 0.0, 0.0005, 42.058823529411768, nan, nan, 3.2833333333333332, 2.6313403442698595, 16.0, 0.0, nan, nan, nan, nan, nan, nan, 2.0, 394.0, 'yes', nan, nan, nan, 0.17437762052049577, 0.0010989451073397881, 0.51061024003701549, 0.5574919827074506, 0.50748081785163224, 0.00039464770474973386, 0.05, 'yes', 0.02, 2, 0.0001
75, 5, 'fluid', 2, 0.0, 0.0, 0.0, 0.0, 800, 6, 2, 8, 80000, 0.1, 0.0008, 1e-10, 1, 0.9947635901757854, 100, 0.0080000000000000002, 15, 8, 10, 0.0, 0.0005, nan, nan, nan, 2.6791666666666667, 2.5650115332550483, 16.0, 0.0, nan, nan, nan, nan, nan, nan, 1.0, 321.5, 'yes', nan, nan, nan, 0.17437762052049577, 0.0010989451073397881, 0.51061024003701549, 0.5574919827074506, 0.50748081785163224, 0.00039464770474973386, 0.05, 'yes', 0.02, 2, 0.0001
76, 5, 'fluid', 2, 0.0, 0.0, 0.0, 0.0068645799536944455, 800, 6, 2, 8, 80000, 0.1, 0.0008, 1e-10, 1, 0.9947635901757854, 100, 0.0060000000000000001, 15, 8, 10, 1.0, 0.0005, nan, nan, nan, 1.8958333333333333, 2.5892752915238773, 16.0, 1.0, 1.0, 1.0, 0.5, 0.0, 1.0, 0.0, 0.0, 227.5, 'yes', 0.0, 0.0, 0.0, 0.17237763740995463, 0.001092563717947003, 0.51051322301694291, 0.5523110411318598, 0.50852066119420292, 0.00038490978817379122, 0.05, 'yes', 0.02, 2, 0.0001
77, 5, 'fluid', 2, 0.0, 0.0, 0.0, 0.0, 800, 6, 2, 8, 80000, 0.1, 0.0008, 1e-10, 1, 0.9947635901757854, 100, 0.0040000000000000001, 15, 8, 10, 0.0, 0.0005, nan, nan, nan, 1.4958333333333333, 2.5361546490572264, 15.5, 0.0, nan, nan, nan, nan, nan, nan, 0.0, 179.5, 'yes', nan, nan, nan, 0.17237763740995463, 0.001092563717947003, 0.51051322301694291, 0.5523110411318598, 0.50852066119420292, 0.00038490978817379122, 0.05, 'yes', 0.02, 2, 0.0001
78, 5, 'fluid', 2, 0.0, 0.0, 0.0, 0.0, 800, 6, 2, 8, 80000, 0.1, 0.0008, 1e-10, 1, 0.9947635901757854, 100, 0.002, 15, 8, 10, 0.0, 0.0005, nan, nan, nan, 0.66666666666666674, 2.5140862594088125, 16.0, 0.0, nan, nan, nan, nan, nan, nan, 2.0, 80.0, 'yes', nan, nan, nan, 0.17237763740995463, 0.001092563717947003, 0.51051322301694291, 0.5523110411318598, 0.50852066119420292, 0.00038490978817379122, 0.05, 'yes', 0.02, 2, 0.0001
79, 5, 'fluid', 2, 0.0, 0.0, 0.0, 0.0, 800, 6, 2, 8, 80000, 0.1, 0.0008, 1e-10, 1, 0.9947635901757854, 100, 0.001, 15, 8, 10, 0.0, 0.0005, nan, nan, nan, 0.35833333333333328, 2.5101877940922894, 14.0, 0.0, nan, nan, nan, nan, nan, nan, 1.0, 43.0, 'yes', nan, nan, nan, 0.17237763740995463, 0.001092563717947003, 0.51051322301694291, 0.5523110411318598, 0.50852066119420292, 0.00038490978817379122, 0.05, 'yes', 0.02, 2, 0.0001
80, 6, 'fluid', 2, 0.0, 0.0, 0.0, 0.0, 200, 10, 4, 3, 100000, 0.6, 0.001, 1e-10, 1, 0.9928921820995222, 100, 1.0, 20, 7, 10, 0.0, 0.0, 12.69829261703922, 13.621485943775101, nan, 10.896428571428572, 2.7103371148247195, 17.0, 0.0, nan, nan, nan, nan, nan, nan, 16.5, 1525.5, 'yes', nan, nan, nan, 0.17237763740995463, 0.001092563717947003, 0.51051322301694291, 0.5523110411318598, 0.50852066119420292, 0.00038490978817379122, 0.4, 'yes', 0.1, 10, 0.0001
81, 6, 'fluid', 2, 0.0, 0.0, 0.0, 0.0, 200, 10, 4, 3, 100000, 0.6, 0.001, 1e-10, 1, 0.9928921820995222, 100, 0.80000000000000004, 20, 7, 10, 0.0, 0.0, 14.073974452658952, 16.30238095238095, nan, 9.7750000000000004, 2.6932079515011962, 17.0, 0.0, nan, nan, nan, nan, nan, nan, 14.5, 1368.5, 'yes', nan, nan, nan, 0.17237763740995463, 0.001092563717947003, 0.51051322301694291, 0.5523110411318598, 0.50852066119420292, 0.00038490978817379122, 0.4, 'yes', 0.1, 10, 0.0001
82, 6, 'fluid', 2, 0.0, 0.0, 0.0, 0.0, 200, 10, 4, 3, 100000, 0.6, 0.001, 1e-10, 1, 0.9928921820995222, 100, 0.59999999999999998, 20, 7, 10, 0.0, 0.0, 14.75059243252548, 25.19345238095238, nan, 9.0642857142857132, 2.6657057413425465, 17.0, 0.0, nan, nan, nan, nan, nan, nan, 12.0, 1269.0, 'yes', nan, nan, nan, 0.17237763740995463, 0.001092563717947003, 0.51051322301694291, 0.5523110411318598, 0.50852066119420292, 0.00038490978817379122, 0.4, 'yes', 0.1, 10, 0.0001
83, 6, 'fluid', 2, 29.5, 2.9937930799149477, 3.496112914087, 4.8506962598533363, 200, 10, 4, 3, 100000, 0.6, 0.001, 1e-10, 1, 0.9928921820995222, 100, 0.40000000000000002, 20, 7, 10, 351.5, 0.0, 15.904997647375144, 27.583333333333336, 78.782492324122273, 6.3642857142857139, 2.7095599020421042, 17.0, 5.5, 0.23465, 0.12922658780224994, 0.43390804597701149, 0.22003069911938122, 308.5, 1.6114535358811524, 13.0, 891.0, 'yes', 0.45454545454545459, 0.625, 0.45454545454545459, 0.18041373474630895, 0.0010972666077899344, 0.51544239042097695, 0.551361465133689, 0.51014894386609067, 0.00038574963527267589, 0.4, 'yes', 0.1, 10, 0.0001
84, 6, 'fluid', 2, 29.0, 4.8938947912242554, 3.0728805725823278, 3.9123199915427094, 200, 10, 4, 3, 100000, 0.6, 0.001, 1e-10, 1, 0.9928921820995222, 100, 0.20000000000000001, 20, 7, 10, 568.5, 0.0, 12.043445413034455, 48.083333333333329, 83.427545182883847, 2.6392857142857142, 2.6738064131100057, 17.0, 9.0, 0.40615000000000001, 0.27819624235684631, 0.21428571428571427, 0.72263973272755844, 243.5, 1.3250129341470216, 14.0, 369.5, 'yes', 0.11111111111111116, 0.19999999999999996, 0.11111111111111116, 0.18570542584069546, 0.0010959786707196574, 0.51632402394394405, 0.55101723642154388, 0.51463319695236343, 0.00037864210989975385, 0.4, 'yes', 0.1, 10, 0.0001
85, 6, 'fluid', 2, 44.5, 1.9276211305698894, 2.7445020083550844, 3.3484695868665852, 200, 10, 4, 3, 100000, 0.6, 0.001, 1e-10, 1, 0.9928921820995222, 100, 0.10000000000000001, 20, 7, 10, 929.5, 0.0, 15.820790285914946, nan, 86.805328512195388, 0.96785714285714286, 2.707628023861667, 17.0, 8.5, 0.4995, 0.13069210766745393, 0.16988210075026794, 0.76332626082818711, 329.0, 0.70405900054530812, 7.0, 135.5, 'yes', 0.29411764705882359, 0.45454545454545459, 0.29411764705882348, 0.19075966282969162, 0.0010966488899787541, 0.51590406513739195, 0.55236622015789549, 0.5181185734103736, 0.00037320564309948755, 0.4, 'yes', 0.1, 10, 0.0001
86, 6, 'fluid', 2, 37.0, 2.6329307526752217, 3.6382766550320085, 1.7675683348159339, 200, 10, 4, 3, 100000, 0.6, 0.001, 1e-10, 1, 0.9928921820995222, 100, 0.080000000000000002, 20, 7, 10, 662.5, 0.0, 23.051381324233873, nan, 85.726899053917521, 1.4178571428571427, 2.6449024862024038, 17.0, 7.5, 0.45829999999999999, 0.11129615300826484, 0.18631732168850074, 0.70806705428436678, 276.0, 0.71540184370409299, 8.0, 198.5, 'yes', 0.33333333333333326, 0.5, 0.33333333333333337, 0.19663220182732163, 0.001098569598747434, 0.51493848827199773, 0.55099264957922045, 0.51618453488940896, 0.0003704840282303513, 0.4, 'yes', 0.1, 10, 0.0001
87, 6, 'fluid', 2, 16.0, 2.3062576049704884, 2.2604669241626141, 2.5226417513699708, 200, 10, 4, 3, 100000, 0.6, 0.001, 1e-10, 1, 0.9928921820995222, 100, 0.059999999999999998, 20, 7, 10, 262.0, 0.0, 52.211238997968856, nan, 81.769513621928809, 3.1464285714285714, 2.6746017862570506, 17.0, 4.0, 0.26544999999999996, 0.13056093212850867, 0.38487972508591067, 0.057802706280588589, 254.5, 1.1538688938221719, 6.0, 440.5, 'yes', 0.25, 0.40000000000000002, 0.25, 0.19732913731529064, 0.0011025947189361553, 0.51591306257888714, 0.55094920973078798, 0.5216830173264102, 0.00037610449896585913, 0.4, 'yes', 0.1, 10, 0.0001
88, 6, 'fluid', 2, 1.5, 0.3181414995353733, 0.10934944475685926, 0.12093668103385502, 200, 10, 4, 3, 100000, 0.6, 0.001, 1e-10, 1, 0.9928921820995222, 100, 0.040000000000000001, 20, 7, 10, 52.0, 0.0, 56.172619047619051, nan, 77.626558265582659, 2.3357142857142854, 2.6459715577336906, 17.0, 4.0, 0.4526, 0.2893784028548993, 0.35576923076923078, 0.44748520710059175, 36.5, 0.84765221459099549, 4.0, 327.0, 'yes', 0.0, 0.0, 0.0, 0.19882557160104603, 0.0011002970499452587, 0.51799617651744867, 0.55007314720483147, 0.52585514864022609, 0.00036805824624133482, 0.4, 'yes', 0.1, 10, 0.0001
89, 6, 'fluid', 2, 0.0, 0.0, 0.0, 0.0, 200, 10, 4, 3, 100000, 0.6, 0.001, 1e-10, 1, 0.9928921820995222, 100, 0.02, 20, 7, 10, 0.0, 0.0, 42.638888888888886, nan, nan, 1.4785714285714286, 2.6642304796143321, 17.0, 0.0, nan, nan, nan, nan, nan, nan, 3.0, 207.0, 'yes', nan, nan, nan, 0.19882557160104603, 0.0011002970499452587, 0.51799617651744867, 0.55007314720483147, 0.52585514864022609, 0.00036805824624133482, 0.4, 'yes', 0.1, 10, 0.0001
90, 6, 'fluid', 2, 0.0, 0.0, 0.0, 0.0, 200, 10, 4, 3, 100000, 0.6, 0.001, 1e-10, 1, 0.9928921820995222, 100, 0.01, 20, 7, 10, 0.0, 0.0, nan, nan, nan, 0.63928571428571423, 2.5582811336282552, 17.0, 0.0, nan, nan, nan, nan, nan, nan, 1.0, 89.5, 'yes', nan, nan, nan, 0.19882557160104603, 0.0011002970499452587, 0.51799617651744867, 0.55007314720483147, 0.52585514864022609, 0.00036805824624133482, 0.4, 'yes', 0.1, 10, 0.0001
91, 6, 'fluid', 2, 0.0, 0.0, 0.0, 0.0, 200, 10, 4, 3, 100000, 0.6, 0.001, 1e-10, 1, 0.9928921820995222, 100, 0.0080000000000000002, 20, 7, 10, 0.0, 0.0, nan, nan, nan, 0.68928571428571428, 2.5254735643066533, 16.0, 0.0, nan, nan, nan, nan, nan, nan, 0.0, 96.5, 'yes', nan, nan, nan, 0.19882557160104603, 0.0011002970499452587, 0.51799617651744867, 0.55007314720483147, 0.52585514864022609, 0.00036805824624133482, 0.4, 'yes', 0.1, 10, 0.0001
92, 6, 'fluid', 2, 0.0, 0.0, 0.0, 0.0, 200, 10, 4, 3, 100000, 0.6, 0.001, 1e-10, 1, 0.9928921820995222, 100, 0.0060000000000000001, 20, 7, 10, 0.0, 0.0, nan, nan, nan, 0.40357142857142858, 2.6148869478174754, 16.0, 0.0, nan, nan, nan, nan, nan, nan, 0.0, 56.5, 'yes', nan, nan, nan, 0.19882557160104603, 0.0011002970499452587, 0.51799617651744867, 0.55007314720483147, 0.52585514864022609, 0.00036805824624133482, 0.4, 'yes', 0.1, 10, 0.0001
93, 6, 'fluid', 2, 0.0, 0.0, 0.0, 0.0, 200, 10, 4, 3, 100000, 0.6, 0.001, 1e-10, 1, 0.9928921820995222, 100, 0.0040000000000000001, 20, 7, 10, 0.0, 0.0, nan, nan, nan, 0.34999999999999998, 2.6670687446675103, 16.0, 0.0, nan, nan, nan, nan, nan, nan, 0.0, 49.0, 'yes', nan, nan, nan, 0.19882557160104603, 0.0011002970499452587, 0.51799617651744867, 0.55007314720483147, 0.52585514864022609, 0.00036805824624133482, 0.4, 'yes', 0.1, 10, 0.0001
94, 6, 'fluid', 2, 0.0, 0.0, 0.0, 0.0, 200, 10, 4, 3, 100000, 0.6, 0.001, 1e-10, 1, 0.9928921820995222, 100, 0.002, 20, 7, 10, 0.0, 0.0, nan, nan, nan, 0.125, 2.1291834083027821, 10.0, 0.0, nan, nan, nan, nan, nan, nan, 0.0, 17.5, 'yes', nan, nan, nan, 0.19882557160104603, 0.0011002970499452587, 0.51799617651744867, 0.55007314720483147, 0.52585514864022609, 0.00036805824624133482, 0.4, 'yes', 0.1, 10, 0.0001
95, 6, 'fluid', 2, 0.0, 0.0, 0.0, 0.0, 200, 10, 4, 3, 100000, 0.6, 0.001, 1e-10, 1, 0.9928921820995222, 100, 0.001, 20, 7, 10, 0.0, 0.0, nan, nan, nan, 0.035714285714285712, 1.3321790402101223, 4.0, 0.0, nan, nan, nan, nan, nan, nan, 0.0, 5.0, 'yes', nan, nan, nan, 0.19882557160104603, 0.0011002970499452587, 0.51799617651744867, 0.55007314720483147, 0.52585514864022609, 0.00036805824624133482, 0.4, 'yes', 0.1, 10, 0.0001
96, 7, 'fluid', 2, 0.0, 0.0, 0.0, 0.0, 200, 7, 8, 5, 40000, 0.4, 0.002, 1e-10, 1, 0.9950873443392527, 100, 1.0, 20, 5, 10, 0.0, 0.0, 9.2413607324264007, 10.274478330658106, nan, 9.3599999999999994, 2.9721562486349482, 20.0, 0.0, nan, nan, nan, nan, nan, nan, 10.0, 936.0, 'yes', nan, nan, nan, 0.19882557160104603, 0.0011002970499452587, 0.51799617651744867, 0.55007314720483147, 0.52585514864022609, 0.00036805824624133482, 0.5, 'yes', 0.1, 2, 0.0001
97, 7, 'fluid', 2, 0.0, 0.0, 0.0, 0.0, 200, 7, 8, 5, 40000, 0.4, 0.002, 1e-10, 1, 0.9950873443392527, 100, 0.80000000000000004, 20, 5, 10, 0.0, 0.0, 11.271119217936569, 9.9930555555555554, nan, 9.6950000000000003, 2.9734431742064928, 20.0, 0.0, nan, nan, nan, nan, nan, nan, 8.5, 969.5, 'yes', nan, nan, nan, 0.19882557160104603, 0.0011002970499452587, 0.51799617651744867, 0.55007314720483147, 0.52585514864022609, 0.00036805824624133482, 0.5, 'yes', 0.1, 2, 0.0001
98, 7, 'fluid', 2, 0.0, 0.0, 0.0, 0.0, 200, 7, 8, 5, 40000, 0.4, 0.002, 1e-10, 1, 0.9950873443392527, 100, 0.59999999999999998, 20, 5, 10, 0.0, 0.0, 14.933439000960615, 16.385057471264368, nan, 9.3900000000000006, 2.9663463960813035, 20.0, 0.0, nan, nan, nan, nan, nan, nan, 10.5, 939.0, 'yes', nan, nan, nan, 0.19882557160104603, 0.0011002970499452587, 0.51799617651744867, 0.55007314720483147, 0.52585514864022609, 0.00036805824624133482, 0.5, 'yes', 0.1, 2, 0.0001
99, 7, 'fluid', 2, 0.0, 0.0, 0.0, 0.0, 200, 7, 8, 5, 40000, 0.4, 0.002, 1e-10, 1, 0.9950873443392527, 100, 0.40000000000000002, 20, 5, 10, 0.0, 0.0, 19.956231490508074, 28.034615384615385, nan, 9.2650000000000006, 2.9663196545825685, 20.0, 0.0, nan, nan, nan, nan, nan, nan, 13.0, 926.5, 'yes', nan, nan, nan, 0.19882557160104603, 0.0011002970499452587, 0.51799617651744867, 0.55007314720483147, 0.52585514864022609, 0.00036805824624133482, 0.5, 'yes', 0.1, 2, 0.0001
100, 7, 'fluid', 2, 7.0, 0.2682857783840269, 0.3504998669321906, 0.35547371596847555, 200, 7, 8, 5, 40000, 0.4, 0.002, 1e-10, 1, 0.9950873443392527, 100, 0.20000000000000001, 20, 5, 10, 73.0, 0.0, 15.977123087240138, 32.214285714285715, 80.392905612272301, 6.1799999999999997, 2.974968942763307, 20.0, 1.0, 1.0, 1.0, 1.325, 0.0, 73.0, 0.0, 8.0, 618.0, 'yes', 0.0, 0.0, 0.0, 0.1994209093590163, 0.0011008088983161374, 0.51553565629707421, 0.55115615100087589, 0.5252619140504754, 0.00036035806890281154, 0.5, 'yes', 0.1, 2, 0.0001
101, 7, 'fluid', 2, 15.0, 0.80000349109190871, 1.3792472877099451, 1.6258738449389298, 200, 7, 8, 5, 40000, 0.4, 0.002, 1e-10, 1, 0.9950873443392527, 100, 0.10000000000000001, 20, 5, 10, 178.5, 0.0, 28.660374066578267, nan, 81.573263298069094, 3.7149999999999999, 2.948755489866258, 20.0, 2.5, 0.71694999999999998, 0.48958462469104963, 0.40058479532163743, 0.42381987666384785, 124.0, -0.033341479638199306, 9.0, 371.5, 'yes', 0.19999999999999996, 0.33333333333333337, 0.19999999999999996, 0.20097113140604478, 0.0011160318056707213, 0.51681164452509032, 0.54989774658303692, 0.52394673065078123, 0.0003600959810516826, 0.5, 'yes', 0.1, 2, 0.0001
102, 7, 'fluid', 2, 25.0, 1.2391343400691426, 1.4282686927521588, 2.2703094095171892, 200, 7, 8, 5, 40000, 0.4, 0.002, 1e-10, 1, 0.9950873443392527, 100, 0.080000000000000002, 20, 5, 10, 380.0, 0.0, 16.682619574071921, nan, 83.744979461433132, 1.7250000000000001, 2.9279931789459774, 20.0, 5.0, 0.4652, 0.17026387849790636, 0.29189189189189191, 0.56992393801125607, 207.5, 0.61939307685706702, 6.0, 172.5, 'yes', 0.19999999999999996, 0.33333333333333337, 0.19999999999999996, 0.2028454076819802, 0.0011185908190504458, 0.51572523324052688, 0.54958008313697293, 0.52334389999397191, 0.00035412162173989101, 0.5, 'yes', 0.1, 2, 0.0001
103, 7, 'fluid', 2, 19.5, 2.0381158698307758, 0.58547326659878607, 0.61978981027959357, 200, 7, 8, 5, 40000, 0.4, 0.002, 1e-10, 1, 0.9950873443392527, 100, 0.059999999999999998, 20, 5, 10, 259.0, 0.0, 16.493248045486851, nan, 86.446980097498425, 1.365, 2.9306116303367467, 20.0, 6.5, 0.59599999999999997, 0.39595285665497426, 0.20647773279352227, 0.73991222148857194, 94.0, 0.45946490023415887, 3.0, 136.5, 'yes', 0.076923076923076872, 0.1428571428571429, 0.076923076923076872, 0.2040597687358853, 0.0011272706982624167, 0.51470247366400357, 0.55031082098657447, 0.52395017539631639, 0.00034892319518704351, 0.5, 'yes', 0.1, 2, 0.0001
104, 7, 'fluid', 2, 15.0, 1.1446371728534288, 0.65143816416404121, 1.1221792184094337, 200, 7, 8, 5, 40000, 0.4, 0.002, 1e-10, 1, 0.9950873443392527, 100, 0.040000000000000001, 20, 5, 10, 239.0, 0.0, 42.721853146853149, nan, 82.629724622030238, 1.4649999999999999, 2.9186262697140579, 20.0, 7.0, 0.56850000000000001, 0.20761602375185773, 0.13765182186234817, 0.7410193925562214, 80.0, 0.15215752098669633, 4.0, 146.5, 'yes', 0.28571428571428581, 0.44444444444444442, 0.2857142857142857, 0.20587472459415768, 0.0011380212276609983, 0.51495635097097525, 0.54942887679885277, 0.52440465284872539, 0.00035152190259128121, 0.5, 'yes', 0.1, 2, 0.0001
105, 7, 'fluid', 2, 0.0, 0.0, 0.0, 0.0, 200, 7, 8, 5, 40000, 0.4, 0.002, 1e-10, 1, 0.9950873443392527, 100, 0.02, 20, 5, 10, 0.0, 0.0, 42.365384615384613, nan, nan, 1.8300000000000001, 2.9543995311141913, 20.0, 0.0, nan, nan, nan, nan, nan, nan, 3.0, 183.0, 'yes', nan, nan, nan, 0.20587472459415768, 0.0011380212276609983, 0.51495635097097525, 0.54942887679885277, 0.52440465284872539, 0.00035152190259128121, 0.5, 'yes', 0.1, 2, 0.0001
106, 7, 'fluid', 2, 0.0, 0.0, 0.0, 0.0, 200, 7, 8, 5, 40000, 0.4, 0.002, 1e-10, 1, 0.9950873443392527, 100, 0.01, 20, 5, 10, 0.0, 0.0, nan, nan, nan, 1.0150000000000001, 2.8678086352927985, 20.0, 0.0, nan, nan, nan, nan, nan, nan, 0.0, 101.5, 'yes', nan, nan, nan, 0.20587472459415768, 0.0011380212276609983, 0.51495635097097525, 0.54942887679885277, 0.52440465284872539, 0.00035152190259128121, 0.5, 'yes', 0.1, 2, 0.0001
107, 7, 'fluid', 2, 0.0, 0.0, 0.0, 0.0, 200, 7, 8, 5, 40000, 0.4, 0.002, 1e-10, 1, 0.9950873443392527, 100, 0.0080000000000000002, 20, 5, 10, 0.0, 0.0, nan, nan, nan, 0.93500000000000005, 2.9116428485966219, 19.0, 0.0, nan, nan, nan, nan, nan, nan, 0.0, 93.5, 'yes', nan, nan, nan, 0.20587472459415768, 0.0011380212276609983, 0.51495635097097525, 0.54942887679885277, 0.52440465284872539, 0.00035152190259128121, 0.5, 'yes', 0.1, 2, 0.0001
108, 7, 'fluid', 2, 0.0, 0.0, 0.0, 0.0, 200, 7, 8, 5, 40000, 0.4, 0.002, 1e-10, 1, 0.9950873443392527, 100, 0.0060000000000000001, 20, 5, 10, 0.0, 0.0, nan, nan, nan, 0.495, 2.778255962278342, 19.0, 0.0, nan, nan, nan, nan, nan, nan, 1.0, 49.5, 'yes', nan, nan, nan, 0.20587472459415768, 0.0011380212276609983, 0.51495635097097525, 0.54942887679885277, 0.52440465284872539, 0.00035152190259128121, 0.5, 'yes', 0.1, 2, 0.0001
109, 7, 'fluid', 2, 0.0, 0.0, 0.0, 0.0, 200, 7, 8, 5, 40000, 0.4, 0.002, 1e-10, 1, 0.9950873443392527, 100, 0.0040000000000000001, 20, 5, 10, 0.0, 0.0, nan, nan, nan, 0.35999999999999999, 2.635846554597788, 16.0, 0.0, nan, nan, nan, nan, nan, nan, 0.0, 36.0, 'yes', nan, nan, nan, 0.20587472459415768, 0.0011380212276609983, 0.51495635097097525, 0.54942887679885277, 0.52440465284872539, 0.00035152190259128121, 0.5, 'yes', 0.1, 2, 0.0001
110, 7, 'fluid', 2, 0.0, 0.0, 0.0, 0.0, 200, 7, 8, 5, 40000, 0.4, 0.002, 1e-10, 1, 0.9950873443392527, 100, 0.002, 20, 5, 10, 0.0, 0.0, nan, nan, nan, 0.16999999999999998, 2.1776327926806274, 10.0, 0.0, nan, nan, nan, nan, nan, nan, 0.0, 17.0, 'yes', nan, nan, nan, 0.20587472459415768, 0.0011380212276609983, 0.51495635097097525, 0.54942887679885277, 0.52440465284872539, 0.00035152190259128121, 0.5, 'yes', 0.1, 2, 0.0001
111, 7, 'fluid', 2, 0.0, 0.0, 0.0, 0.0, 200, 7, 8, 5, 40000, 0.4, 0.002, 1e-10, 1, 0.9950873443392527, 100, 0.001, 20, 5, 10, 0.0, 0.0, nan, nan, nan, 0.13, 2.0981473891350673, 9.0, 0.0, nan, nan, nan, nan, nan, nan, 1.0, 13.0, 'yes', nan, nan, nan, 0.20587472459415768, 0.0011380212276609983, 0.51495635097097525, 0.54942887679885277, 0.52440465284872539, 0.00035152190259128121, 0.5, 'yes', 0.1, 2, 0.0001
112, 8, 'fluid', 2, 0.0, 0.044619879441995747, 0.038902502739702749, 0.047239830421244078, 400, 2, 6, 5, 20000, 0.4, 0.0002, 1e-10, 2, 0.9914297988261639, 100, 1.0, 10, 6, 10, 4.5, 0.005, 5.0000796037204331, 5.9397163120567376, 6.0084544253632757, 15.5, 2.4634179453611598, 13.0, 3.0, 0.92854999999999999, 0.93540728730354405, 0.5, 0.63888888888888895, 2.0, 0.0, 5.5, 930.0, 'yes', 0.33333333333333326, 0.5, 0.33333333333333337, 0.20703241778141285, 0.0011278405009883161, 0.5112665969055149, 0.54857879007751975, 0.52171793095756924, 0.00034489040933708163, 0.3, 'yes', 0.08, 5, 0.0001
113, 8, 'fluid', 2, 1.0, 0.067484545368992177, 0.018616374968623894, 0.016805238224512631, 400, 2, 6, 5, 20000, 0.4, 0.0002, 1e-10, 2, 0.9914297988261639, 100, 0.80000000000000004, 10, 6, 10, 5.5, 0.005, 5.9759453951786581, 6.4637681159420293, 9.0214577656675736, 15.366666666666667, 2.4324175014061664, 13.0, 3.0, 0.80735000000000001, 0.85199624115254369, 0.25, 0.58555555555555561, 3.0, 0.35355339059327362, 6.0, 922.0, 'yes', 0.33333333333333326, 0.5, 0.33333333333333337, 0.20780675941819354, 0.0011192461021246934, 0.50802001258941809, 0.54812010121689281, 0.52197170193359244, 0.00033851154439732773, 0.3, 'yes', 0.08, 5, 0.0001
114, 8, 'fluid', 2, 2.5, 0.12475702573927472, 0.12858359515394224, 0.038426243312312369, 400, 2, 6, 5, 20000, 0.4, 0.0002, 1e-10, 2, 0.9914297988261639, 100, 0.59999999999999998, 10, 6, 10, 15.0, 0.005, 7.6226364516567848, 9.4909090909090903, 9.4939989785495413, 14.425000000000001, 2.4461418549730043, 13.0, 4.5, 0.80735000000000001, 0.7146088050626469, 0.13333333333333333, 0.67999999999999994, 6.0, -0.23516523016849297, 6.0, 865.5, 'yes', 0.33333333333333326, 0.5, 0.33333333333333337, 0.20964371884516261, 0.0011242493008918597, 0.50593665673453614, 0.54724378816832353, 0.52050172610559808, 0.00038447287433575241, 0.3, 'yes', 0.08, 5, 0.0001
115, 8, 'fluid', 2, 2.0, 0.074300479419706078, 0.023440226457923041, 0.036782970082228417, 400, 2, 6, 5, 20000, 0.4, 0.0002, 1e-10, 2, 0.9914297988261639, 100, 0.40000000000000002, 10, 6, 10, 9.5, 0.005, 10.85619248211998, nan, 13.160092961487383, 14.841666666666667, 2.465792196361007, 13.0, 3.5, 0.79804999999999993, 0.78474985517450824, 0.18181818181818182, 0.63571797520661155, 4.5, 0.026424492707029901, 6.5, 890.5, 'yes', 0.4285714285714286, 0.59999999999999998, 0.4285714285714286, 0.20907278937568616, 0.0011135838962406915, 0.50376603974371748, 0.54732193873624746, 0.51863009464468801, 0.00037760181242133499, 0.3, 'yes', 0.08, 5, 0.0001
116, 8, 'fluid', 2, 2.0, 0.022556760339450588, 0.00087176085123567837, 0.013629287925815914, 400, 2, 6, 5, 20000, 0.4, 0.0002, 1e-10, 2, 0.9914297988261639, 100, 0.20000000000000001, 10, 6, 10, 5.0, 0.005, 20.022606181697093, 20.26923076923077, 25.643523702874205, 15.35, 2.4409062654815878, 13.0, 1.0, 1.0, 1.0, 0.75, 0.0, 5.0, 0.0, 6.5, 921.0, 'yes', 0.0, 0.0, 0.0, 0.20707029586786113, 0.0011035294477810612, 0.50622773035873336, 0.54703950720499717, 0.51776780239340159, 0.00037097835634167134, 0.3, 'yes', 0.08, 5, 0.0001
117, 8, 'fluid', 2, 95.5, 13.542639186436702, 3.9538702226245306, 4.9074582145012684, 400, 2, 6, 5, 20000, 0.4, 0.0002, 1e-10, 2, 0.9914297988261639, 100, 0.10000000000000001, 10, 6, 10, 1522.5, 0.005, 21.373346104954074, 57.200000000000003, 89.66487781941359, 5.8333333333333339, 2.377428169303732, 13.0, 9.5, 0.1188, 0.11694875551581979, 0.6731517509727627, 0.044919815593214452, 1489.0, 2.5266662615644515, 4.5, 350.0, 'yes', 0.68421052631578938, 0.8125, 0.68421052631578949, 0.20928764567086977, 0.001098463149439898, 0.50480323242886493, 0.54468501373227851, 0.5115729201432041, 0.00036908653685415913, 0.3, 'yes', 0.08, 5, 0.0001
118, 8, 'fluid', 2, 11.5, 0.56887775266576313, 0.81579642773222183, 1.9281371131176837, 400, 2, 6, 5, 20000, 0.4, 0.0002, 1e-10, 2, 0.9914297988261639, 100, 0.080000000000000002, 10, 6, 10, 210.5, 0.005, 21.974471021159154, nan, 85.374768730727567, 8.7250000000000014, 2.468953677368197, 13.0, 5.0, 0.22625000000000001, 0.17599052640404667, 0.73765432098765427, 0.11496203245889441, 197.0, 1.4967691567100845, 3.5, 523.5, 'yes', 0.19999999999999996, 0.33333333333333337, 0.19999999999999996, 0.21013441137732286, 0.00108871168038428, 0.50158760617272757, 0.5429367284880865, 0.51451047525638693, 0.00037716612764453585, 0.3, 'yes', 0.08, 5, 0.0001
119, 8, 'fluid', 2, 85.0, 1.9909829543639574, 4.5157191058315647, 3.0251774981841493, 400, 2, 6, 5, 20000, 0.4, 0.0002, 1e-10, 2, 0.9914297988261639, 100, 0.059999999999999998, 10, 6, 10, 1578.5, 0.005, 17.644060174965251, nan, 83.456643258987356, 2.0333333333333332, 2.4596943342141024, 13.0, 7.5, 0.40715000000000001, 0.088030174145770135, 0.22864167178856792, 0.67103350176218202, 769.5, 1.1876445747361548, 1.5, 122.0, 'yes', 0.33333333333333326, 0.5, 0.33333333333333337, 0.21005163134227592, 0.0010776230978344779, 0.5009623027520107, 0.54281850566472234, 0.51438935237780037, 0.00037200854247620112, 0.3, 'yes', 0.08, 5, 0.0001
120, 8, 'fluid', 2, 46.0, 5.2437585036819314, 2.3656898618346354, 4.2215341080635511, 400, 2, 6, 5, 20000, 0.4, 0.0002, 1e-10, 2, 0.9914297988261639, 100, 0.040000000000000001, 10, 6, 10, 639.5, 0.005, 31.205503439649782, nan, 89.56497399397756, 4.1500000000000004, 2.4169974627599049, 13.0, 6.0, 0.26669999999999999, 0.098977657655537954, 0.33382352941176469, 0.35970665831776577, 493.5, 1.509700253290237, 1.0, 249.0, 'yes', 0.33333333333333326, 0.5, 0.33333333333333337, 0.21091594526368479, 0.0010732729358175707, 0.50123644869020778, 0.54158370460452387, 0.5149480630701293, 0.00036893318582257223, 0.3, 'yes', 0.08, 5, 0.0001
121, 8, 'fluid', 2, 26.5, 3.1316975572825356, 3.000210413985549, 2.5174626747535029, 400, 2, 6, 5, 20000, 0.4, 0.0002, 1e-10, 2, 0.9914297988261639, 100, 0.02, 10, 6, 10, 434.5, 0.005, 28.896458583433372, nan, 87.111879980484645, 2.1749999999999998, 2.4200257402813197, 13.0, 4.5, 0.4204, 0.11988625973655592, 0.28131634819532908, 0.46462862003657079, 288.5, 0.75769699654127476, 0.0, 130.5, 'yes', 0.33333333333333326, 0.5, 0.33333333333333337, 0.21357617417134614, 0.0010707906316036544, 0.49943817858368633, 0.53888071088674716, 0.51314102585081667, 0.00036635708341459738, 0.3, 'yes', 0.08, 5, 0.0001
122, 8, 'fluid', 2, 24.0, 0.75589549749397378, 2.1541454586844928, 0.23861664760755019, 400, 2, 6, 5, 20000, 0.4, 0.0002, 1e-10, 2, 0.9914297988261639, 100, 0.01, 10, 6, 10, 628.5, 0.005, 29.390977443609021, nan, 90.417220209339774, 0.78333333333333333, 2.4461825511605744, 13.0, 2.5, 0.41854999999999998, 0.064966502218305078, 0.46171516079632463, 0.0047086396687390231, 627.0, 0.35355339059327384, 1.0, 47.0, 'yes', 0.60000000000000009, 0.75, 0.59999999999999998, 0.21519255285672709, 0.0010581023982061473, 0.50500854794610983, 0.53942754291334805, 0.51551809905622303, 0.00036332389076478407, 0.3, 'yes', 0.08, 5, 0.0001
123, 8, 'fluid', 2, 0.0, 0.0, 0.0, 0.0, 400, 2, 6, 5, 20000, 0.4, 0.0002, 1e-10, 2, 0.9914297988261639, 100, 0.0080000000000000002, 10, 6, 10, 0.0, 0.005, 49.214285714285715, nan, nan, 2.8166666666666664, 2.4833596371621192, 13.0, 0.0, nan, nan, nan, nan, nan, nan, 1.0, 169.0, 'yes', nan, nan, nan, 0.21519255285672709, 0.0010581023982061473, 0.50500854794610983, 0.53942754291334805, 0.51551809905622303, 0.00036332389076478407, 0.3, 'yes', 0.08, 5, 0.0001
124, 8, 'fluid', 2, 0.5, 0.047743500966067443, -2.7755575615628914e-17, 4.6505391747969638e-05, 400, 2, 6, 5, 20000, 0.4, 0.0002, 1e-10, 2, 0.9914297988261639, 100, 0.0060000000000000001, 10, 6, 10, 3.5, 0.005, nan, nan, 79.076119402985071, 2.0250000000000004, 2.4627780638285737, 13.0, 1.5, 0.86765000000000003, 0.85743279166526021, 1.0, 0.15999999999999998, 3.0, 0.0, 3.0, 121.5, 'yes', 0.33333333333333326, 0.5, 0.33333333333333337, 0.21561706758845153, 0.0010458833795393013, 0.50102950093756493, 0.53932057423751489, 0.51184960724487283, 0.00035767070851254755, 0.3, 'yes', 0.08, 5, 0.0001
125, 8, 'fluid', 2, 0.0, 0.0, 0.0, 0.0, 400, 2, 6, 5, 20000, 0.4, 0.0002, 1e-10, 2, 0.9914297988261639, 100, 0.0040000000000000001, 10, 6, 10, 0.0, 0.005, nan, nan, nan, 1.2416666666666667, 2.3300469005583722, 13.0, 0.0, nan, nan, nan, nan, nan, nan, 1.0, 74.5, 'yes', nan, nan, nan, 0.21561706758845153, 0.0010458833795393013, 0.50102950093756493, 0.53932057423751489, 0.51184960724487283, 0.00035767070851254755, 0.3, 'yes', 0.08, 5, 0.0001
126, 8, 'fluid', 2, 0.0, 0.0, 0.0, 0.0, 400, 2, 6, 5, 20000, 0.4, 0.0002, 1e-10, 2, 0.9914297988261639, 100, 0.002, 10, 6, 10, 0.0, 0.005, nan, nan, nan, 0.71666666666666656, 2.4191433747645128, 12.5, 0.0, nan, nan, nan, nan, nan, nan, 0.0, 43.0, 'yes', nan, nan, nan, 0.21561706758845153, 0.0010458833795393013, 0.50102950093756493, 0.53932057423751489, 0.51184960724487283, 0.00035767070851254755, 0.3, 'yes', 0.08, 5, 0.0001
127, 8, 'fluid', 2, 0.0, 0.0, 0.0, 0.0, 400, 2, 6, 5, 20000, 0.4, 0.0002, 1e-10, 2, 0.9914297988261639, 100, 0.001, 10, 6, 10, 0.0, 0.005, nan, nan, nan, 0.43333333333333335, 2.1788664150335073, 10.0, 0.0, nan, nan, nan, nan, nan, nan, 0.0, 26.0, 'yes', nan, nan, nan, 0.21561706758845153, 0.0010458833795393013, 0.50102950093756493, 0.53932057423751489, 0.51184960724487283, 0.00035767070851254755, 0.3, 'yes', 0.08, 5, 0.0001
128, 9, 'fluid', 2, 0.0, 0.0, 0.0, 0.0, 1000, 8, 3, 3, 10000, 0.1, 0.0001, 1e-10, 4, 0.9970070435994498, 100, 1.0, 15, 5, 10, 0.0, 0.0, 6.9758899920315294, 7.9175824175824179, nan, 53.88666666666667, 2.5209794154823175, 14.0, 0.0, nan, nan, nan, nan, nan, nan, 8.0, 4041.5, 'yes', nan, nan, nan, 0.21561706758845153, 0.0010458833795393013, 0.50102950093756493, 0.53932057423751489, 0.51184960724487283, 0.00035767070851254755, 0.3, 'yes', 0.01, 7, 0.0001
129, 9, 'fluid', 2, 0.0, 0.0, 0.0, 0.0, 1000, 8, 3, 3, 10000, 0.1, 0.0001, 1e-10, 4, 0.9970070435994498, 100, 0.80000000000000004, 15, 5, 10, 0.0, 0.0, 8.4743291749191609, 10.214473684210526, nan, 51.913333333333334, 2.5126543771246341, 14.0, 0.0, nan, nan, nan, nan, nan, nan, 9.5, 3893.5, 'yes', nan, nan, nan, 0.21561706758845153, 0.0010458833795393013, 0.50102950093756493, 0.53932057423751489, 0.51184960724487283, 0.00035767070851254755, 0.3, 'yes', 0.01, 7, 0.0001
130, 9, 'fluid', 2, 0.0, 0.0, 0.0, 0.0, 1000, 8, 3, 3, 10000, 0.1, 0.0001, 1e-10, 4, 0.9970070435994498, 100, 0.59999999999999998, 15, 5, 10, 0.0, 0.0, 10.852095185952216, 11.684782608695652, nan, 49.486666666666665, 2.5320667842347726, 14.0, 0.0, nan, nan, nan, nan, nan, nan, 6.5, 3711.5, 'yes', nan, nan, nan, 0.21561706758845153, 0.0010458833795393013, 0.50102950093756493, 0.53932057423751489, 0.51184960724487283, 0.00035767070851254755, 0.3, 'yes', 0.01, 7, 0.0001
131, 9, 'fluid', 2, 0.0, 0.0, 0.0, 0.0, 1000, 8, 3, 3, 10000, 0.1, 0.0001, 1e-10, 4, 0.9970070435994498, 100, 0.40000000000000002, 15, 5, 10, 0.0, 0.0, 15.938374298240095, nan, nan, 45.519999999999996, 2.5112373056329451, 14.0, 0.0, nan, nan, nan, nan, nan, nan, 8.5, 3414.0, 'yes', nan, nan, nan, 0.21561706758845153, 0.0010458833795393013, 0.50102950093756493, 0.53932057423751489, 0.51184960724487283, 0.00035767070851254755, 0.3, 'yes', 0.01, 7, 0.0001
132, 9, 'fluid', 2, 0.0, 0.0, 0.0, 0.0, 1000, 8, 3, 3, 10000, 0.1, 0.0001, 1e-10, 4, 0.9970070435994498, 100, 0.20000000000000001, 15, 5, 10, 0.0, 0.0, 30.835374801038526, 43.357142857142861, nan, 42.359999999999999, 2.5196883555315228, 14.0, 0.0, nan, nan, nan, nan, nan, nan, 8.0, 3177.0, 'yes', nan, nan, nan, 0.21561706758845153, 0.0010458833795393013, 0.50102950093756493, 0.53932057423751489, 0.51184960724487283, 0.00035767070851254755, 0.3, 'yes', 0.01, 7, 0.0001
133, 9, 'fluid', 2, 2.5, 0.076998157727572014, 0.031815591365570772, 0.029598144124445169, 1000, 8, 3, 3, 10000, 0.1, 0.0001, 1e-10, 4, 0.9970070435994498, 100, 0.10000000000000001, 15, 5, 10, 24.5, 0.0, 42.416117042917932, nan, 77.724006762468292, 40.406666666666666, 2.527920539994394, 14.0, 2.0, 0.91284999999999994, 0.92302908971824116, 1.125, 0.44722425127830534, 16.5, 0.0, 6.0, 3030.5, 'yes', 0.0, 0.0, 0.0, 0.21383819098012527, 0.0010396185460011934, 0.49978910441380897, 0.53980168588173938, 0.51341208813590922, 0.00035219557924463346, 0.3, 'yes', 0.01, 7, 0.0001
134, 9, 'fluid', 2, 70.5, 6.6212057960417923, 6.3747718769872179, 4.869940081502655, 1000, 8, 3, 3, 10000, 0.1, 0.0001, 1e-10, 4, 0.9970070435994498, 100, 0.080000000000000002, 15, 5, 10, 1123.5, 0.0, 45.11594311228049, nan, 86.636723888978025, 22.340000000000003, 2.5354361584038436, 14.0, 10.5, 0.32884999999999998, 0.10756484355751561, 0.1939115929941618, 0.70525771137291293, 514.5, 1.6284870113486445, 8.0, 1675.5, 'yes', 0.4285714285714286, 0.59999999999999998, 0.4285714285714286, 0.212102663097228, 0.0010331824294661522, 0.50033987039160266, 0.54080863757868147, 0.51519888909583322, 0.0003503598235309958, 0.3, 'yes', 0.01, 7, 0.0001
135, 9, 'fluid', 2, 26.0, 1.5693714413922084, 2.4379196033941533, 1.1714212006806868, 1000, 8, 3, 3, 10000, 0.1, 0.0001, 1e-10, 4, 0.9970070435994498, 100, 0.059999999999999998, 15, 5, 10, 335.5, 0.0, 51.781821493284511, nan, 84.793307489136922, 26.513333333333335, 2.5218204021771888, 14.0, 4.0, 0.57479999999999998, 0.56381433802271719, 0.27286135693215341, 0.56200717658298227, 203.5, 0.84897305068768891, 8.0, 1988.5, 'yes', 0.0, 0.0, 0.0, 0.21039942123666605, 0.0010240936890634625, 0.4994818315322474, 0.54118665169623681, 0.51539178278648867, 0.00034516349034731641, 0.3, 'yes', 0.01, 7, 0.0001
136, 9, 'fluid', 2, 56.0, 4.7164228413709068, 4.7713747238215518, 4.3512216955412129, 1000, 8, 3, 3, 10000, 0.1, 0.0001, 1e-10, 4, 0.9970070435994498, 100, 0.040000000000000001, 15, 5, 10, 811.0, 0.0, 45.567215447154474, nan, 84.895005549389566, 12.086666666666666, 2.5234816711883914, 14.0, 6.5, 0.42064999999999997, 0.092564584372004877, 0.19820828667413215, 0.61418675000039602, 398.5, 0.70734419230849765, 4.0, 906.5, 'yes', 0.53846153846153855, 0.69999999999999996, 0.53846153846153844, 0.20877606850721916, 0.0010169631320186886, 0.50046665804193446, 0.54230162969507667, 0.51556046639574915, 0.00034327283477139159, 0.3, 'yes', 0.01, 7, 0.0001
137, 9, 'fluid', 2, 5.5, 0.1560296262940426, 0.21408196151246361, 0.19956535623433957, 1000, 8, 3, 3, 10000, 0.1, 0.0001, 1e-10, 4, 0.9970070435994498, 100, 0.02, 15, 5, 10, 88.5, 0.0, 43.808785529715763, nan, 84.363854925127072, 11.606666666666667, 2.5261767688730972, 14.0, 2.5, 0.65270000000000006, 0.48201721479470938, 0.3707865168539326, 0.36443220357330292, 67.5, 0.21552078286407644, 1.5, 870.5, 'yes', 0.19999999999999996, 0.33333333333333337, 0.19999999999999996, 0.20715407844714256, 0.0010079780528334877, 0.49885961319658373, 0.54165708124099043, 0.51453165356378172, 0.00033833545944144506, 0.3, 'yes', 0.01, 7, 0.0001
138, 9, 'fluid', 2, 0.5, 0.011911973996716729, 0.0053543793424442043, 0.25812034527055472, 1000, 8, 3, 3, 10000, 0.1, 0.0001, 1e-10, 4, 0.9970070435994498, 100, 0.01, 15, 5, 10, 18.5, 0.0, 51.089743589743591, nan, 81.933333333333337, 6.5733333333333333, 2.5123688476101464, 14.0, 2.0, 0.68799999999999994, 0.62428284778284004, 0.5, 0.2728287197231834, 15.5, 0.0, 2.0, 493.0, 'yes', 0.0, 0.0, 0.0, 0.20554991257850541, 0.0010010027428548358, 0.49732046184772094, 0.54080061225473897, 0.5162592594073101, 0.00033354224105543862, 0.3, 'yes', 0.01, 7, 0.0001
139, 9, 'fluid', 2, 0.0, 0.0, 0.0, 0.0, 1000, 8, 3, 3, 10000, 0.1, 0.0001, 1e-10, 4, 0.9970070435994498, 100, 0.0080000000000000002, 15, 5, 10, 0.0, 0.0, 46.71875, nan, nan, 5.0999999999999996, 2.5022539529833208, 14.0, 0.0, nan, nan, nan, nan, nan, nan, 0.0, 382.5, 'yes', nan, nan, nan, 0.20554991257850541, 0.0010010027428548358, 0.49732046184772094, 0.54080061225473897, 0.5162592594073101, 0.00033354224105543862, 0.3, 'yes', 0.01, 7, 0.0001
140, 9, 'fluid', 2, 0.0, 0.0, 0.0, 0.0, 1000, 8, 3, 3, 10000, 0.1, 0.0001, 1e-10, 4, 0.9970070435994498, 100, 0.0060000000000000001, 15, 5, 10, 0.0, 0.0, 61.928571428571431, nan, nan, 4.3266666666666662, 2.4895127110381239, 14.0, 0.0, nan, nan, nan, nan, nan, nan, 0.0, 324.5, 'yes', nan, nan, nan, 0.20554991257850541, 0.0010010027428548358, 0.49732046184772094, 0.54080061225473897, 0.5162592594073101, 0.00033354224105543862, 0.3, 'yes', 0.01, 7, 0.0001
141, 9, 'fluid', 2, 0.0, 0.0, 0.0, 0.0, 1000, 8, 3, 3, 10000, 0.1, 0.0001, 1e-10, 4, 0.9970070435994498, 100, 0.0040000000000000001, 15, 5, 10, 0.0, 0.0, 32.833333333333329, nan, nan, 2.7066666666666666, 2.5092604656021313, 14.0, 0.0, nan, nan, nan, nan, nan, nan, 0.0, 203.0, 'yes', nan, nan, nan, 0.20554991257850541, 0.0010010027428548358, 0.49732046184772094, 0.54080061225473897, 0.5162592594073101, 0.00033354224105543862, 0.3, 'yes', 0.01, 7, 0.0001
142, 9, 'fluid', 2, 0.0, 0.0, 0.0, 0.0, 1000, 8, 3, 3, 10000, 0.1, 0.0001, 1e-10, 4, 0.9970070435994498, 100, 0.002, 15, 5, 10, 0.0, 0.0, nan, nan, nan, 0.93999999999999995, 2.4424465518935463, 14.0, 0.0, nan, nan, nan, nan, nan, nan, 0.0, 70.5, 'yes', nan, nan, nan, 0.20554991257850541, 0.0010010027428548358, 0.49732046184772094, 0.54080061225473897, 0.5162592594073101, 0.00033354224105543862, 0.3, 'yes', 0.01, 7, 0.0001
143, 9, 'fluid', 2, 0.0, 0.0, 0.0, 0.0, 1000, 8, 3, 3, 10000, 0.1, 0.0001, 1e-10, 4, 0.9970070435994498, 100, 0.001, 15, 5, 10, 0.0, 0.0, nan, nan, nan, 0.77333333333333343, 2.3977194508150608, 13.0, 0.0, nan, nan, nan, nan, nan, nan, 0.0, 58.0, 'yes', nan, nan, nan, 0.20554991257850541, 0.0010010027428548358, 0.49732046184772094, 0.54080061225473897, 0.5162592594073101, 0.00033354224105543862, 0.3, 'yes', 0.01, 7, 0.0001
144, 10, 'fluid', 2, 0.0, 0.0, 0.0, 0.0, 200, 10, 1, 2, 20000, 0.2, 0.0002, 1e-10, 3, 0.9932423013088523, 100, 1.0, 20, 5, 10, 0.0, 0.0001, 9.1416227486073449, 9.4852528089887649, nan, 10.555, 2.0379034379405123, 13.0, 0.0, nan, nan, nan, nan, nan, nan, 9.5, 1055.5, 'yes', nan, nan, nan, 0.20554991257850541, 0.0010010027428548358, 0.49732046184772094, 0.54080061225473897, 0.5162592594073101, 0.00033354224105543862, 0.4, 'yes', 0.1, 4, 0.0001
145, 10, 'fluid', 2, 0.0, 0.0, 0.0, 0.0, 200, 10, 1, 2, 20000, 0.2, 0.0002, 1e-10, 3, 0.9932423013088523, 100, 0.80000000000000004, 20, 5, 10, 0.0, 0.0001, 10.832133585083785, 13.354761904761904, nan, 10.254999999999999, 2.0970718444721346, 13.0, 0.0, nan, nan, nan, nan, nan, nan, 12.5, 1025.5, 'yes', nan, nan, nan, 0.20554991257850541, 0.0010010027428548358, 0.49732046184772094, 0.54080061225473897, 0.5162592594073101, 0.00033354224105543862, 0.4, 'yes', 0.1, 4, 0.0001
146, 10, 'fluid', 2, 0.0, 0.0, 0.0, 0.0, 200, 10, 1, 2, 20000, 0.2, 0.0002, 1e-10, 3, 0.9932423013088523, 100, 0.59999999999999998, 20, 5, 10, 0.0, 0.0001, 14.340482669454065, 16.914893617021278, nan, 9.5999999999999996, 2.0863331023894429, 13.0, 0.0, nan, nan, nan, nan, nan, nan, 11.0, 960.0, 'yes', nan, nan, nan, 0.20554991257850541, 0.0010010027428548358, 0.49732046184772094, 0.54080061225473897, 0.5162592594073101, 0.00033354224105543862, 0.4, 'yes', 0.1, 4, 0.0001
147, 10, 'fluid', 2, 0.0, 0.0, 0.0, 0.0, 200, 10, 1, 2, 20000, 0.2, 0.0002, 1e-10, 3, 0.9932423013088523, 100, 0.40000000000000002, 20, 5, 10, 0.0, 0.0001, 20.911151954753773, 21.18181818181818, nan, 9.5850000000000009, 2.0746927233265318, 13.0, 0.0, nan, nan, nan, nan, nan, nan, 9.0, 958.5, 'yes', nan, nan, nan, 0.20554991257850541, 0.0010010027428548358, 0.49732046184772094, 0.54080061225473897, 0.5162592594073101, 0.00033354224105543862, 0.4, 'yes', 0.1, 4, 0.0001
