RowID, FlowRate, Width, Height, Viscosity, TotalAbundance, SpeciesRichness, TracerParticle_ResTime, MicrobeCell_ResTime, Simpsons_Evenness, Evar, BergerParker, InvSimpDiversity, Nmax, Skew, AvgPerCapita_GrowthRate, AvgPerCapita_Maintenance, Immigration_Rate, Resource_Concentration, Shannons_ResourceDiversity, ResourceRichness
0, 0.5, 7, 9, 5.0, 398, 76, 13.0, 12.871069182389936, 0.1341052089753405, 0.46374475379154301, 0.2613065326633166, 0.904155538397276, 104, 5.80337807460108, 3.5004949557690512, 0.2759580113538139, 5, 264.7865634932416, 2.0363126497822925, 8
1, 0.5, 7, 9, 5.0, 602, 63, 13.0, 27.438213914849428, 0.13501489096475736, 0.32346283569181489, 0.2807308970099668, 0.8839033504513518, 169, 4.895753747904059, 7.341242238550466, 0.46737429691002536, 5, 264.17859237548265, 2.0145455611926284, 8
2, 0.5, 7, 9, 5.0, 616, 84, 13.0, 32.67280606717227, 0.13153195123845016, 0.3843949976642449, 0.19155844155844157, 0.9109703304825256, 118, 4.308641795938453, 5.412528420435574, 0.39442692794939405, 5, 261.19998827337406, 1.9591982037600637, 8
3, 0.5, 7, 9, 5.0, 713, 95, 13.0, 32.89551239115874, 0.10461268413541606, 0.39646231481639194, 0.25105189340813466, 0.9006413792016641, 179, 5.910965746381304, 5.4229685971141155, 0.41256833442804997, 5, 250.90458793616841, 2.040069335290308, 8
4, 0.5, 7, 9, 5.0, 655, 74, 13.0, 33.57842529448233, 0.08227914132431392, 0.38618906185449464, 0.366412213740458, 0.8370380745617106, 240, 6.654624005871337, 6.356388614508447, 0.4164918993493247, 5, 216.34928764121523, 1.9503524715189253, 8
5, 0.5, 7, 9, 5.0, 776, 85, 13.0, 36.54156626506024, 0.12836426036259754, 0.379968896409701, 0.15850515463917525, 0.9095211173927502, 123, 3.5176236959933105, 6.375650226036233, 0.3801087888739228, 5, 204.40631713650839, 2.0205825135459183, 8
6, 0.5, 7, 9, 5.0, 690, 89, 13.0, 36.858932102834544, 0.15946575455336545, 0.38247948108680729, 0.1753623188405797, 0.9308891272796113, 121, 4.419244690753309, 5.195331401977722, 0.3390478913998057, 5, 274.5708305263708, 2.0253905423389273, 8
7, 0.5, 7, 9, 5.0, 643, 66, 13.0, 32.741196198993855, 0.17220713054619075, 0.33525918283872103, 0.18040435458786935, 0.9134363357121748, 116, 3.21864413562795, 6.5861591538810424, 0.47829565384562545, 5, 262.24776420292773, 1.9400340005933263, 8
8, 0.5, 7, 9, 5.0, 591, 89, 13.0, 32.03004291845494, 0.15127416328017304, 0.3969769667462274, 0.17766497461928935, 0.9272935845593507, 105, 4.041891578907608, 4.379963943484277, 0.38393955260702906, 5, 241.56795947571078, 2.0312499017022616, 8
9, 0.5, 7, 9, 5.0, 562, 88, 13.0, 31.75434618291761, 0.13687500433362668, 0.42037430492412597, 0.22597864768683273, 0.9186125436910448, 127, 5.617650380560275, 4.230806442208869, 0.3708101834590677, 5, 225.98247075580051, 2.026555583031946, 8
10, 0.5, 7, 9, 5.0, 569, 117, 13.0, 30.764529658478132, 0.18264062003749232, 0.44550666106265291, 0.09666080843585237, 0.9548813089432907, 55, 3.316108272729121, 3.0734586720048735, 0.28434179564694706, 5, 282.05753298604412, 1.9904460357565852, 8
11, 0.5, 7, 9, 5.0, 593, 109, 13.0, 28.361158432708688, 0.20868992914670337, 0.43232019799658483, 0.09949409780775717, 0.9576534797867007, 59, 3.209080665396776, 3.068567780274, 0.2730323338928114, 5, 262.62866186555794, 2.0129105664547557, 8
12, 0.5, 7, 9, 5.0, 533, 108, 13.0, 28.737142857142857, 0.17207128303157632, 0.45673693135016535, 0.1669793621013133, 0.9479679498934954, 89, 5.037823798066329, 2.812586064330308, 0.3269480449656954, 5, 266.29975021830916, 2.036837341433201, 8
13, 0.5, 7, 9, 5.0, 846, 99, 13.0, 33.80744336569579, 0.042243420780040286, 0.44223180975261711, 0.46099290780141844, 0.761786059003735, 390, 8.498449154821285, 5.918800710714597, 0.6428539617389899, 5, 246.80111575635956, 2.078239473976495, 8
14, 0.5, 7, 9, 5.0, 824, 105, 13.0, 39.31178707224335, 0.0346792844476044, 0.46291675934918364, 0.5133495145631068, 0.7262560605881867, 423, 9.616721698740477, 5.475470547603, 0.5918865571856518, 5, 225.50431451988226, 1.918523480230884, 8
15, 0.5, 7, 9, 5.0, 786, 85, 13.0, 39.90627202255109, 0.05606266572532574, 0.37777200888406703, 0.4300254452926209, 0.7911573556344306, 338, 7.759646514586738, 7.019683018649074, 0.6420030125877455, 5, 202.70582642125186, 1.9627834755417835, 8
16, 0.5, 7, 9, 5.0, 900, 83, 13.0, 39.99064039408867, 0.0532489204274428, 0.3953985758970705, 0.36666666666666664, 0.7745989370905945, 330, 6.140382714716058, 8.027181512620857, 0.8453362473356862, 5, 240.83699932571861, 1.9392489427102457, 8
17, 0.5, 7, 9, 5.0, 814, 81, 13.0, 43.809041835357625, 0.05309265373044251, 0.41732355713638258, 0.35135135135135137, 0.7684131632471116, 286, 5.898532294843583, 7.544735449614535, 0.7692538338158127, 5, 216.22445584695672, 1.9926723032715739, 8
18, 0.5, 7, 9, 5.0, 897, 93, 13.0, 42.146153846153844, 0.04984134388005512, 0.41941269377457469, 0.346711259754738, 0.7851369644847905, 311, 6.399689689694245, 7.30089979467541, 0.7655780428060788, 5, 248.57153380886666, 1.9768590025646628, 8
19, 0.5, 7, 9, 5.0, 875, 83, 13.0, 42.391803906549214, 0.09847865985930737, 0.33826764840965262, 0.23314285714285715, 0.8786610003269042, 204, 4.21714297370025, 8.054527833598861, 0.7156615336664196, 5, 230.24940070568064, 1.9874858240161122, 8
20, 0.5, 7, 9, 5.0, 897, 96, 13.0, 41.17594654788419, 0.06410842951880509, 0.41347735956717246, 0.2697881828316611, 0.8384495938843765, 242, 5.1969088520411155, 7.088877505192656, 0.7016894484741617, 5, 189.04489160297209, 1.9917564728704835, 8
21, 0.5, 7, 9, 5.0, 874, 82, 13.0, 43.06803863922722, 0.08987343201877225, 0.36468169500227543, 0.2402745995423341, 0.8652978629151693, 210, 4.2484832126616086, 8.029952754892971, 0.7501674623224392, 5, 234.68316247093645, 2.025412493821945, 8
22, 0.5, 7, 9, 5.0, 792, 94, 13.0, 43.01060511540861, 0.08418091682346136, 0.39170609308596505, 0.26641414141414144, 0.8747302353497044, 211, 5.578506411359957, 6.00182076544979, 0.5106646932106399, 5, 272.39909104057853, 1.9981031615746074, 8
23, 0.5, 7, 9, 5.0, 738, 115, 13.0, 37.61787564766839, 0.06987157036689236, 0.45930844727621789, 0.3008130081300813, 0.8767360536563303, 222, 7.440852094677976, 4.370964158896279, 0.40258417325029733, 5, 262.87085289504415, 2.0368993136267726, 8
24, 0.5, 7, 9, 5.0, 767, 89, 13.0, 38.507386653082015, 0.05613244872105223, 0.39067850574771479, 0.41199478487614083, 0.8008755416818434, 316, 7.601195537555468, 6.269558343291208, 0.6537723095489254, 5, 254.51436566799558, 2.037101106170046, 8
25, 0.5, 7, 9, 5.0, 720, 68, 13.0, 38.19328641039524, 0.04349740626577449, 0.41316711713361143, 0.5555555555555556, 0.6628341832792459, 400, 7.222983482532581, 7.735316350194084, 0.8482129211960165, 5, 241.79811609521198, 2.021369321285799, 8
26, 0.5, 7, 9, 5.0, 844, 64, 13.0, 40.70218228498074, 0.03477312063783656, 0.38219053572767181, 0.6611374407582938, 0.5513118910683465, 558, 7.540311163075255, 9.589842619828806, 1.1180243196741182, 5, 245.83779570407472, 2.051852267858431, 8
27, 0.5, 7, 9, 5.0, 817, 74, 13.0, 44.62177121771218, 0.031537453268283624, 0.41981456922767657, 0.6462668298653611, 0.5722094223246215, 528, 8.15885349975554, 7.866038659064689, 0.9099564773546583, 5, 242.68811990943436, 2.0312309673661857, 8
28, 0.5, 7, 9, 5.0, 931, 91, 13.0, 42.45607235142119, 0.029754451224860333, 0.46130812925102516, 0.5810955961331902, 0.6313548849081229, 541, 8.401652796536986, 7.212845404396127, 0.7251215922550219, 5, 244.73368718348172, 1.9206421214200124, 8
29, 0.5, 7, 9, 5.0, 940, 76, 13.0, 44.04206349206349, 0.04373228634531121, 0.3967540862685266, 0.4808510638297872, 0.6998708449459587, 452, 6.569309393605961, 9.039254133664967, 0.8255687983039668, 5, 187.54356963056637, 2.0147342407130626, 8
30, 0.5, 7, 9, 5.0, 875, 82, 13.0, 45.021099744245525, 0.08380130719641031, 0.33992654241376319, 0.2937142857142857, 0.8554534161490683, 257, 5.3031376746891175, 7.993394117245318, 0.6861707469404009, 5, 214.68217215306939, 1.983778783213029, 8
31, 0.5, 7, 9, 5.0, 896, 102, 13.0, 42.027552674230144, 0.09085892339527649, 0.37515211671794768, 0.23660714285714285, 0.8930940742218675, 212, 5.058971384747429, 6.295363893610776, 0.4784297527883668, 5, 186.08145883083589, 1.9674444342969153, 8
32, 0.5, 7, 9, 5.0, 841, 113, 13.0, 40.098169717138106, 0.05574318826027783, 0.45957362165825444, 0.2972651605231867, 0.8422456259554951, 250, 6.824883837367931, 5.047199217012168, 0.4168298588728131, 5, 216.5003225472432, 2.02627514224077, 8
33, 0.5, 7, 9, 5.0, 778, 87, 13.0, 40.65015641293014, 0.08753066474160674, 0.39196085429446659, 0.2506426735218509, 0.8698011268705357, 195, 5.125109626198777, 6.021911806054532, 0.5433171725816962, 5, 241.58539618645329, 2.0525908356015554, 8
34, 0.5, 7, 9, 5.0, 879, 84, 13.0, 39.422770700636946, 0.07892593287218344, 0.36152225708962504, 0.2571103526734926, 0.8501325538184051, 226, 4.588895423932076, 7.434281647915526, 0.7176214508989892, 5, 248.03990405994742, 2.002266089072158, 8
35, 0.5, 7, 9, 5.0, 855, 81, 13.0, 41.74542739828294, 0.08043170212197079, 0.36916326329623605, 0.28771929824561404, 0.8474985277401152, 246, 5.085271088051916, 7.885358134785832, 0.7809661793620999, 5, 225.29937799884109, 2.016748684052695, 8
36, 0.5, 7, 9, 5.0, 746, 93, 13.0, 40.88848429676832, 0.12960328793971845, 0.37773544144280491, 0.1675603217158177, 0.9182647498065747, 125, 3.7912009397911883, 5.311865722245239, 0.5379183126056785, 5, 198.66393059378865, 2.041170250247393, 8
37, 0.5, 7, 9, 5.0, 669, 84, 13.0, 38.80809595202399, 0.15145703808684607, 0.37396057833206275, 0.15695067264573992, 0.9227777628599304, 105, 3.7344682706290007, 4.998980543910292, 0.5106535359827118, 5, 285.86987281522875, 2.00395152564084, 8
38, 0.5, 7, 9, 5.0, 641, 89, 13.0, 34.44664371772806, 0.1385005984891315, 0.38510080718226836, 0.19500780031201248, 0.9203100624024961, 125, 4.341819333776667, 4.425555006230667, 0.4120980868954177, 5, 275.53339754389185, 1.976696291174198, 8
39, 0.5, 7, 9, 5.0, 615, 92, 13.0, 34.44864864864865, 0.11597995047106414, 0.41567103975210196, 0.17235772357723578, 0.9077566801726649, 106, 4.064080815250353, 3.871452454564165, 0.3601314275780454, 5, 265.57192916360106, 1.9984893148212686, 8
40, 0.5, 7, 9, 5.0, 686, 71, 13.0, 35.19015047879617, 0.09767333740136097, 0.36040509224360717, 0.28717201166180756, 0.8570492221914835, 197, 4.834090225708024, 6.181526362500903, 0.477867504747548, 5, 262.83079368982425, 2.0024761242412, 8
41, 0.5, 7, 9, 5.0, 795, 92, 13.0, 37.24546790788829, 0.0722767936172052, 0.3796146365076718, 0.27169811320754716, 0.8506820018059978, 216, 5.851427588107124, 6.502782566961797, 0.44265402847810265, 5, 254.51137819897608, 2.0180642797741113, 8
42, 0.5, 7, 9, 5.0, 890, 106, 13.0, 38.70702179176755, 0.06273310087001085, 0.40949070110286834, 0.30112359550561796, 0.8505731727354305, 268, 6.2575672532336295, 6.1921279808213585, 0.6057832941125001, 5, 207.49309888643992, 2.0446733947648195, 8
43, 0.5, 7, 9, 5.0, 930, 118, 13.0, 41.84602463605823, 0.05953072526029934, 0.42577214130954588, 0.3053763440860215, 0.8585668483859393, 284, 6.894814905803082, 5.844205481061452, 0.5686382663448953, 5, 235.73400719447227, 1.957221960301148, 8
44, 0.5, 7, 9, 5.0, 910, 98, 13.0, 43.005376344086024, 0.07943819802203551, 0.39587054915234265, 0.22417582417582418, 0.8725057121096725, 204, 5.048384997828725, 6.794047498826299, 0.6613518542041171, 5, 248.69868590741964, 2.041379225600748, 8
45, 0.5, 7, 9, 5.0, 820, 81, 13.0, 40.10618181818182, 0.10794281920187837, 0.34718475063440501, 0.24390243902439024, 0.8867089550016379, 200, 4.870436139433151, 7.193016366073545, 0.7066450345694135, 5, 222.45969155599636, 2.049004044821201, 8
46, 0.5, 7, 9, 5.0, 879, 76, 13.0, 38.75235732009926, 0.10351728403067353, 0.31175007977065228, 0.2821387940841866, 0.873885990758809, 248, 5.241423253795091, 8.747713584786036, 0.8796983397182191, 5, 253.60525303613284, 2.03945338962136, 8
47, 0.5, 7, 9, 5.0, 879, 95, 13.0, 41.02439024390244, 0.0750580318566842, 0.35545796885567305, 0.32764505119453924, 0.8607368592908177, 288, 6.989897248344484, 6.927595262560172, 0.706375186331031, 5, 201.93967677391774, 2.009874227085191, 8
48, 0.5, 7, 9, 5.0, 835, 85, 13.0, 40.84646628757108, 0.10630560851756118, 0.33279671524422738, 0.24910179640718563, 0.8903976220221428, 208, 4.936029088472826, 7.476697789804409, 0.7413560116844901, 5, 231.31449948419998, 2.0385506900428845, 8
49, 0.5, 7, 9, 5.0, 871, 82, 13.0, 39.26276595744681, 0.10022337004468729, 0.34092224822638206, 0.2066590126291619, 0.8793301397521676, 180, 4.121092111152545, 8.15031822097034, 0.6914889447702993, 5, 179.53303644777824, 2.029091800986164, 8
50, 0.5, 7, 9, 5.0, 802, 70, 13.0, 41.26450640542577, 0.10817787345689414, 0.33850516393270114, 0.24438902743142144, 0.8690259370300839, 196, 4.268917620778813, 8.652411735248679, 0.7593456655604353, 5, 226.29853437250608, 2.0072935571770887, 8
51, 0.5, 7, 9, 5.0, 779, 93, 13.0, 38.84615384615385, 0.10366136659429011, 0.36896870184881947, 0.19383825417201542, 0.8974230359270173, 151, 4.213593912958558, 6.178033074397811, 0.6069645804338429, 5, 222.93401382708103, 1.9990107273825264, 8
52, 0.5, 7, 9, 5.0, 853, 86, 13.0, 39.15034619188922, 0.07599200401887833, 0.36687624659663398, 0.3083235638921454, 0.8479792392494867, 263, 5.569973012593077, 7.552353607628032, 0.6026050336829237, 5, 181.05548113890754, 2.0015761625320594, 8
53, 0.5, 7, 9, 5.0, 750, 101, 13.0, 39.41757188498403, 0.07100447410236466, 0.43735788199525127, 0.2986666666666667, 0.8617071651090342, 224, 6.448040458382007, 5.514478575860725, 0.40707678547220816, 5, 235.91208865082021, 2.043197617288596, 8
54, 0.5, 7, 9, 5.0, 721, 81, 13.0, 35.20429654591407, 0.07427739920438885, 0.3949896368203224, 0.3606102635228849, 0.834947603636924, 260, 6.6665185218510175, 6.242176742686848, 0.5576635309879004, 5, 184.51753036294625, 2.0134775208085087, 8
55, 0.5, 7, 9, 5.0, 761, 89, 13.0, 35.0090661831369, 0.08254338430426966, 0.3771022819788622, 0.26938239159001315, 0.8650148696313715, 205, 5.456303026847497, 5.8166578161024525, 0.42085258319112573, 5, 183.65591630177795, 2.022078879187676, 8
56, 0.5, 7, 9, 5.0, 954, 63, 13.0, 37.98447893569845, 0.045870544219415124, 0.37585974250402954, 0.4937106918238994, 0.6546468066197224, 471, 5.695746794114513, 10.90430196451974, 0.5106345861775496, 5, 179.71735299440803, 1.9584759935091278, 8
57, 0.5, 7, 9, 5.0, 971, 91, 13.0, 43.314382402707274, 0.031604749181397794, 0.40771794427423502, 0.576725025746653, 0.652971216834595, 560, 8.863653060322081, 7.5490829263382615, 0.3337297038008879, 5, 195.02609396742454, 2.051852267858431, 8
58, 0.5, 7, 9, 5.0, 910, 90, 13.0, 39.43478260869565, 0.034865371919755445, 0.42347000464076101, 0.5340659340659341, 0.6820633711722821, 486, 8.154287661319495, 6.8942479947376505, 0.285864553000774, 5, 180.77385859342888, 1.9930000987709628, 8
59, 0.5, 7, 9, 5.0, 844, 96, 13.0, 40.771448663853725, 0.03213417521249075, 0.46186559684439499, 0.5462085308056872, 0.6766400746600103, 461, 8.687735967427843, 5.953007319173231, 0.2700830827028177, 5, 179.44203280049766, 2.005216314158604, 8
60, 0.5, 7, 9, 5.0, 832, 90, 13.0, 39.75390334572491, 0.03458913213369859, 0.42881094729705393, 0.5540865384615384, 0.6795855317967232, 461, 8.816849703233594, 6.380196542892777, 0.27193167902513354, 5, 229.13531355579246, 2.0613206448778914, 8
61, 0.5, 7, 9, 5.0, 810, 85, 13.0, 38.166804979253115, 0.05270404441888201, 0.38508061161247253, 0.44320987654320987, 0.7777381006882449, 359, 7.7252125940945255, 6.712906785528399, 0.38298431490061885, 5, 223.70693914918508, 1.9811706706137562, 8
62, 0.5, 7, 9, 5.0, 866, 96, 13.0, 39.54432855280313, 0.06076099919628742, 0.41569053595766525, 0.3244803695150115, 0.8295211523314956, 281, 5.9253877659716645, 6.339640458025825, 0.4420011298556927, 5, 280.19275602033116, 2.0139798705283387, 8
63, 0.5, 7, 9, 5.0, 828, 99, 13.0, 40.27338403041825, 0.06496698603196148, 0.40053407961776566, 0.34903381642512077, 0.8455420616978895, 289, 7.472965093592024, 5.5749659260465805, 0.36110499764223786, 5, 255.60097813757758, 1.9563129148183191, 8
64, 0.5, 7, 9, 5.0, 892, 93, 13.0, 39.202738810955246, 0.06970560773126816, 0.40884855080249671, 0.29035874439461884, 0.8466906232227607, 259, 5.714799197587963, 6.817464115868621, 0.5953534168739048, 5, 203.94437523458467, 2.0373202887650983, 8
65, 0.5, 7, 9, 5.0, 850, 92, 13.0, 40.2262180974478, 0.08163133413959116, 0.36235827111306962, 0.2823529411764706, 0.8678666943809326, 240, 5.760328438151693, 6.514394908104214, 0.530068307528541, 5, 192.21084020924064, 2.0053031509446777, 8
66, 0.5, 7, 9, 5.0, 941, 97, 13.0, 41.861363636363635, 0.08860635868083239, 0.35622307543481146, 0.20828905419766205, 0.8845908607863975, 196, 4.4100313333589245, 6.904070935016372, 0.47960363777048615, 5, 193.51965478401658, 1.9709677868031208, 8
67, 0.5, 7, 9, 5.0, 852, 84, 13.0, 42.00082508250825, 0.07455152253109382, 0.36106647752454646, 0.30164319248826293, 0.841302416930096, 257, 5.293481551620211, 7.348341257866245, 0.455954003313747, 5, 237.74632339283963, 2.004164379145202, 8
68, 0.5, 7, 9, 5.0, 869, 120, 13.0, 39.117067159581026, 0.07084726522187856, 0.43793509518342877, 0.22784810126582278, 0.8833926383946801, 198, 5.948079518137195, 5.308132961485665, 0.3357736129046876, 5, 235.16038166509674, 1.9887339994180402, 8
69, 0.5, 7, 9, 5.0, 758, 96, 13.0, 38.25538599640934, 0.13230119958147246, 0.37268260634814443, 0.15699208443271767, 0.922482511510859, 119, 3.865507665897135, 5.746881378127383, 0.40624682620131564, 5, 262.25145651277086, 2.0314137136657933, 8
70, 0.5, 7, 9, 5.0, 684, 93, 13.0, 36.246161466072316, 0.11922808165661845, 0.39992477504826607, 0.22807017543859648, 0.9111462159547233, 156, 5.337570816748452, 5.267846018969306, 0.3830329045829207, 5, 258.17654556435838, 1.9908706288177447, 8
71, 0.5, 7, 9, 5.0, 817, 86, 13.0, 35.84483681112894, 0.09324579213570879, 0.35956814097278356, 0.25458996328029376, 0.8763709890320878, 208, 4.798827433464066, 7.257172166991894, 0.5843982068197899, 5, 210.40050607594804, 2.0106689205381056, 8
72, 0.5, 7, 9, 5.0, 924, 102, 13.0, 39.590870307167236, 0.02864244289265012, 0.478590865302015, 0.5595238095238095, 0.6584260809612923, 517, 8.93079982471049, 6.758481441403595, 0.625150544378381, 5, 182.62425830332828, 2.034689189206339, 8
73, 0.5, 7, 9, 5.0, 965, 106, 13.0, 41.56217807211185, 0.023569276753941586, 0.53441886733993305, 0.5989637305699482, 0.6003568894717606, 578, 8.93262483138564, 6.743708257116571, 0.6367410571909927, 5, 198.60451641638608, 1.9672424282262828, 8
74, 0.5, 7, 9, 5.0, 897, 71, 13.0, 43.430325680726106, 0.02676659461234999, 0.4285272276784361, 0.7168338907469343, 0.4743316013696448, 643, 7.993920359488373, 9.893443520781927, 1.0551649737361317, 5, 167.86402033686494, 2.0052506770266434, 8
75, 0.5, 7, 9, 5.0, 757, 63, 13.0, 42.357504873294346, 0.07118330194952277, 0.32581919060896603, 0.42140026420079263, 0.7780398817386929, 319, 5.907854565623638, 9.603221115081135, 0.8068716987724146, 5, 230.94930959147052, 2.0206762180945548, 8
76, 0.5, 7, 9, 5.0, 773, 65, 13.0, 39.74388489208633, 0.0888283184314647, 0.3247783177686574, 0.31565329883570503, 0.8278760498428168, 244, 4.5312099754091655, 9.50932987520798, 0.7062227219863044, 5, 229.4759506162959, 1.9388159620668521, 8
77, 0.5, 7, 9, 5.0, 724, 62, 13.0, 39.16279069767442, 0.09802490043714875, 0.32103452584254988, 0.31215469613259667, 0.8366153916691502, 226, 4.84331948550013, 8.818910363036823, 0.6925840080664791, 5, 204.78075060054874, 1.9850974020784742, 8
78, 0.5, 7, 9, 5.0, 774, 83, 13.0, 36.783018867924525, 0.05078939943516474, 0.41907369725483079, 0.3772609819121447, 0.7637681304759135, 292, 6.179930369522769, 6.8660883351228845, 0.6230841946065057, 5, 249.5582096327511, 1.9726803783425746, 8
79, 0.5, 7, 9, 5.0, 707, 83, 13.0, 35.90133897110641, 0.09276601778267918, 0.37924855016830916, 0.28995756718529, 0.871355245601452, 205, 5.812001444810352, 5.869274976369215, 0.5458057336935025, 5, 283.45413258122875, 2.059137474602817, 8
80, 0.5, 7, 9, 5.0, 722, 113, 13.0, 34.91786958685913, 0.09759938948425606, 0.43770844001653464, 0.21329639889196675, 0.9105889404143983, 154, 5.616407708893232, 4.357028175697684, 0.34125488742387977, 5, 275.80563267035421, 2.0447322265232506, 8
81, 0.5, 7, 9, 5.0, 777, 103, 13.0, 36.225433526011564, 0.13330861747917322, 0.39359020512649312, 0.14285714285714285, 0.9283657737265985, 111, 4.03519264632, 5.318722216809012, 0.4403222515034318, 5, 229.20456482514993, 2.0324670650276495, 8
82, 0.5, 7, 9, 5.0, 802, 99, 13.0, 37.10701545778835, 0.08324377435693556, 0.39554907910890025, 0.2506234413965087, 0.8797544216861093, 201, 5.865098188102557, 5.7885454846813955, 0.38547473681284383, 5, 200.30759888721403, 2.0189423517786835, 8
83, 0.5, 7, 9, 5.0, 768, 105, 13.0, 37.221139045664444, 0.10508402103732827, 0.39827310553900785, 0.18489583333333334, 0.9105551933941765, 142, 4.531473722701521, 5.1289259683701705, 0.3595428018925665, 5, 258.66223028504066, 2.012509569910659, 8
84, 0.5, 7, 9, 5.0, 825, 85, 13.0, 35.40878629932986, 0.08429768648134506, 0.36949025157525717, 0.23515151515151514, 0.8614827890556046, 194, 4.850003580391915, 7.1175347350954254, 0.4646280007434841, 5, 216.90674378639432, 1.9869912414625053, 8
85, 0.5, 7, 9, 5.0, 949, 100, 13.0, 40.384337784193434, 0.04584261026698234, 0.42575153164281021, 0.3898840885142255, 0.7826870834500451, 370, 6.9618682245180805, 6.688995744880094, 0.3747440862087015, 5, 210.59654279266979, 1.9971741809743657, 8
86, 0.5, 7, 9, 5.0, 894, 73, 13.0, 40.2277318640955, 0.04259330375171898, 0.37397090404001232, 0.5525727069351231, 0.6791450280706766, 494, 7.849558275724081, 8.067468739221068, 0.4701777094454453, 5, 183.88212430699323, 1.985841375807585, 8
87, 0.5, 7, 9, 5.0, 915, 90, 13.0, 40.48716486023959, 0.04320013002995322, 0.38287588779155235, 0.4830601092896175, 0.7436118185840179, 442, 8.252180185761606, 6.8047811933718, 0.4392902680382618, 5, 243.27203301094872, 2.0617363565365654, 8
88, 0.5, 7, 9, 5.0, 865, 86, 13.0, 41.48357142857143, 0.07858418340822121, 0.36579945685711535, 0.27976878612716766, 0.8530186255619782, 242, 5.294173461594524, 6.922071208874346, 0.5809957532840742, 5, 245.59736249969015, 1.9854481646311926, 8
89, 0.5, 7, 9, 5.0, 797, 93, 13.0, 39.58082329317269, 0.07418732337401301, 0.39439477025084313, 0.30489335006273527, 0.8561344993474272, 243, 6.048623146601173, 6.161413120949451, 0.5513906003379574, 5, 196.83567092972027, 1.9706692568085837, 8
90, 0.5, 7, 9, 5.0, 798, 88, 13.0, 37.43994140625, 0.04634445826230342, 0.42795816641983686, 0.44862155388471175, 0.7557475872869124, 358, 7.4612341727925084, 6.579565039810947, 0.5898748261693855, 5, 203.95790036828652, 2.02440245831915, 8
91, 0.5, 7, 9, 5.0, 760, 67, 13.0, 36.306462821403755, 0.061385775376949704, 0.36684755289084214, 0.4486842105263158, 0.7578565980167811, 341, 6.44173391914141, 8.42432413686259, 0.8439802487039929, 5, 196.94069099978256, 1.9898119623342838, 8
92, 0.5, 7, 9, 5.0, 897, 79, 13.0, 39.031795511221944, 0.05907831372142745, 0.35789975859960033, 0.37235228539576365, 0.7866151059085842, 334, 5.805930946409908, 8.92500017572596, 0.7942907287626458, 5, 223.53947169848698, 2.0337984437226786, 8
93, 0.5, 7, 9, 5.0, 916, 79, 13.0, 41.88099084544965, 0.07272240650550828, 0.36905251822623031, 0.2314410480349345, 0.8268403846612737, 212, 4.127496785034642, 9.1910606652978, 0.6667776248403381, 5, 230.66529088267023, 2.025479240483094, 8
94, 0.5, 7, 9, 5.0, 830, 77, 13.0, 42.35800524934383, 0.0794927786078228, 0.35763213128839333, 0.3144578313253012, 0.8376357056694813, 261, 5.154075239528066, 8.229880230882308, 0.6877171214646596, 5, 200.75319890560917, 2.0275309348065504, 8
95, 0.5, 7, 9, 5.0, 808, 97, 13.0, 39.85455764075067, 0.059208247132472545, 0.42839148803165272, 0.36386138613861385, 0.8269044376556615, 294, 7.108929660634575, 5.964071816378954, 0.4743387556493758, 5, 290.07911163759758, 1.9856115642265606, 8
96, 0.5, 7, 9, 5.0, 738, 91, 13.0, 39.38927738927739, 0.05223875729758496, 0.40845768066765131, 0.43902439024390244, 0.7907101594760859, 324, 8.460713150743942, 5.658214066563693, 0.46083847149025275, 5, 223.49314342748707, 2.044072354196196, 8
97, 0.5, 7, 9, 5.0, 776, 82, 13.0, 38.478018575851394, 0.08796427765916275, 0.34725769716374499, 0.32087628865979384, 0.8624742268041237, 249, 6.290237966689795, 6.776131280984936, 0.6057767224533059, 5, 219.04899504696832, 2.006360073384494, 8
98, 0.5, 7, 9, 5.0, 747, 96, 13.0, 37.704234122042344, 0.06283953069762915, 0.43721237825576975, 0.3467202141900937, 0.8353521323901504, 259, 6.963614429694976, 5.527765447096631, 0.4785163606789123, 5, 204.57740069224138, 2.021519888854115, 8
99, 0.5, 7, 9, 5.0, 730, 92, 13.0, 34.76294675419402, 0.06019569871290341, 0.42986805618778634, 0.36027397260273974, 0.8205535825018322, 263, 6.87217863429922, 5.636899484307489, 0.3624609589704158, 5, 224.15432449530283, 2.0506229540308447, 8
100, 1.0, 9, 10, 10.0, 615, 171, 13.1, 17.244394618834082, 0.19016783640814647, 0.55314578762974764, 0.08943089430894309, 0.9708270437753237, 55, 4.324184901845931, 2.3187439758884265, 0.21750536841009643, 4, 184.04403101205352, 2.0602123763760742, 8
101, 1.0, 9, 10, 10.0, 982, 224, 18.5, 30.0, 0.125554650523298, 0.53020869571642659, 0.1384928716904277, 0.965426608618746, 136, 7.815381002838239, 2.8647848470698505, 0.29015657265561856, 4, 179.66087879701593, 1.9893120150237373, 8
102, 1.0, 9, 10, 10.0, 1549, 298, 34.81818181818182, 45.939320388349515, 0.08303527187655257, 0.50831511774056115, 0.15558424790187217, 0.9602068851622202, 241, 9.92921924817328, 3.4474355448943705, 0.35902201685481083, 4, 244.4078662912319, 2.054105815631685, 8
103, 1.0, 9, 10, 10.0, 1916, 332, 31.636363636363637, 55.75666666666667, 0.06152158541807434, 0.49462227120897617, 0.14665970772442588, 0.9515374174874767, 281, 9.274976749890412, 3.8641028578072625, 0.41764693454681506, 4, 227.69743654598912, 1.9525775541670687, 8
104, 1.0, 9, 10, 10.0, 2281, 348, 30.0, 71.42297297297297, 0.04351101481693676, 0.48118530054546482, 0.17974572555896537, 0.9343674288746856, 410, 10.596413675567948, 4.514463663316352, 0.48373970629263147, 4, 219.83673521958258, 2.010943968513331, 8
105, 1.0, 9, 10, 10.0, 2678, 360, 32.1, 87.9353169469599, 0.03786089804178922, 0.46078072355337973, 0.2147124719940254, 0.9269781612681033, 575, 11.818583460974613, 5.215096244411205, 0.5399880335299709, 4, 211.66060558846974, 1.996797265839511, 8
106, 1.0, 9, 10, 10.0, 2802, 370, 41.5, 97.43333333333334, 0.03798701440082174, 0.46976309932852778, 0.21020699500356888, 0.9291835458988976, 589, 11.723515583900364, 5.2891187706276375, 0.5416480446316939, 4, 170.02129839481302, 1.874567039203871, 7
107, 1.0, 9, 10, 10.0, 3111, 385, 43.4, 106.53244837758112, 0.03964505945363577, 0.45242039930999767, 0.1992928318868531, 0.9347840511988887, 620, 11.456113454621358, 5.63780587052655, 0.5716048943986566, 4, 199.99979655859994, 2.0246712440386863, 8
108, 1.0, 9, 10, 10.0, 3359, 410, 40.1, 120.29397590361445, 0.03947892932070427, 0.45273436725889726, 0.18844894313783864, 0.9384989895848423, 633, 11.30604205901473, 5.6618717249680905, 0.5657394157246151, 4, 234.16125010349148, 2.024184298726676, 8
109, 1.0, 9, 10, 10.0, 3535, 420, 36.6, 120.56989247311827, 0.039057149995821154, 0.44536536908601598, 0.18727015558698726, 0.9393049855555529, 662, 11.584682626845053, 5.791495434558699, 0.5685348168607572, 4, 201.49766970028344, 1.9784824675448693, 8
110, 1.0, 9, 10, 10.0, 3690, 447, 40.1, 129.74147727272728, 0.03438968235880875, 0.44205272239361026, 0.1986449864498645, 0.9352008938902076, 733, 12.544562597300603, 5.658918183412725, 0.5544697133145805, 4, 247.69748880816215, 2.0558512122588484, 8
111, 1.0, 9, 10, 10.0, 3868, 447, 37.1, 135.61993243243242, 0.026927434479845667, 0.456000224597641, 0.24095139607032057, 0.9171569205557378, 932, 14.163084904591209, 5.969595776959194, 0.5904735141497267, 4, 176.50760446033706, 2.021907388148005, 8
112, 1.0, 9, 10, 10.0, 3938, 437, 46.1, 151.66754966887416, 0.02266480590460316, 0.45681745078343972, 0.27475876079228034, 0.899264353124948, 1082, 14.965134136630668, 6.31055606691333, 0.6249511500363217, 4, 224.17693288213474, 1.943433209739516, 8
113, 1.0, 9, 10, 10.0, 4254, 453, 41.0, 164.91030927835052, 0.01902637569674407, 0.4626086728143719, 0.3011283497884344, 0.8841844098874978, 1281, 15.968368254254152, 6.62692775661299, 0.6586470254744701, 4, 187.25197040277826, 2.074551353018047, 8
114, 1.0, 9, 10, 10.0, 4375, 474, 35.5, 167.49581239530988, 0.01771525924481095, 0.47295482471460115, 0.30697142857142856, 0.8811117120647984, 1343, 16.509496801402086, 6.571692987126353, 0.649431929472001, 4, 197.66658976698588, 2.0396010523414523, 8
115, 1.0, 9, 10, 10.0, 4607, 461, 45.5, 171.2984901277584, 0.018405340074003733, 0.46641245538131515, 0.3006294768830041, 0.8823345621517823, 1385, 15.725190253536022, 7.178319593404806, 0.7045428328312097, 4, 178.37256454085593, 2.00181627510666, 8
116, 1.0, 9, 10, 10.0, 4826, 465, 38.4, 176.86848958333334, 0.018348788676015325, 0.46947470169354999, 0.29278905926232907, 0.882979714800444, 1413, 15.089905755376515, 7.466440225596814, 0.7313308596154384, 4, 214.87387325562773, 1.9942341641039179, 8
117, 1.0, 9, 10, 10.0, 4961, 473, 44.9, 175.46855624446414, 0.01753509405638262, 0.45995161724635025, 0.2975206611570248, 0.8796096650649258, 1476, 15.26901927114914, 7.5869436130904875, 0.7412233653594512, 4, 219.25838343608436, 1.9970348314513284, 8
118, 1.0, 9, 10, 10.0, 4997, 462, 42.4, 189.24977043158862, 0.01802492201192221, 0.45411812101995896, 0.29677806684010405, 0.8800922667291328, 1483, 15.15672798357241, 7.861784744066233, 0.7652923916824599, 4, 204.3853613216983, 1.9525264562565459, 8
119, 1.0, 9, 10, 10.0, 5009, 466, 50.9, 181.3882618510158, 0.01722533208832948, 0.45582297181756659, 0.3052505490117788, 0.8755953341493299, 1529, 15.550222078319765, 7.8175553673985965, 0.7582587296269417, 4, 199.49722473652801, 2.0071572052434674, 8
120, 1.0, 9, 10, 10.0, 5054, 477, 48.6, 193.74380165289256, 0.015555381627998046, 0.4491871512643143, 0.32409972299168976, 0.8653988340919063, 1638, 16.39400948302537, 7.761870372999316, 0.7482432524703032, 4, 190.45967589359125, 2.0000562344043904, 8
121, 1.0, 9, 10, 10.0, 5026, 479, 45.7, 203.93026004728134, 0.014808726919503377, 0.4583661084206313, 0.3342618384401114, 0.8591944376802815, 1680, 16.716765367696407, 7.720567828811061, 0.741479376947306, 4, 228.10887710275799, 1.8838311488660975, 8
122, 1.0, 9, 10, 10.0, 5048, 479, 44.6, 199.63734290843806, 0.014045122817853244, 0.47263349987340264, 0.3452852614896989, 0.8515275742411192, 1743, 16.92291635140453, 7.8148345020205365, 0.7530456493869457, 4, 206.62699912679332, 1.9940464376221834, 8
123, 1.0, 9, 10, 10.0, 4992, 467, 49.9, 216.69359916054566, 0.013286568528378333, 0.47892689818110723, 0.3629807692307692, 0.8390032346685572, 1812, 17.061685892520043, 8.010099740470492, 0.7816479662882582, 4, 192.94397187196216, 2.0288714376078834, 8
124, 1.0, 9, 10, 10.0, 5014, 454, 39.4, 223.3861502347418, 0.013322728312300561, 0.47050081296307622, 0.36816912644595134, 0.8348367638634961, 1846, 16.894127803774623, 8.359441600511184, 0.8187454540876564, 4, 187.39381177510805, 2.0155479636994538, 8
125, 1.0, 9, 10, 10.0, 5021, 437, 38.7, 226.32128514056225, 0.013692752057936665, 0.4600669630135803, 0.37203744274048994, 0.8330461464240628, 1868, 16.723003583294854, 8.686556207082043, 0.857130431815456, 4, 180.82804425300347, 2.046656516646297, 8
126, 1.0, 9, 10, 10.0, 5009, 445, 41.0, 228.3982905982906, 0.01343096354328758, 0.46173317759983001, 0.3739269315232581, 0.8328520643672062, 1873, 17.005388711341627, 8.476133456516592, 0.8412360848938917, 4, 192.58404880480495, 2.0304808784711583, 8
127, 1.0, 9, 10, 10.0, 5020, 457, 35.9, 215.9222941720629, 0.012975257860131624, 0.47405209632494361, 0.3794820717131474, 0.8315228426798882, 1905, 17.579351524048604, 8.255143500695866, 0.8173422380042511, 4, 208.19710987383499, 2.0018641604521425, 8
128, 1.0, 9, 10, 10.0, 5117, 468, 45.2, 219.7978971962617, 0.012863865998412924, 0.46442855915914072, 0.3799101035763143, 0.8340580227217894, 1944, 18.112957254524506, 8.181868814537161, 0.8051256148735325, 4, 187.79326735429399, 1.9583321132647744, 8
129, 1.0, 9, 10, 10.0, 5122, 473, 44.8, 217.0723404255319, 0.012800735720549435, 0.46446498650044366, 0.3824677860210855, 0.8350033827985172, 1959, 18.587715200987756, 8.069185789725992, 0.7863848747427684, 4, 163.52590714159513, 2.0069918737001102, 8
130, 1.0, 9, 10, 10.0, 5141, 474, 51.2, 227.76740088105726, 0.011495866939724984, 0.46514703439134586, 0.4077027815600078, 0.8166403150986538, 2096, 19.101648614347216, 8.081708604808536, 0.783610701732212, 4, 190.5512094614858, 1.9506999623330965, 8
131, 1.0, 9, 10, 10.0, 5109, 471, 39.5, 213.60154738878143, 0.011092597370352737, 0.4651579929582822, 0.4184771971031513, 0.8087565772502439, 2138, 19.281631503090956, 8.12151428834669, 0.7870678134029427, 4, 178.7365046905359, 1.9729512426196338, 8
132, 1.0, 9, 10, 10.0, 5191, 474, 49.3, 229.52136133236786, 0.0105983027973344, 0.47072583228627984, 0.42958967443652474, 0.8010937115483334, 2230, 19.651357632018588, 8.196899621006176, 0.7965899849869107, 4, 231.10667647377906, 2.023649861066299, 8
133, 1.0, 9, 10, 10.0, 5258, 492, 44.5, 244.7470238095238, 0.009939393699890756, 0.46797186502939836, 0.4364777481932294, 0.7956599445771484, 2295, 20.147336509506534, 8.025197128195547, 0.7814779386559405, 4, 176.84230679955101, 1.951295810402279, 8
134, 1.0, 9, 10, 10.0, 5302, 463, 42.2, 227.41412911084043, 0.010030282047743106, 0.46083561549244556, 0.449830252734817, 0.7848173668292162, 2385, 19.769728067032165, 8.632113246568979, 0.8401945306414385, 4, 202.90768819981281, 1.999559731714147, 8
135, 1.0, 9, 10, 10.0, 5316, 470, 35.0, 221.50173010380624, 0.0092195941162953, 0.46519958549989804, 0.4667042889390519, 0.769368887265551, 2481, 20.04203688636355, 8.572868759753192, 0.8378442625204034, 4, 165.77828438130342, 1.973367694860435, 8
136, 1.0, 9, 10, 10.0, 5320, 460, 53.9, 227.52549019607844, 0.009187546088841437, 0.46664473704908827, 0.4719924812030075, 0.7635283216501491, 2511, 19.77797814146086, 8.80777029937803, 0.8610550497482327, 4, 166.84425495840662, 1.9972727279998763, 8
137, 1.0, 9, 10, 10.0, 5359, 472, 43.7, 242.47193347193348, 0.008990584888008727, 0.47101897918875613, 0.4698637805560739, 0.7644912386575217, 2518, 19.92285791752276, 8.656705958953722, 0.8473275100765604, 4, 152.60328731753484, 2.017878158555413, 8
138, 1.0, 9, 10, 10.0, 5483, 474, 43.45454545454545, 259.58170606372045, 0.00901125447955213, 0.46442259801789287, 0.46689768374977203, 0.766020846631321, 2560, 19.81041782173015, 8.842803124441907, 0.8684998393977896, 4, 148.88280976932867, 1.9187380356858654, 8
139, 1.0, 9, 10, 10.0, 5523, 478, 39.63636363636363, 250.64030612244898, 0.009083669688763693, 0.46539028388279147, 0.4618866558030056, 0.7698304603914106, 2551, 19.75756076423835, 8.87906928571249, 0.8657139464610302, 4, 140.73825076498932, 2.0189451872211897, 8
140, 1.0, 9, 10, 10.0, 5470, 474, 45.72727272727273, 250.922131147541, 0.009296538923001928, 0.46150258060321114, 0.45813528336380255, 0.7732069370221321, 2506, 19.629196520033656, 8.883646522267675, 0.8652180762249978, 4, 159.53865122736477, 1.9842767240148622, 8
141, 1.0, 9, 10, 10.0, 5369, 467, 48.8, 247.3530824659728, 0.009580562991637084, 0.46282236549736555, 0.4531570124790464, 0.7766371583404093, 2433, 19.322998433512385, 8.867518264427078, 0.8663842201184262, 4, 172.47321072831602, 2.0176992680009325, 8
142, 1.0, 9, 10, 10.0, 5268, 461, 51.9, 254.83728115345005, 0.009874099325891552, 0.46986417566794136, 0.44817767653758545, 0.7804625554248967, 2361, 19.08383751570767, 8.829150350793308, 0.860661907159259, 4, 214.90918924495139, 2.0359137881880827, 8
143, 1.0, 9, 10, 10.0, 5198, 466, 42.8, 250.86709440879926, 0.01006862866192273, 0.47888548337035874, 0.4409388226240862, 0.7870218137954067, 2292, 19.131971504673672, 8.601549573297724, 0.8351142211413491, 4, 138.05250195805394, 2.0429710894351647, 8
144, 1.0, 9, 10, 10.0, 5177, 495, 38.9, 245.7287234042553, 0.009518628217044604, 0.49475250260681702, 0.43963685532161484, 0.7879155186162551, 2276, 19.683439826167017, 8.042032012634339, 0.7808940016362909, 4, 154.14893978818512, 2.016484948395629, 8
145, 1.0, 9, 10, 10.0, 5192, 483, 51.7, 254.98749022673965, 0.008972028799422464, 0.49353352053051891, 0.4622496147919877, 0.7693872944134968, 2400, 19.830932758872535, 8.247143155434108, 0.8001970599911956, 4, 199.68753579622313, 2.01614309010479, 8
146, 1.0, 9, 10, 10.0, 5295, 493, 38.6, 265.00908059023834, 0.008529178424029728, 0.48639629003609541, 0.47138810198300285, 0.7623253363242297, 2496, 20.258324488713562, 8.247790701906945, 0.8033139335923956, 4, 193.48743277794057, 1.9274198439872443, 8
147, 1.0, 9, 10, 10.0, 5317, 484, 40.90909090909091, 259.12836079791845, 0.008530537656565649, 0.48126183807743106, 0.4767726161369193, 0.7579402665584345, 2535, 20.177246143340763, 8.491608987062296, 0.821450070418018, 4, 190.98928842800498, 1.9461939212074852, 8
148, 1.0, 9, 10, 10.0, 5286, 483, 42.7, 253.34495412844038, 0.008467932407724461, 0.48254203860972456, 0.4799470298902762, 0.7556448532762324, 2537, 20.250607607798138, 8.443643953968422, 0.8183724043320497, 4, 215.09310405115687, 1.9507598412771328, 8
149, 1.0, 9, 10, 10.0, 5284, 485, 38.0, 253.60018552875695, 0.00822421867509269, 0.48589988736809131, 0.4873202119606359, 0.7494364753584513, 2575, 20.423528702626975, 8.39863425088068, 0.8164960376044508, 4, 164.01217758487783, 2.0127819284944892, 8
150, 1.0, 9, 10, 10.0, 5281, 478, 43.5, 259.70191082802546, 0.008233890132285282, 0.4898375734393986, 0.49195228176481726, 0.7460632886333511, 2598, 20.4201574203549, 8.499714267336008, 0.8230561058904735, 4, 200.52165759223166, 1.9218305491290961, 8
151, 1.0, 9, 10, 10.0, 5286, 486, 47.6, 255.06890756302522, 0.007682675198764667, 0.50311840205504932, 0.5073779795686719, 0.7323134493177565, 2682, 20.841167894196555, 8.37542766992036, 0.8106262651623982, 4, 172.3177313750551, 1.8880384942301267, 8
152, 1.0, 9, 10, 10.0, 5247, 476, 39.7, 253.138671875, 0.007651482724798677, 0.50303864032339107, 0.5143891747665332, 0.7255718479292235, 2699, 20.698969353502648, 8.46823365043406, 0.8217837539869839, 4, 186.64175915673678, 1.9733139975715877, 8
153, 1.0, 9, 10, 10.0, 5286, 482, 44.2, 240.4087061668682, 0.007428784040848933, 0.50210339729855602, 0.5191070752932274, 0.7208593342547083, 2744, 20.862209725039943, 8.401575096219753, 0.818735572858109, 4, 185.1853254294939, 1.925202631423375, 8
154, 1.0, 9, 10, 10.0, 5327, 489, 44.3, 239.59477124183007, 0.007300432203827448, 0.50547152099578341, 0.5199924910831613, 0.7200161626403754, 2770, 21.022716932919725, 8.341845744560878, 0.8182311231378216, 4, 181.84993051261353, 1.9424209478016696, 8
155, 1.0, 9, 10, 10.0, 5375, 484, 48.4, 243.94152046783626, 0.007541721280486549, 0.5048648200904966, 0.513860465116279, 0.7261769934482132, 2762, 20.873117349742596, 8.499324098665742, 0.836818218353587, 4, 142.87323444174643, 2.0349831200234796, 8
156, 1.0, 9, 10, 10.0, 5340, 505, 45.1, 259.21438645980254, 0.0072232692132542815, 0.5069171928732864, 0.5142322097378277, 0.725994431478352, 2746, 21.345475722410345, 8.075467690506247, 0.7975946532372625, 4, 195.75572961955694, 2.0162161437609747, 8
157, 1.0, 9, 10, 10.0, 5276, 484, 52.0, 243.60123329907503, 0.007474870554943646, 0.50857749561076138, 0.5159211523881728, 0.7237289487583944, 2722, 20.850114851581328, 8.338126256990686, 0.8228771677605415, 4, 165.13455025070391, 1.8948138996385766, 8
158, 1.0, 9, 10, 10.0, 5254, 473, 46.5, 268.98615916955015, 0.007833722860787252, 0.51038213805183608, 0.5087552341073468, 0.73025901924479, 2673, 20.50250342990934, 8.487901279061463, 0.8383702992419815, 4, 223.04200426985449, 1.9981687134491448, 8
159, 1.0, 9, 10, 10.0, 5240, 470, 40.5, 257.17791411042947, 0.007921538227843887, 0.50415995651939727, 0.5070610687022901, 0.731547888778961, 2657, 20.38641265618812, 8.54185170035751, 0.8427328363004303, 4, 173.96789298647775, 1.963843001524737, 8
160, 1.0, 9, 10, 10.0, 5254, 477, 42.7, 254.47957992998832, 0.008270599176895321, 0.50429306539310415, 0.4897221164826799, 0.7466615592837229, 2573, 20.236198325998878, 8.417565521949303, 0.8259103215307118, 4, 193.18222062770107, 2.042553751105484, 8
161, 1.0, 9, 10, 10.0, 5299, 493, 44.3, 248.379392971246, 0.008305730337204224, 0.5004976818628355, 0.4789582940177392, 0.7559260132345462, 2538, 20.393747321213556, 8.206089118959628, 0.7982691691135114, 4, 175.347327058221, 1.9555756425064093, 8
162, 1.0, 9, 10, 10.0, 5266, 484, 47.8, 235.0418604651163, 0.008258981592700368, 0.49365667114216216, 0.48594758830231677, 0.7499765017678678, 2559, 20.33477283273542, 8.33538989779646, 0.8087383764038991, 4, 150.76395213708321, 1.949815306789766, 8
163, 1.0, 9, 10, 10.0, 5182, 481, 48.8, 247.41166936790924, 0.008459265455152487, 0.49199510595185381, 0.48128135854882287, 0.7543793114570941, 2494, 20.240120845353605, 8.270825509546736, 0.8037790918406293, 4, 144.51145053239566, 1.8477409301872205, 7
164, 1.0, 9, 10, 10.0, 5164, 496, 44.5, 251.2378277153558, 0.008356116171704262, 0.49846290183667052, 0.476568551510457, 0.7588711040978133, 2461, 20.529346037344606, 8.007385321989899, 0.7810870987870099, 4, 168.09210404664398, 1.9843790728872588, 8
165, 1.0, 9, 10, 10.0, 5141, 502, 42.3, 247.08996088657105, 0.008540147739379127, 0.50310019188690969, 0.46644621668936004, 0.7668942059600208, 2398, 20.42949227606039, 7.8768501142229885, 0.7733026366028688, 4, 214.54633231660412, 1.8760739058249245, 8
166, 1.0, 9, 10, 10.0, 5154, 510, 43.6, 257.525069637883, 0.008450104535374597, 0.50603184038440718, 0.46410554908808693, 0.768106420822031, 2392, 20.46387577843946, 7.804456650385988, 0.7676408353570605, 4, 181.8125295364832, 2.0287171082277333, 8
167, 1.0, 9, 10, 10.0, 5108, 506, 42.36363636363637, 266.3665105386417, 0.008942193952808836, 0.50558820816655381, 0.45086139389193425, 0.779145855819373, 2303, 20.15958455202548, 7.7824303840368705, 0.765980967776625, 4, 205.45981760120046, 1.9641431397574995, 8
168, 1.0, 9, 10, 10.0, 5146, 515, 37.9, 244.5538005923001, 0.009142479838010288, 0.49973663061227747, 0.4405363389040031, 0.7877656775885636, 2267, 20.20226799750971, 7.663195256283491, 0.7536586444646732, 4, 202.69424432847441, 2.023255387756781, 8
169, 1.0, 9, 10, 10.0, 5119, 509, 39.3, 236.2629558541267, 0.00922037699875109, 0.49601633181155302, 0.44168782965422937, 0.7870782450747627, 2261, 20.140238887030854, 7.695809304093802, 0.7581309773381207, 4, 205.92663651722967, 1.925962671019446, 8
170, 1.0, 9, 10, 10.0, 5145, 495, 36.5, 227.30359212050985, 0.009606972436483983, 0.48626095977777994, 0.43965014577259476, 0.7898685401732344, 2262, 19.954253922218218, 7.967277361639368, 0.7827388273699248, 4, 175.89865281784418, 1.9731494807775858, 8
171, 1.0, 9, 10, 10.0, 5107, 502, 47.0, 238.14709677419356, 0.00956109525936442, 0.47790913963222692, 0.43763461915018603, 0.7918073785042397, 2235, 20.106671854689758, 7.774030559975178, 0.7675204257047074, 4, 169.07316505044457, 2.009462149842493, 8
172, 1.0, 9, 10, 10.0, 5066, 477, 39.0, 247.57457627118643, 0.010090943817866576, 0.47855362617063057, 0.4356494275562574, 0.792402205984655, 2207, 19.47324980929821, 8.109422772883725, 0.8016896485608311, 4, 179.92463181664482, 2.0455164126043304, 8
173, 1.0, 9, 10, 10.0, 5125, 493, 42.833333333333336, 222.97542043984475, 0.009932971171287634, 0.48539647489904103, 0.4302439024390244, 0.7959467641514822, 2205, 19.63289637804727, 7.920264877211986, 0.7801055582517165, 4, 178.59835696362708, 1.8879085440206478, 8
174, 1.0, 9, 10, 10.0, 5105, 497, 43.6, 239.08493427704752, 0.00948176443988136, 0.49380622515283479, 0.43800195886385895, 0.7879499169478568, 2236, 19.643187785474968, 7.866604098649405, 0.7772927197671392, 4, 161.36333247533642, 1.9583668230925668, 8
175, 1.0, 9, 10, 10.0, 5058, 484, 42.2, 242.59121951219512, 0.009766885702209701, 0.48911509758537641, 0.4347568208778173, 0.7886129753862512, 2199, 19.108347579232728, 8.054553520098883, 0.7936375799118558, 4, 195.69906072462726, 1.9701712130871838, 8
176, 1.0, 9, 10, 10.0, 5097, 503, 48.5, 241.77008928571428, 0.009738742552870936, 0.49714372718579369, 0.4255444379046498, 0.7960156942751746, 2169, 19.3248982133264, 7.799765405010675, 0.7615229045982054, 4, 194.69208609860556, 2.024839427713836, 8
177, 1.0, 9, 10, 10.0, 5155, 507, 45.9, 240.1304347826087, 0.010304708481221293, 0.48983886005495181, 0.41066925315227937, 0.8087505415171966, 2117, 19.239379825526054, 7.772092176439802, 0.7583745835340323, 4, 135.5650605333237, 2.0201743279694306, 8
178, 1.0, 9, 10, 10.0, 5117, 495, 49.63636363636363, 241.51671732522797, 0.010507253667641004, 0.48519202796236249, 0.4119601328903654, 0.8078905144253093, 2108, 19.04043908382775, 7.8868552821362305, 0.7635697247019896, 4, 151.69394038115362, 1.9589864190060329, 8
179, 1.0, 9, 10, 10.0, 5163, 499, 38.7, 240.1241890639481, 0.010542517119936343, 0.49326712430124608, 0.4098392407515011, 0.8100687070693381, 2116, 19.094082325566397, 7.86403399698956, 0.7564592900767666, 4, 201.92424375256746, 1.9840251976650627, 8
180, 1.0, 9, 10, 10.0, 5294, 505, 45.9, 265.58964143426294, 0.010363369023760756, 0.49650196131661961, 0.40914242538723083, 0.8090761611357595, 2166, 19.014344691222224, 7.961055948388847, 0.7629587268720984, 4, 190.94058280389714, 1.8926184856374482, 8
181, 1.0, 9, 10, 10.0, 5326, 518, 41.3, 248.85587975243146, 0.010519467632983424, 0.50053462584472141, 0.39635749155088246, 0.8166362551324973, 2111, 18.75842212890928, 7.748743619155631, 0.738127824398105, 4, 162.08980362819247, 2.041527915948085, 8
182, 1.0, 9, 10, 10.0, 5289, 521, 42.8, 257.6058091286307, 0.010697584492512185, 0.51141758560927475, 0.3908111174134997, 0.8207328228684602, 2067, 18.681969898572596, 7.5822345540928415, 0.7223332468239533, 4, 187.98269759722024, 2.0280002179437027, 8
183, 1.0, 9, 10, 10.0, 5266, 499, 46.2, 244.7737030411449, 0.011506898283350558, 0.49506371854859432, 0.3830231674895556, 0.8259997569024028, 2017, 18.04894480410135, 7.8079237617871255, 0.7388267698629786, 4, 173.29473173945163, 1.9577116395822407, 8
184, 1.0, 9, 10, 10.0, 5293, 513, 45.7, 248.4298780487805, 0.0118937260253245, 0.49349071094686447, 0.3686000377857548, 0.8362633715660625, 1951, 17.94671760292961, 7.58565221980382, 0.7112020574847945, 4, 169.0506117473401, 2.0335676174081767, 8
185, 1.0, 9, 10, 10.0, 5295, 515, 45.8, 234.38245614035088, 0.01178619534493884, 0.49758192891169795, 0.36902738432483473, 0.8354101584169082, 1954, 17.953348753256822, 7.584607141726386, 0.7092055123082499, 4, 153.26072462393637, 2.0328326248267268, 8
186, 1.0, 9, 10, 10.0, 5264, 517, 40.0, 244.23981191222572, 0.011753660369438174, 0.50416253542253986, 0.3691109422492401, 0.8355941749681062, 1943, 18.046679020414214, 7.489771996647654, 0.7020460018330592, 4, 175.99571411555499, 1.966424788911145, 8
187, 1.0, 9, 10, 10.0, 5276, 533, 43.7, 241.33640836408364, 0.010883058948518471, 0.5216701795126627, 0.378316906747536, 0.8277630259890985, 1996, 18.417046296459926, 7.309693965884674, 0.6840794386163113, 4, 178.02091961400845, 2.01035356200821, 8
188, 1.0, 9, 10, 10.0, 5335, 528, 50.2, 241.0498310810811, 0.011053801102077274, 0.5119641936938728, 0.3767572633552015, 0.8288170632841466, 2010, 18.255930825758526, 7.462973393164565, 0.6937357390864967, 4, 155.48099580494798, 1.9727845710097545, 8
189, 1.0, 9, 10, 10.0, 5304, 511, 44.0, 254.0899014778325, 0.011709755922213244, 0.51020426979545852, 0.37104072398190047, 0.8330359689967459, 1968, 17.85296264794545, 7.6629243404877885, 0.7101289350024108, 4, 177.34343407249978, 2.0365199001784497, 8
190, 1.0, 9, 10, 10.0, 5295, 498, 42.6, 220.45753114382785, 0.01182554317629774, 0.50351377698507727, 0.37620396600566575, 0.8303521759092286, 1992, 17.854278746303265, 7.847772355220252, 0.7317607321680183, 4, 173.31447705480872, 2.0416904573084014, 8
191, 1.0, 9, 10, 10.0, 5234, 516, 43.9, 229.47547797173732, 0.011133164957902468, 0.50416146522744087, 0.3803974016048911, 0.8260847341549078, 1991, 18.187459542052327, 7.503618591421426, 0.7080013964100064, 4, 154.65188966880442, 1.9895180082185062, 8
192, 1.0, 9, 10, 10.0, 5213, 499, 45.1, 242.17586206896553, 0.010891802939651096, 0.50020029085874307, 0.3936313063495108, 0.8161642502163036, 2052, 18.192173961731733, 7.767666812071601, 0.7421901882646481, 4, 164.45002512064707, 2.045052712241183, 8
193, 1.0, 9, 10, 10.0, 5229, 493, 49.2, 254.0723763570567, 0.010789491291634184, 0.49357385797877762, 0.3983553260661694, 0.812157801607567, 2083, 18.124978762142245, 7.897778800726311, 0.7559645268249645, 4, 164.2441339115824, 2.0007808345715716, 8
194, 1.0, 9, 10, 10.0, 5260, 499, 43.1, 274.4187675070028, 0.010975294876060082, 0.48492094581916534, 0.3923954372623574, 0.8175627947599516, 2064, 18.211261068801516, 7.835953641239215, 0.7509622577277357, 4, 176.75687527470012, 1.9918605433102066, 8
195, 1.0, 9, 10, 10.0, 5275, 497, 37.9, 225.5079575596817, 0.011659255381454016, 0.47810045910950494, 0.3795260663507109, 0.827583908901218, 2002, 17.979780334783808, 7.871688632052652, 0.7511512286134924, 4, 176.12780533441429, 2.006561706948093, 8
196, 1.0, 9, 10, 10.0, 5304, 508, 38.9, 232.80576631259484, 0.011792542819409144, 0.4807253219020533, 0.37254901960784315, 0.8332292344837963, 1976, 18.10308574796969, 7.727178710695579, 0.7379416926791084, 4, 202.38650501896049, 2.0206121648162525, 8
197, 1.0, 9, 10, 10.0, 5327, 502, 35.5, 245.01542111506524, 0.012068044668692376, 0.4853780033290106, 0.3709404918340529, 0.8350901017150882, 1976, 18.01311094069968, 7.818042986218233, 0.7455098680282712, 4, 160.4019686830961, 1.9601116206977576, 8
198, 1.0, 9, 10, 10.0, 5322, 498, 47.18181818181818, 240.83567134268537, 0.012895988248780669, 0.48583894557106955, 0.3570086433671552, 0.8444488420622633, 1900, 17.617800404828053, 7.83184359195892, 0.7470345158441879, 4, 190.87995595934783, 2.0208455988821625, 8
199, 1.0, 9, 10, 10.0, 5283, 493, 48.3, 235.43636363636364, 0.013071173726001745, 0.48232229710144348, 0.35566912738974066, 0.8449789616885349, 1879, 17.454358270112646, 7.8533773524066, 0.7514848545367746, 4, 200.13219207239158, 2.034560539405041, 8
200, 0.25, 10, 7, 2.5, 902, 148, 70.9, 113.93487394957984, 0.16647460251724103, 0.43612203607936317, 0.0942350332594235, 0.9604775182047048, 85, 4.4820106356033556, 3.6256527121956625, 0.378460160924678, 3, 58.884810304582331, 1.6789128227944425, 6
201, 0.25, 10, 7, 2.5, 1276, 182, 88.1, 193.2605703048181, 0.10582750110040899, 0.41948142589561743, 0.12852664576802508, 0.9488241440776938, 164, 5.535949056067226, 4.227706634715781, 0.4579686655960352, 3, 42.632635069911807, 1.6245757807017085, 6
202, 0.25, 10, 7, 2.5, 1433, 207, 188.2, 227.3197424892704, 0.059343981784319516, 0.44557206332665689, 0.2135380321004885, 0.9192361222110897, 306, 8.578189428031399, 4.28506827041989, 0.4645739392484041, 3, 35.738090273373764, 1.6133921191386293, 6
203, 0.25, 10, 7, 2.5, 1749, 224, 190.8, 241.56317204301075, 0.040127333340049594, 0.43925275151558141, 0.27215551743853633, 0.8892554490110727, 476, 10.145607418204634, 4.975217980337331, 0.5401918964464483, 3, 31.6039665306612, 1.7753427105987127, 6
204, 0.25, 10, 7, 2.5, 1976, 199, 121.4, 342.6282991202346, 0.054308432399147455, 0.39465947924090283, 0.22621457489878544, 0.9079300978834624, 447, 7.691934953582964, 6.274886117509036, 0.6513838697829987, 3, 47.000903337402733, 1.5256715197633528, 5
205, 0.25, 10, 7, 2.5, 2060, 214, 101.8, 390.7615062761506, 0.05026031708011249, 0.40381032716053111, 0.22766990291262135, 0.9074666276871136, 469, 8.34257077796931, 6.169124809727465, 0.5936857912866738, 3, 30.414605757923994, 1.742326588860738, 6
206, 0.25, 10, 7, 2.5, 2087, 206, 130.4, 401.5914085914086, 0.05278771564055284, 0.3975169386649714, 0.22807858169621467, 0.9084751010800091, 476, 8.06025985235393, 6.7486754375346125, 0.5817831684169732, 3, 33.842553679139876, 1.072016968563193, 4
207, 0.25, 10, 7, 2.5, 2106, 228, 192.2, 394.99477533960294, 0.04786941392045734, 0.40559010699371256, 0.21889838556505223, 0.9088079979608087, 461, 8.127393339259704, 6.098344184869615, 0.5201376425284446, 3, 27.441913871419494, 1.711845135233912, 6
208, 0.25, 10, 7, 2.5, 2067, 222, 230.9, 427.39832535885165, 0.03379862832195445, 0.43024228887213389, 0.3043057571359458, 0.8671447458822571, 629, 10.027217933900207, 6.1440511829322055, 0.5495291379310197, 3, 26.046786356962333, 1.7201934592198251, 6
209, 0.25, 10, 7, 2.5, 2034, 218, 153.4, 448.7573891625616, 0.026915553303446187, 0.45154354110172823, 0.3633235004916421, 0.8299803488264675, 739, 11.020359887193875, 6.153152715239797, 0.5662816807598395, 3, 32.911824926910256, 1.5857708352080968, 6
210, 0.25, 10, 7, 2.5, 2096, 241, 167.0, 434.7793103448276, 0.026716837605883392, 0.46938168849282669, 0.34303435114503816, 0.8450937346280676, 719, 11.359129397955517, 5.743117403313526, 0.532030552822926, 3, 23.576346353777641, 1.3778195080390327, 5
211, 0.25, 10, 7, 2.5, 2012, 244, 142.2, 368.1818181818182, 0.04040710708580493, 0.4325385970353014, 0.2668986083499006, 0.8990201011731698, 537, 10.50646949592681, 5.436604903687141, 0.4612981480399074, 3, 38.580628994111557, 1.6192093785631974, 6
212, 0.25, 10, 7, 2.5, 2094, 253, 69.0, 395.3064748201439, 0.051861130827357806, 0.4278851154580221, 0.2072588347659981, 0.9242268880988204, 434, 8.576477229065954, 5.4738409215922665, 0.40541903497444093, 3, 29.04799791673744, 1.511086176073611, 5
213, 0.25, 10, 7, 2.5, 2093, 241, 177.7, 441.40169133192387, 0.039983209539894704, 0.43574618364260287, 0.221213569039656, 0.896650402552805, 463, 9.08810312745845, 5.869201006452082, 0.3719594146828967, 3, 29.507638872020621, 1.6715952780212542, 6
214, 0.25, 10, 7, 2.5, 1911, 239, 108.3, 430.96416938110747, 0.047191822302146656, 0.43011973360529954, 0.19309262166405022, 0.911815584066893, 369, 8.839651934892066, 5.338610713424819, 0.33920374027591144, 3, 31.994071268997725, 1.470131920408841, 5
215, 0.25, 10, 7, 2.5, 1893, 244, 149.6, 394.99466666666666, 0.06389528078626622, 0.41426722281513462, 0.16270470153195984, 0.9363528030833526, 308, 7.866101362241551, 4.988597351101914, 0.33543157201408635, 3, 29.292528296434284, 1.4897673640073497, 5
216, 0.25, 10, 7, 2.5, 1812, 230, 89.8, 405.9468085106383, 0.05796837797001589, 0.41842832731306179, 0.22350993377483444, 0.9255073544917435, 405, 9.556852942433679, 4.898222063717495, 0.3732195650298706, 3, 36.923718473350661, 1.6631355916141728, 6
217, 0.25, 10, 7, 2.5, 1876, 243, 208.4, 364.3434599156118, 0.036273771649721655, 0.46485696046029212, 0.2755863539445629, 0.8870237384506041, 517, 10.909471703099207, 4.624841046590078, 0.4029436727090068, 3, 25.354024730452295, 1.6631355916141728, 6
218, 0.25, 10, 7, 2.5, 2023, 238, 100.6, 359.9712643678161, 0.04088627549819388, 0.4368930240390384, 0.2328225407810183, 0.8976786734941838, 471, 9.543475977841593, 5.138397810942325, 0.44367341445072056, 3, 52.438115750879923, 1.6766961325918528, 6
219, 0.25, 10, 7, 2.5, 2043, 240, 123.1, 357.7616724738676, 0.07560761813257315, 0.39531343516549267, 0.13852178169358786, 0.9453536430025749, 283, 6.825352714044688, 5.219798802812201, 0.46532452617207004, 3, 23.981664418472143, 1.415369135079188, 5
220, 0.25, 10, 7, 2.5, 2094, 232, 204.5, 429.50451263537906, 0.0729696277900565, 0.38613048321845389, 0.12225405921680993, 0.9413791640028092, 256, 6.1355902365347275, 5.781613474621614, 0.4918863604288879, 3, 38.554572360818021, 1.6907718382057118, 6
221, 0.25, 10, 7, 2.5, 2113, 251, 213.1, 416.97924388435877, 0.06743699763351042, 0.40801045992570273, 0.14529105537150971, 0.9413672037459306, 307, 6.479743214811092, 5.582686623017942, 0.43597383699166203, 3, 29.568372728035438, 1.696684254567782, 6
222, 0.25, 10, 7, 2.5, 2005, 234, 212.5, 430.92673592126846, 0.08010068314299595, 0.38464907625698741, 0.13815461346633418, 0.9471207211512138, 277, 6.939094024952821, 5.482601254448541, 0.39949342233987545, 3, 21.101772734188529, 1.7481554572476758, 6
223, 0.25, 10, 7, 2.5, 1957, 230, 118.9, 416.78915046059365, 0.07432750845338895, 0.38668697099017402, 0.17220235053653551, 0.9419858240514623, 337, 8.19647503890407, 5.262087132197003, 0.3702708734776787, 3, 47.204315114678629, 1.5295189491982681, 5
224, 0.25, 10, 7, 2.5, 2056, 248, 151.8, 391.4787028073572, 0.053677295826110236, 0.41453237269920007, 0.2135214007782101, 0.9253296978992114, 439, 9.21462772264026, 5.157091310885814, 0.44670678252843693, 3, 34.150279048652884, 1.4897503188505914, 5
225, 0.25, 10, 7, 2.5, 2066, 252, 186.0, 404.41724403387224, 0.050103000736316725, 0.41283512538052447, 0.20232333010648595, 0.9212439848205349, 418, 9.020416149771101, 5.367611901988286, 0.4429647332615718, 3, 20.102020688752386, 1.6726254461503207, 6
226, 0.25, 10, 7, 2.5, 2057, 241, 213.4, 405.74715909090907, 0.041195261731315595, 0.43857299318857601, 0.21341759844433641, 0.8997127583708662, 439, 9.04600392250809, 5.63367927701829, 0.4768824943063103, 3, 29.33374722315466, 1.7753427105987127, 6
227, 0.25, 10, 7, 2.5, 2121, 231, 130.1, 434.3292496171516, 0.041934235476996234, 0.42395115160862706, 0.21546440358321547, 0.8971898267993915, 457, 8.573184064827661, 5.984352876121838, 0.5009347105132167, 3, 30.292937108448918, 1.7210891492287168, 6
228, 0.25, 10, 7, 2.5, 2175, 218, 265.6, 408.6416430594901, 0.04097368574085358, 0.41330853179933358, 0.2289655172413793, 0.8884547790502173, 498, 8.382824766814675, 6.524083369548503, 0.5549621111217983, 3, 39.348631092123057, 1.696684254567782, 6
229, 0.25, 10, 7, 2.5, 2289, 227, 245.1, 456.14990689013035, 0.038118562871263105, 0.41326786903485591, 0.2214941022280472, 0.8848185453690041, 507, 8.239705205068274, 6.554501378240393, 0.595066053426484, 3, 23.404623651449285, 1.691434336280957, 6
230, 0.25, 10, 7, 2.5, 2351, 238, 152.0, 481.03229974160206, 0.037022064173682964, 0.40871466185929228, 0.2216078264568269, 0.8868859788048544, 521, 8.480972272781758, 6.448603699768044, 0.600004069566381, 3, 40.996548361737325, 1.5654451070633326, 6
231, 0.25, 10, 7, 2.5, 2330, 230, 141.9, 487.33217088055795, 0.03403602179599378, 0.41787343770741658, 0.2587982832618026, 0.8726326206056496, 603, 8.823578121169696, 6.625986846796785, 0.6326407903011572, 3, 28.06742868042754, 1.5171063970610277, 5
232, 0.25, 10, 7, 2.5, 2293, 238, 107.7, 466.9822695035461, 0.029601097819034597, 0.43620223687166049, 0.29699084169210643, 0.8584309633462187, 681, 9.927709227639864, 6.295695001305648, 0.6028861323142867, 3, 26.996053603689344, 1.4244427785036176, 5
233, 0.25, 10, 7, 2.5, 2196, 238, 148.7, 491.1256281407035, 0.026009391223050172, 0.45627734387061258, 0.3214936247723133, 0.8388372314956578, 706, 10.424058717963074, 6.0621455661746415, 0.5649089494324505, 3, 27.16205062628908, 1.5171063970610272, 5
234, 0.25, 10, 7, 2.5, 2163, 234, 161.1, 511.8829787234043, 0.017498172732995615, 0.4891474964644601, 0.45122515025427645, 0.7561238267164998, 976, 12.480043334279628, 6.131828431760811, 0.5677878206273039, 3, 24.55361155489717, 1.6957425341696346, 6
235, 0.25, 10, 7, 2.5, 2140, 235, 121.9, 478.59151785714283, 0.01436302015963226, 0.50740116743433972, 0.5257009345794392, 0.7040598934780424, 1125, 13.950654402119325, 6.0424162209310595, 0.5575939794543157, 3, 21.492115776017155, 1.4735023850806486, 5
236, 0.25, 10, 7, 2.5, 2218, 232, 173.6, 484.5658465991317, 0.01189834225930791, 0.51344602039937393, 0.5933273219116321, 0.638023340422581, 1316, 14.580312329342156, 6.251524658290057, 0.6106406073926423, 3, 20.815549134581467, 1.4241299173467734, 5
237, 0.25, 10, 7, 2.5, 2141, 217, 219.3, 447.21802091713596, 0.014402226737571482, 0.48103270523888086, 0.5530126109294722, 0.6803467678218319, 1184, 13.799558736116616, 6.470269692489988, 0.6613815984828645, 3, 38.148252564225018, 1.4327570529970874, 5
238, 0.25, 10, 7, 2.5, 2206, 216, 174.6, 482.05771144278606, 0.016707574240214875, 0.48006117265146375, 0.485947416137806, 0.7232301926512521, 1072, 12.246422704965381, 6.671227976083816, 0.6891682023943145, 3, 23.931068855059419, 1.7201934592198251, 6
239, 0.25, 10, 7, 2.5, 2289, 235, 135.0, 508.13409961685824, 0.018264479797228943, 0.46704270553915372, 0.4438619484491044, 0.767351914140905, 1016, 12.647507237726193, 6.317858613212047, 0.6363848590221182, 3, 28.398630704990403, 1.7118451352339117, 6
240, 0.25, 10, 7, 2.5, 2364, 222, 145.7, 502.01324884792626, 0.03513346034574025, 0.39323370188634865, 0.29314720812182743, 0.8721576933735186, 693, 9.727547770169933, 7.08682721575285, 0.6548402463448691, 3, 37.49915385324875, 1.7140875411870102, 6
241, 0.25, 10, 7, 2.5, 2258, 232, 181.5, 477.14680347277033, 0.04211910368037628, 0.3969303276569095, 0.20106288751107174, 0.898060673750752, 454, 8.276938426072356, 6.475037037427135, 0.5724591117865443, 3, 27.901283730067743, 1.1709971261162124, 4
242, 0.25, 10, 7, 2.5, 2257, 215, 77.0, 500.13008778930566, 0.04121217647104277, 0.38970112733493412, 0.24014178112538767, 0.8875342904816221, 542, 8.566660300543322, 6.877326683144508, 0.612176964627531, 3, 26.36502490058405, 1.3516811946858949, 4
243, 0.25, 10, 7, 2.5, 2244, 262, 106.1, 494.8927589367553, 0.037693330483267014, 0.42667682522391281, 0.24866310160427807, 0.8991415558644322, 558, 10.247285000046855, 5.555940128773573, 0.48864963010833923, 3, 26.797463476898773, 1.4377014436429414, 5
244, 0.25, 10, 7, 2.5, 2184, 244, 133.2, 445.26931567328916, 0.03838928196837189, 0.42602191109500598, 0.25824175824175827, 0.8936512411088682, 564, 9.655899145182918, 5.969363794994377, 0.5329364042256393, 3, 30.651233042070771, 1.4985690796770057, 5
245, 0.25, 10, 7, 2.5, 2201, 231, 164.3, 453.5841035120148, 0.047341394365997776, 0.40496878028532513, 0.22171740118128125, 0.9089707157903433, 488, 8.249209694752857, 6.422405571305235, 0.561688079275496, 3, 31.89211152442379, 1.64622455382987, 6
246, 0.25, 10, 7, 2.5, 2219, 253, 162.9, 468.2744630071599, 0.04058847690773089, 0.44906179863950824, 0.19468228931951329, 0.9030253922290116, 432, 7.558150296428637, 5.959743103505283, 0.5319263190845416, 3, 17.849799469179903, 1.4735023850806486, 5
247, 0.25, 10, 7, 2.5, 2262, 235, 123.6, 478.522972972973, 0.043031592786000154, 0.42832051919930314, 0.1883289124668435, 0.9015102900018027, 426, 7.156587805570845, 6.526215342521801, 0.5850385128615108, 3, 21.947014271851291, 1.540305825226517, 6
248, 0.25, 10, 7, 2.5, 2407, 243, 109.5, 504.3906390639064, 0.04162165971243301, 0.41843182757260144, 0.19692563356875778, 0.9015023029602286, 474, 7.621123199485016, 6.717528121924134, 0.6143288012504461, 3, 24.524229372670067, 1.6715952780212542, 6
249, 0.25, 10, 7, 2.5, 2325, 230, 127.1, 473.436320754717, 0.0527050660336161, 0.39315052399350026, 0.1956989247311828, 0.917901282549553, 455, 7.306796447742033, 6.843034950331599, 0.6076162209945256, 3, 19.766954611966188, 1.6326309271543518, 6
250, 0.25, 10, 7, 2.5, 2179, 240, 113.7, 515.4221351616063, 0.04719088448550498, 0.42099292726207027, 0.21844882973841212, 0.9121247099051764, 476, 8.467573784721445, 5.973217971236197, 0.5384268461663965, 3, 35.580898293397055, 1.6674619334292948, 6
251, 0.25, 10, 7, 2.5, 2132, 231, 62.6, 479.5365418894831, 0.046074141776077784, 0.41454436194474986, 0.22185741088180114, 0.9064678211305811, 473, 8.57953244750537, 6.060503573309912, 0.5367827982970148, 3, 23.295051957468107, 1.6731183626432506, 6
252, 0.25, 10, 7, 2.5, 2066, 242, 218.8, 493.03315649867375, 0.04361201977801589, 0.41878564112626249, 0.22362052274927396, 0.9056885490672223, 462, 9.136624282273866, 5.602171945320047, 0.4731506661255269, 3, 15.125015510460296, 1.5890269151739727, 5
253, 0.25, 10, 7, 2.5, 2042, 263, 248.3, 421.91256830601094, 0.034346939505422204, 0.45780192222590976, 0.2517140058765916, 0.8897335282919542, 514, 10.237834360099242, 5.178523777486163, 0.41397757908929994, 3, 33.646835568708191, 1.5171063970610277, 5
254, 0.25, 10, 7, 2.5, 2118, 222, 93.1, 433.271449704142, 0.03475361669957081, 0.44082488433398492, 0.21813031161473087, 0.8707986027941441, 462, 8.214368268740039, 6.49811973056063, 0.4403553232135282, 3, 28.843698946512717, 1.71408754118701, 6
255, 0.25, 10, 7, 2.5, 2273, 225, 89.9, 410.18991793669403, 0.033536123018104304, 0.43377195787217537, 0.25692916849978004, 0.867854730671756, 584, 8.692083981641668, 6.935407190218474, 0.4023521215006011, 3, 25.13311506410626, 1.4241299173467734, 5
256, 0.25, 10, 7, 2.5, 2260, 221, 193.7, 444.7104166666667, 0.033516222347705675, 0.42597635253138455, 0.2761061946902655, 0.8653770365930574, 624, 8.995285563716953, 7.015012731585548, 0.3686199608632744, 3, 28.126574684767832, 1.1569876443452742, 4
257, 0.25, 10, 7, 2.5, 2208, 202, 149.9, 413.33846153846156, 0.03226350135554943, 0.42224891927761066, 0.2875905797101449, 0.8469440942193154, 635, 8.924499081378107, 7.506374298711973, 0.39327485919361455, 3, 25.892153307542625, 1.4735023850806486, 5
258, 0.25, 10, 7, 2.5, 2258, 214, 126.2, 423.75267770204476, 0.026568354272626583, 0.4430682489726534, 0.35031000885739594, 0.8244830667546258, 791, 10.187929180299472, 7.311237228183379, 0.35387247293960983, 3, 25.668997637422041, 1.6307991045856436, 6
259, 0.25, 10, 7, 2.5, 2239, 227, 189.5, 451.62041226747107, 0.031493880663036246, 0.4205775501011616, 0.3238052702099151, 0.8605067930156807, 725, 10.770363862974607, 6.8748175241524505, 0.36060122867029387, 3, 35.536923650654565, 1.721954449406054, 6
260, 0.25, 10, 7, 2.5, 2231, 260, 139.0, 450.67636363636365, 0.033120524279103725, 0.43397423574342009, 0.2949350067234424, 0.8842703607744923, 658, 11.54615406337759, 5.9106830343275645, 0.3258496628948913, 3, 30.166524641156698, 1.198849312913621, 4
261, 0.25, 10, 7, 2.5, 2097, 260, 192.54545454545453, 383.7718204488778, 0.03105460002471718, 0.45564221295535756, 0.3133047210300429, 0.8765666692148362, 657, 12.267265772802135, 5.463039299967841, 0.2886563983795184, 3, 30.573845638029187, 1.5437891850588952, 5
262, 0.25, 10, 7, 2.5, 2125, 244, 178.1, 414.6076388888889, 0.034237544952640815, 0.43935715945962595, 0.2691764705882353, 0.8807107566190318, 572, 10.207611825886493, 5.851147482741707, 0.309807710751825, 3, 35.335706287097203, 1.6762349391347307, 6
263, 0.25, 10, 7, 2.5, 2219, 214, 137.7, 428.80570801317236, 0.03993668833046394, 0.39893957752454057, 0.2537178909418657, 0.88339047434831, 563, 9.051286724699473, 7.030432982569153, 0.36951392536360833, 3, 24.491375825478347, 1.7379834485870496, 6
264, 0.25, 10, 7, 2.5, 2246, 221, 179.6, 403.9148170365927, 0.0535551890922676, 0.38059384318254108, 0.18432769367764915, 0.9159176323362295, 414, 7.8336398865290775, 6.971196383248787, 0.35923316351726853, 3, 38.232386837859998, 1.7050127121293353, 6
265, 0.25, 10, 7, 2.5, 2103, 239, 179.0, 426.61755285073673, 0.05613301148576805, 0.40294366378177771, 0.19353304802662863, 0.9259012429798761, 407, 8.15798684656662, 5.827823311891581, 0.35116726839458784, 3, 26.44495074398964, 1.679204331602707, 6
266, 0.25, 10, 7, 2.5, 2183, 232, 224.8, 464.7281853281853, 0.047370195127285235, 0.40781160728737342, 0.20888685295464957, 0.9094238329429182, 456, 8.058205212944967, 6.218990165193488, 0.40070333261257596, 3, 37.346180109665092, 1.6259287080415386, 6
267, 0.25, 10, 7, 2.5, 2208, 235, 275.3, 363.9284768211921, 0.0537205558426616, 0.40580388171178405, 0.1816123188405797, 0.9212050918355956, 401, 7.4856170785744025, 6.283230735734073, 0.4180257018921648, 3, 31.644410576545695, 1.7316872368195766, 6
268, 0.25, 10, 7, 2.5, 2300, 221, 143.5, 415.41783216783216, 0.061330739309716095, 0.38543173097862182, 0.1656521739130435, 0.9266244302815969, 381, 6.592456059419207, 7.095041324519805, 0.4905229544846521, 3, 38.247339725081673, 1.5317780787913655, 5
269, 0.25, 10, 7, 2.5, 2369, 229, 127.3, 433.7647058823529, 0.05327466870813299, 0.39410431872205254, 0.1937526382439848, 0.9184197916785506, 459, 7.1982322547034086, 7.126189409868964, 0.5069181297819332, 3, 36.628256116811443, 1.2680942586678272, 4
270, 0.25, 10, 7, 2.5, 2380, 237, 132.1, 450.2954186413902, 0.047234782251356675, 0.40298886683599566, 0.21596638655462186, 0.9110543586917743, 514, 8.016520608934968, 6.9574039255748525, 0.4898423738186749, 3, 27.595547033968987, 1.6417347121875212, 6
271, 0.25, 10, 7, 2.5, 2342, 218, 117.0, 478.8842705786471, 0.04327923853289924, 0.38568877922878131, 0.27241673783091375, 0.8943921357335961, 638, 9.810624267231077, 7.536044540474462, 0.5388647638668709, 3, 27.866385722449454, 1.7201934592198251, 6
272, 0.25, 10, 7, 2.5, 2440, 243, 84.4, 461.93123446561725, 0.030509502021854012, 0.40541997328539969, 0.3344262295081967, 0.865471269466793, 816, 12.349902466018142, 7.032246692946949, 0.5045282057774368, 3, 24.784117619211383, 1.7045514452672967, 6
273, 0.25, 10, 7, 2.5, 2411, 248, 60.3, 423.24353876739565, 0.027506243192905018, 0.42706310022189808, 0.35130651182082123, 0.8537598248690734, 847, 12.688214646706351, 6.876213991088508, 0.46189581605659585, 3, 24.202870392090187, 1.5292482930376912, 5
274, 0.25, 10, 7, 2.5, 2385, 244, 95.8, 509.0483516483516, 0.028602729851607084, 0.41932293810902344, 0.34591194968553457, 0.8570737129430304, 825, 12.448205719051533, 6.916918279905057, 0.4566232201868312, 3, 19.830314678936379, 1.0751393240053733, 4
275, 0.25, 10, 7, 2.5, 2227, 223, 158.0, 484.30818965517244, 0.033321457629452954, 0.41613333610060887, 0.3242029636281994, 0.865811685469233, 722, 11.082977970817439, 7.103834623495656, 0.4672594742107415, 3, 23.232977448785082, 1.6170531525095537, 6
276, 0.25, 10, 7, 2.5, 2248, 212, 132.9, 485.642, 0.035320877282809846, 0.41502105325532901, 0.2975978647686833, 0.8668390594339309, 669, 9.397014364388026, 7.587043098290572, 0.4965793785498039, 3, 25.172569119386306, 1.5571130980576458, 5
277, 0.25, 10, 7, 2.5, 2214, 235, 208.0, 443.63164721141374, 0.031147739010226737, 0.45287534823922126, 0.2908762420957543, 0.8637728687875823, 644, 9.766561551079997, 6.6300907518027286, 0.43734879890533346, 3, 30.7343667200727, 1.7328679513998633, 6
278, 0.25, 10, 7, 2.5, 2355, 236, 113.4, 432.61706555671174, 0.030323304234537794, 0.42264478128435012, 0.3070063694267516, 0.860628428459847, 723, 10.48685924050028, 6.992892556713505, 0.4736824686384199, 3, 39.781695419592658, 1.6440727958331671, 6
279, 0.25, 10, 7, 2.5, 2331, 236, 124.3, 510.17171717171715, 0.02533951963544242, 0.4358096285417048, 0.3642213642213642, 0.833136876913701, 849, 11.806570595814852, 6.9255459037899625, 0.486403795261902, 3, 31.758809921599113, 1.4614721293040243, 5
280, 0.25, 10, 7, 2.5, 2306, 242, 101.4, 505.8766339869281, 0.022191713876461402, 0.45630764497356802, 0.4032957502168257, 0.8141470049836981, 930, 13.0283421343785, 6.751459308907842, 0.4700593877902227, 3, 25.575950000377489, 1.5465986860485124, 5
281, 0.25, 10, 7, 2.5, 2381, 233, 174.3, 460.915512465374, 0.025965399360477752, 0.4241537064476909, 0.373792524149517, 0.8350597693928474, 890, 12.317789222910635, 7.2869732242266725, 0.5097598612311705, 3, 27.506296144755986, 1.6762349391347304, 6
282, 0.25, 10, 7, 2.5, 2362, 238, 122.4, 458.0066985645933, 0.03376919768892935, 0.42372376335021067, 0.29508890770533447, 0.8759473823323618, 697, 10.265924046395766, 7.022984984454282, 0.5103410172474725, 3, 22.474036275783774, 1.5571130980576458, 5
283, 0.25, 10, 7, 2.5, 2314, 240, 189.9, 523.5784313725491, 0.03837218568408101, 0.4257132557374792, 0.21650821089023337, 0.891799796796955, 501, 8.179475901072239, 6.924182625973497, 0.48509938971082023, 3, 33.220276537550468, 1.7721393884375285, 6
284, 0.25, 10, 7, 2.5, 2255, 239, 108.1, 468.66418466120626, 0.04008767940439263, 0.42881771704898708, 0.22084257206208427, 0.8960236249131871, 498, 8.046137406311512, 6.866017497600145, 0.4558227086106026, 3, 28.560200833167222, 1.4377014436429414, 5
285, 0.25, 10, 7, 2.5, 2255, 260, 153.7, 542.1385767790263, 0.03401431416977863, 0.44977772248912506, 0.25809312638580933, 0.8873189225560079, 582, 9.571327777433265, 6.282693010141791, 0.42497893547723997, 3, 25.798675126443094, 1.5498260458782016, 5
286, 0.25, 10, 7, 2.5, 2260, 247, 116.8, 536.7912885662432, 0.030930527815686268, 0.44047805527290362, 0.30221238938053097, 0.8694919437295068, 683, 10.888928538668406, 6.611124680022113, 0.4650623269993233, 3, 22.91712514021064, 1.5740973368489728, 5
287, 0.25, 10, 7, 2.5, 2123, 227, 198.9, 476.5309661436829, 0.03701626953584084, 0.42891728997372891, 0.28214790390956196, 0.8814057073397904, 599, 10.074893771619152, 6.7365055059236765, 0.4652890155881284, 3, 27.418039216606967, 1.7379834485870498, 6
288, 0.25, 10, 7, 2.5, 2081, 242, 165.3, 484.8569620253165, 0.0421447702341921, 0.4355993115333372, 0.2532436328688131, 0.9023851328872953, 527, 9.880050620886946, 6.134865780120933, 0.4160996149559612, 3, 24.120333322346795, 1.626020692420754, 6
289, 0.25, 10, 7, 2.5, 2121, 242, 139.6, 457.06005459508646, 0.04816424962194093, 0.42753632695687116, 0.20744931636020744, 0.9146366523444798, 440, 7.825861930871637, 6.293498499578856, 0.42113151116853936, 3, 28.908986812851385, 1.6114722042607261, 6
290, 0.25, 10, 7, 2.5, 2221, 235, 100.0, 456.2315056570931, 0.05937776762370141, 0.4062692718946872, 0.14813147230977036, 0.9287529762991267, 329, 6.228307712007862, 6.477401022346909, 0.4862290032408874, 3, 20.963546368239825, 1.6766961325918528, 6
291, 0.25, 10, 7, 2.5, 2186, 259, 149.9, 463.77131147540985, 0.04475222208089231, 0.43012889281453559, 0.23467520585544374, 0.914143048858871, 513, 9.704826308449341, 5.519832334745981, 0.45053379694499784, 3, 25.398870966379246, 1.6499886811375826, 6
292, 0.25, 10, 7, 2.5, 2097, 235, 145.1, 464.99336870026525, 0.05280418859056514, 0.40691790686225715, 0.22889842632331903, 0.9198518785469609, 480, 9.370683847108934, 5.745568396920577, 0.4503975405946842, 3, 31.819736309268833, 1.700164942414579, 6
293, 0.25, 10, 7, 2.5, 2100, 237, 162.3, 468.21732283464564, 0.05975847818327695, 0.41182899867958345, 0.15285714285714286, 0.9298350688536491, 321, 6.435963599830639, 5.661436608132368, 0.36550910806163345, 3, 28.910450227029315, 1.4878167164014493, 6
294, 0.25, 10, 7, 2.5, 2135, 227, 142.8, 469.62824675324674, 0.06513884413811456, 0.39514203264364522, 0.15362997658079625, 0.932807736458235, 328, 5.99909626083328, 5.7285151971175265, 0.38175228058907884, 3, 40.960977866686584, 1.754079432466035, 6
295, 0.25, 10, 7, 2.5, 2155, 254, 169.8, 427.69718309859155, 0.07562034647935875, 0.40729368760208473, 0.1122969837587007, 0.9483772703673304, 242, 5.360769504283159, 5.261185051528656, 0.37260061533393424, 3, 32.688550354475822, 1.5902696011065307, 5
296, 0.25, 10, 7, 2.5, 2023, 246, 167.3, 432.39195509822264, 0.0676549996053971, 0.41968170796373161, 0.12555610479485912, 0.9403799921085557, 254, 5.96138596525577, 5.254846603673377, 0.3951451668387904, 3, 31.372556148318999, 1.412744636863848, 5
297, 0.25, 10, 7, 2.5, 2080, 258, 170.6, 469.0882352941176, 0.06613004483098604, 0.40949132471917238, 0.14759615384615385, 0.9418414918414918, 307, 6.902735972441445, 5.2511471289604374, 0.39292256107156553, 3, 38.611873346746819, 1.2805340475238804, 4
298, 0.25, 10, 7, 2.5, 2158, 248, 133.6, 417.39717083786724, 0.06484636486598203, 0.39548846186234088, 0.14782205746061167, 0.9382530657561239, 319, 7.487693500420913, 5.8171720465838765, 0.41296767004720875, 3, 23.633041552524663, 1.494403211379612, 5
299, 0.25, 10, 7, 2.5, 2192, 257, 124.5, 395.63729246487867, 0.057523934105802504, 0.40020878909789903, 0.18065693430656934, 0.9327832506571342, 396, 8.408665305764544, 5.818805767750553, 0.3847215541359754, 3, 23.140149074280785, 1.5941666991180168, 6
300, 0.01, 8, 5, 0.1, 18759, 80, 1196.5, 1642.652634639615, 0.03455474021051176, 0.15029878606340674, 0.5562663254970948, 0.6382891559103554, 10435, 7.210755601937027, 184.18462937357444, 13.4504032308373, 4, 411.73396362104347, 1.9436355806758507, 8
301, 0.01, 8, 5, 0.1, 24828, 80, 1194.1, 1804.1353228337305, 0.028171819920885542, 0.15483320883773144, 0.6247381988077977, 0.556316603111998, 15511, 7.488404204222793, 235.163860719526, 10.64235627005281, 4, 504.77202881753811, 1.63668686511901, 8
302, 0.01, 8, 5, 0.1, 46135, 62, 1235.3, 2349.338114089169, 0.01794351310295934, 0.14537786644215789, 0.9476536252303024, 0.10112401986985398, 43720, 7.671752880498176, 563.5845293959458, 15.75758355655069, 4, 553.19989123846517, 1.7732208338418416, 8
303, 0.01, 8, 5, 0.1, 55161, 90, 1058.0, 4287.309938902349, 0.012317329360712318, 0.20481375025355419, 0.9491488551694132, 0.0979303290431297, 52356, 9.309772552623443, 465.1280934336168, 13.587556034042885, 4, 542.88729504749745, 1.8720344585394841, 8
304, 0.01, 8, 5, 0.1, 53751, 74, 1163.2, 4834.738020652047, 0.014877339118524804, 0.19858709425574106, 0.9523543748023292, 0.09167304500121798, 51190, 8.408286838872673, 551.0376974015869, 16.240142281328453, 4, 618.21370655833869, 1.7981338149975516, 8
305, 0.01, 8, 5, 0.1, 53991, 59, 1234.8, 4857.470763751865, 0.018601240566765927, 0.16138186128100862, 0.9538626808171732, 0.08881765806707398, 51500, 7.468063529921275, 693.7634148912271, 20.442599229571545, 4, 690.05725817736709, 1.8284816579868146, 8
306, 0.01, 8, 5, 0.1, 53951, 64, 1170.6, 4845.954498010307, 0.01703594490170269, 0.18912539889691993, 0.9570721580693592, 0.08282317550736706, 51635, 7.796030304311227, 639.0196823794817, 18.719427225721084, 4, 657.38255932774257, 1.7386199839593313, 8
307, 0.01, 8, 5, 0.1, 53248, 58, 1166.1, 4851.9195147458695, 0.018868620908357777, 0.19078808374776246, 0.9549842247596154, 0.08624224134693037, 50851, 7.395796391653009, 696.0061698945339, 20.74753961347115, 4, 560.75660064530291, 1.796370257222195, 8
308, 0.01, 8, 5, 0.1, 53221, 67, 1319.0, 4847.818775727539, 0.016332631377954484, 0.19583911549499333, 0.9551680727532365, 0.08616398995005548, 50835, 7.981368497262335, 602.5163655233323, 17.811174860667187, 4, 473.61550747381506, 1.6978722431890148, 8
309, 0.01, 8, 5, 0.1, 53676, 81, 1157.1, 4830.947973920937, 0.013379657601398202, 0.23783190520569808, 0.9599448543110515, 0.07728133884644439, 51526, 8.81490541285777, 502.3984682548483, 14.714857729593477, 4, 457.84520890316963, 1.8564131641777983, 8
310, 0.01, 8, 5, 0.1, 53154, 74, 1161.6, 4820.150262315637, 0.014896635941757944, 0.22232920062525108, 0.951405350491026, 0.09284971823054822, 50571, 8.399521437322209, 544.4566232305053, 16.351943177417024, 4, 540.07347140473291, 1.7352932920686246, 8
311, 0.01, 8, 5, 0.1, 53228, 52, 1365.8, 4818.865454457411, 0.024244595358064995, 0.1416700876125041, 0.8859059141805065, 0.2068056921673127, 47155, 6.8940695797415446, 786.7098522712079, 21.398452064210293, 4, 496.72853837827114, 1.7442889338265455, 8
312, 0.01, 8, 5, 0.1, 56820, 70, 1299.2, 5027.514759192129, 0.026694062020661446, 0.18780085287569548, 0.6412530799014432, 0.46484368355472305, 36436, 6.338221546378596, 648.0700353004721, 14.726107071365192, 4, 503.96373982798906, 1.74286002082462, 8
313, 0.01, 8, 5, 0.1, 63732, 67, 1211.2, 5344.402012849556, 0.02704596198794538, 0.18901124251857693, 0.6636226699303333, 0.44815484997669786, 42294, 6.3496797745362485, 792.5480128395363, 15.192599108006046, 4, 579.16985581254426, 1.5057930246527986, 8
