RowID,motion,ind.production,biomass.prod.N,biomass.prod.P,biomass.prod.C,res.inflow,N.types,P.types,C.types,max.res.val,max.growth.rate,max.met.maint,max.active.dispersal,barriers,logseries.a,starting.seed,flow.rate,width,height,viscosity,total.abundance,immigration.rate,resource.tau,particle.tau,individual.tau,resource.concentration,shannons.resource.diversity,resource.richness,species.richness,simpson.e,e.var,berger.parker,inv.simp.D,N.max,skew,tracer.particles,resource.particles,speciation,Whittakers.turnover,Jaccards.dissimilarity,Sorensens.dissimilarity,avg.per.capita.growth,avg.per.capita.maint,avg.per.capita.N.efficiency,avg.per.capita.P.efficiency,avg.per.capita.C.efficiency,avg.per.capita.active.dispersal,amplitude,flux,frequency,phase,disturbance
1,'fluid',-0.87,-0.17216437207982652,0.088211143644152515,-0.16362389230913735,800,5,7,4,100000,0.6,0.0006,0.02,1,0.9977934929268891,100,0.02,30,5,10,924,0.005,26.218441986328973,nan,171.10682062758406,2.5964,2.7326020399999997,16.0,4.4699999999999998,0.26349899999999998,0.14543920934288379,0.92334864988017584,0.12676171987686113,1043.6500000000001,1.297709963262532,10,485,'yes',0.0048100048100048112,0.0085858585858585839,0.004810004810004812,0.4887411393538445,0.00076748346301776715,0.42091895808412766,0.44611862316819706,0.62740048168880569,0.016160936395017055,0.5,'yes',0.06,5,0.0001
2,'fluid',-0.02,-0.00031245064081251333,-0.00063229818167976595,-0.00022256452478630035,400,6,2,6,80000,0.2,0.00011999999999999999,0.02,1,0.9987291960394116,100,0.0074999999999999997,30,9,10,0,0.0001,67.176333333333346,nan,43.569403222445992,0.84340740740740727,2.4519835200000002,14.0,0.55072463768115942,1.0,1.0,1.0,0.0,1.0526315789473684,0.0,2,296,'yes',0.0,0.0,0.0,0.13784520528923649,0.00015206746587391421,0.48061734704626519,0.5724787237841179,0.47474859200251462,0.011409162258249421,0.4,'yes',0.04,7,0.0001
3,'fluid',3.4300000000000002,0.55474767939686975,0.37276119815586894,0.16391088067268725,400,2,10,10,80000,0.9,0.00054,0.5,2,0.9966961996975996,100,0.059999999999999998,15,10,10,1624,0.001,14.97535848169311,83.355113636363612,98.605549244062388,1.3850000000000002,2.8256192900000001,22.0,14.91,0.51288400000000001,0.29783700292659498,0.19519368673623391,0.86781095517215079,347.97000000000003,0.84138105889439996,6,212,'yes',0.0017583928330998587,0.0033973923679806025,0.0017583928330998587,0.64063964056720035,0.00073102265823910657,0.59218756858158206,0.51652112606394585,0.52227461888115101,0.21745387184854298,0.1,'yes',0.04,3,0.0001
4,'fluid',0.0,0.0,0.0,0.0,800,9,2,9,10000,0.05,1e-05,0.3,2,0.9962941002043996,100,0.0050000000000000001,40,6,10,0,0.0005,66.873499999999979,nan,52.329787234042563,1.447208333333333,2.7253570900000001,20.0,0.0,nan,nan,nan,nan,nan,nan,0,461,'yes',nan,nan,nan,nan,nan,nan,nan,nan,nan,0.4,'yes',0.1,0,0.0001
5,'fluid',283.75999999999999,18.705668018629584,21.43103664637421,19.520277160465433,600,7,1,1,100000,0.1,0.0001,0.1,3,0.9931994891069105,100,0.59999999999999998,50,9,10,23583,0.005,23.917026989316522,50.682314554555063,98.678806669792479,14.886311111111111,1.7380917899999999,9.0,17.899999999999999,0.13705399999999998,0.11141923354096246,0.62372237283797172,0.51667075222386749,9196.6700000000001,3.2483522131429674,47,6761,'yes',0.0090327585923140868,0.017518103289517126,0.0090327585923140989,0.099874753574010044,0.00056060844921594839,0.63795642962670684,0.84692578491752624,0.64223366722562891,0.072278937133042967,0.2,'yes',0.1,7,0.0001
6,'fluid',5.9299999999999997,0.27593829286974142,0.76586483923434523,0.52989788653369663,1000,7,5,6,100000,0.1,0.0001,0.02,1,0.9963123496028778,100,0.02,20,10,10,2965,0.001,33.888101655968306,138.0,156.97553668920847,1.4601499999999998,2.85279521,18.0,4.6900000000000004,0.33546899999999996,0.19913205078097701,0.78435575284333003,0.32751280019556606,1999.78,1.261773428245597,3,323,'yes',0.0011223344556677895,0.0020202020202020198,0.0011223344556677895,0.099918780196761703,0.00036487246749337954,0.64697597172299115,0.52667260293646279,0.69501087922495486,0.015891377463988998,0.05,'yes',0.04,7,0.0001
7,'fluid',20.370000000000001,1.6978069947185648,1.4158472981940529,1.4193663416785918,200,10,9,6,100000,0.8,8e-05,0.08,1,0.9986437149199048,100,0.20000000000000001,50,10,10,2135,0.0,10.446184581266209,68.512593191122605,92.482478377322366,0.78680000000000005,3.1553118000000002,25.0,36.909999999999997,0.322382,0.22935125765730124,0.1735308531549947,0.90926633959112013,485.70999999999998,2.1052690741323454,25,572,'yes',0.0048620170727445297,0.0095469015112693324,0.0048620170727445306,0.5787272479752914,0.00043899814609261718,0.52543622830545011,0.54385710194061077,0.51824004739588325,0.030001511997615533,0.3,'yes',0.1,9,0.0001
8,'fluid',4.2999999999999998,0.13442455812614867,0.11079024312385641,0.22331482591622873,200,1,10,8,40000,0.8,0.00047999999999999996,0.5,2,0.9972956650734536,100,0.089999999999999997,15,10,10,1470,0.0005,11.723053972364111,70.29116713025536,119.26845830973551,0.80713333333333348,2.3908796099999998,18.629999999999999,10.74,0.54992299999999994,0.40574831006701523,0.28936561446829201,0.82824237651796329,419.12,1.147038448168181,6,98,'yes',0.0014518069437977901,0.0027701254973982251,0.0014518069437977912,0.6027368783589715,0.00067085583086014299,0.6128067052234164,0.55060353438011145,0.55350568030877023,0.31122567856593586,0.4,'yes',0.04,2,0.0001
9,'fluid',11.23,0.45149027319895368,0.21737050495695967,0.2059600851826866,1000,2,6,2,20000,0.8,8e-05,0.4,1,0.9944334612583239,100,0.02,50,5,10,3197,0.001,30.597426449082572,nan,160.2026978166131,1.8184800000000001,2.1384892700000004,10.0,7.29,0.30637000000000003,0.14495452445732412,0.65433176045732122,0.48668733637258205,1775.4400000000001,1.713363369277493,8,578,'yes',0.00067340067340067322,0.0012626262626262627,0.00067340067340067322,0.65185765248606065,0.00029099953858538491,0.73623898612311445,0.53748888198685407,0.43165008543954303,0.27008219747594236,0.5,'yes',0.02,6,0.0001
10,'fluid',-0.01,-0.00010641902916262393,-0.0099921256049027851,-0.00014884671890142684,200,1,7,2,20000,0.6,0.0006,0.08,2,0.9916683228637247,100,0.01,20,8,10,0,0.005,67.890131313131292,nan,39.704761904761902,0.8016875,2.0678725300000003,10.0,0.0,nan,nan,nan,nan,nan,nan,1,165,'yes',nan,nan,nan,nan,nan,nan,nan,nan,nan,0.2,'yes',0.02,5,0.0001
11,'fluid',89.310000000000002,6.734580797993897,5.4034798320750124,6.2388839978800164,600,7,3,3,40000,0.4,0.00032,0.3,2,0.9971189731832036,100,0.20000000000000001,20,8,10,12809,0.005,12.711906816700711,47.286195758632424,92.928888349906174,8.5055625000000017,2.4837040999999997,13.0,22.989999999999998,0.067424000000000012,0.138989900640558,0.79862147884622947,0.32323510417372397,7660.5600000000004,4.3729654521122328,14,1528,'yes',0.0066128812198337451,0.012874755822247431,0.0066128812198337572,0.33969924374921007,0.00043614233633218285,0.63640213808881085,0.63367271753770449,0.59589223159733751,0.24230828645879934,0.5,'yes',0.1,0,0.0001
12,'fluid',15.68,2.5579790437366778,2.6072807256208326,2.3644295066154823,200,2,7,8,80000,0.6,6e-05,0.4,2,0.998149190135186,100,0.90000000000000002,40,8,10,24,0.0005,13.653411832680423,21.432642422794306,48.403230191840805,5.6736562500000005,2.6730950199999999,17.0,3.4199999999999999,0.44536700000000012,0.29436120126170912,0.84560020663871649,0.25124564413979544,160.22,0.66435880333712749,23,1900,'yes',0.019697698485577265,0.034006734006734006,0.019697698485577276,0.50165711308965311,0.00062209943087819194,0.49842934716729448,0.50665946344323043,0.51400014087294643,0.27892444970940683,0.2,'yes',0.04,4,0.0001
13,'fluid',122.89,9.7732870752080174,9.901335816686748,9.8362874999506253,400,4,5,10,20000,0.9,0.00036,0.2,3,0.9949357935171159,100,0.40000000000000002,15,5,10,7274,0.001,8.7767963837793346,24.919945092720674,73.51575696990561,13.985866666666666,2.8537963099999994,19.0,7.0800000000000001,0.51220999999999994,0.36484732673475795,0.43224560917818278,0.70365304626671021,2242.2199999999998,1.090581388891894,9,1129,'yes',0.0073154620053138119,0.013692844753450817,0.0073154620053138136,0.69740590963120586,0.00059786243303320034,0.51612345655683045,0.52892604979389335,0.58631950584708259,0.14059103835055489,0.05,'yes',0.06,7,0.0001
14,'fluid',3.3300000000000001,0.025097219067809585,0.05930388108068433,0.069246106113559858,600,1,2,3,80000,0.1,4e-05,0.08,3,0.997333794287746,100,0.5,10,5,10,45,0.01,12.25569086342268,15.181073877773727,20.933605410172085,39.125399999999999,1.69319825,6.0,9.5399999999999991,0.62415399999999999,0.64839301152910889,0.30319293499550531,0.81994282537066165,16.190000000000001,1.1548754431760859,4,1616,'yes',0.04278661606527015,0.076973026973026978,0.042786616065270157,0.10022918904158667,0.00045596263917136224,0.39468514539058652,0.46598099935978915,0.54500431760474644,0.029861037494354294,0.2,'yes',0.01,5,0.0001
15,'fluid',28.82,1.6665525649578314,2.3051561809584702,1.7028253894373035,600,5,3,1,40000,0.05,5e-05,0.5,3,0.9976862113884933,100,0.20000000000000001,15,8,10,7389,0.001,10.419120773088521,38.035517386321196,126.88689431052036,6.2885,1.9966994500000002,9.0,14.9,0.21222900000000003,0.11642543256457642,0.49131070995500403,0.67516666762015631,2962.0,2.5304848397865158,19,870,'yes',0.0044771778297781634,0.0086115333277355984,0.0044771778297781669,0.078949946900723059,0.00052066174614771789,0.59063110186424683,0.69488187807803559,0.73792687454580053,0.30994428864913587,0.5,'yes',0.1,8,0.0001
16,'fluid',0.0,0.0,0.0,0.0,800,6,4,3,40000,0.4,0.00016,0.08,1,0.996319656520777,100,0.90000000000000002,40,7,10,0,0.0,17.199804936464922,20.700631955971609,29.52099710384773,26.436035714285712,2.52214743,13.0,0.0,nan,nan,nan,nan,nan,nan,19,8231,'yes',nan,nan,nan,nan,nan,nan,nan,nan,nan,0.4,'yes',0.02,7,0.0001
17,'fluid',0.050000000000000003,0.0015046358232647906,0.002685323961040193,0.001161365856854196,600,6,9,9,10000,0.1,4e-05,0.1,1,0.9923928057801179,100,0.80000000000000004,10,5,10,0,0.0005,5.8513511475649196,6.4954265408606568,8.4659595891849673,28.542999999999996,3.1525300199999999,24.0,0.5074626865671642,1.0,1.0,1.0294117647058822,0.0,1.8235294117647058,0.0,3,1425,'yes',0.11764705882352941,0.11764705882352941,0.11764705882352941,0.099661312160928994,0.00040967383994622135,0.45040838735678312,0.52429004241513488,0.37011043637042274,0.027826982065865109,0.05,'yes',0.02,0,0.0001
18,'fluid',2.96,0.29182402211748126,0.27846827818290093,0.1910696934142313,200,3,6,6,10000,0.9,0.00018,0.4,2,0.9972165431190977,100,0.02,10,5,10,728,0.005,9.9855764842771801,nan,99.615559263536611,0.76319999999999988,2.3983144000000003,13.039999999999999,7.3600000000000003,0.36420499999999989,0.30866485461531595,0.5755416487674897,0.59300549288333004,313.11000000000001,1.7242352585690617,1,33,'yes',0.0020202020202020198,0.003787878787878788,0.0020202020202020198,0.76311292544046228,0.00028511911411787473,0.44179482028797668,0.54480368148477321,0.57131052100569735,0.33892836785461378,0.1,'yes',0.01,7,0.0001
19,'fluid',0.22,0.055385938185520019,-0.023680952337608262,0.079751434098240925,200,1,4,8,20000,0.05,2.9999999999999997e-05,0.5,2,0.9947917693591651,100,0.070000000000000007,10,6,10,443,0.0,14.812447430981331,50.849285714285706,81.092685784894641,2.4016666666666664,2.1987667900000001,13.0,8.8499999999999996,0.48726599999999992,0.33137126218133894,0.39851225338683882,0.72854625974677301,206.68000000000001,1.0929166300623396,4,192,'yes',0.0044777775150636225,0.0085524785836728796,0.0044777775150636233,0.0831620044894507,0.00055403643342170645,0.76279362364193293,0.52538919919903515,0.50604953943479969,0.25813559849586043,0.5,'yes',0.08,1,0.0001
20,'fluid',-0.22,-0.016850701254918124,-0.010579370283408038,-0.011689951768910968,400,4,9,7,40000,0.1,0.0002,0.06,2,0.9903511160585907,100,0.02,50,6,10,8,0.0,54.039641418700285,nan,70.131309581891671,2.1880000000000006,2.9266847199999995,20.0,1.5,0.87183899999999992,0.85377712702219322,0.98081125440254424,0.042145116998171035,24.760000000000002,0.17393127945926806,5,854,'yes',0.0079525412858746179,0.012962962962962963,0.0079525412858746196,0.1004670409593896,0.00023165459160199916,0.26714442050066728,0.59210550223880376,0.38292374465718482,0.017797543954959007,0.5,'yes',0.1,8,0.0001
21,'fluid',86.760000000000005,6.3546544560482854,6.9688999389029069,6.811605147943669,1000,7,7,2,80000,0.6,6e-05,0.3,1,0.9956716623537059,100,0.089999999999999997,15,9,10,7906,0.01,8.3220646443387025,59.868301587301595,101.84921871875194,4.1668148148148152,2.6111829099999992,16.0,21.93,0.20163699999999998,0.16322810855293488,0.40667142984308746,0.75992456173410872,2755.5100000000002,2.9425647806276847,11,644,'yes',0.0050463981692267373,0.0098624856887011367,0.0050463981692267469,0.42986176850191687,0.00038274232916507848,0.51963468405609181,0.53224828342570052,0.60918729540615468,0.19223450828714314,0.2,'yes',0.08,0,0.0001
22,'fluid',0.0,0.0,0.0,0.0,1000,4,6,3,10000,0.4,8e-05,0.01,4,0.9971625558981093,100,0.00050000000000000001,50,10,10,0,0.0,nan,nan,nan,0.07536000000000001,2.3972857699999994,12.0,0.0,nan,nan,nan,nan,nan,nan,0,43,'yes',nan,nan,nan,nan,nan,nan,nan,nan,nan,0.1,'yes',0.01,7,0.0001
23,'fluid',0.31,0.040981104559158057,0.023269839802216016,0.071531085159627222,600,10,4,4,40000,0.4,4e-05,0.02,1,0.9909313937354264,100,0.5,50,10,10,0,0.0001,17.233449485566002,44.481752377780793,60.278005947003749,12.687379999999997,2.7854892599999994,18.0,1.0434782608695652,0.69835999999999998,0.67246593188167492,0.9956276175630876,0.36462645675356098,26.399999999999999,0.58215946997852719,29,7199,'yes',0.076870748299319711,0.125,0.076870748299319724,0.30267284347863155,0.00028746445892558896,0.49536441160121247,0.55465972669558383,0.68968126683318209,0.017585914318345584,0.3,'yes',0.01,2,0.0001
24,'fluid',5.1900000000000004,0.66798330964508812,1.0280898175686557,0.23400990408539257,800,4,2,6,10000,0.6,0.00035999999999999997,0.4,4,0.9942032268587654,100,0.089999999999999997,40,9,10,4158,0.0001,20.937694827920204,104.9875,103.99920015904307,2.630361111111112,2.3751654200000001,12.0,12.550000000000001,0.41118199999999994,0.20644906161881443,0.3117368702416512,0.80338826435656119,1205.8800000000001,1.3739295467916008,12,1054,'yes',0.0011264625824012801,0.0021719021719021707,0.0011264625824012801,0.43423283350560299,0.0005075181828189466,0.59850193217906633,0.42650434760161182,0.49779210620069025,0.21891602814242705,0.3,'yes',0.04,10,0.0001
25,'fluid',0.059999999999999998,0.0098002628541814518,0.02386502232573097,0.012826843949871809,200,5,9,5,10000,0.6,0.0012,0.02,1,0.998483464959406,100,0.5,10,10,10,0,0.0005,8.6543798992152183,9.1913436788988356,13.152454355760664,4.6421999999999999,2.8885783199999993,19.0,0.44961240310077522,1.0,1.0,1.0220443349753694,0.0,2.896551724137931,0.0,5,438,'yes',0.068965517241379309,0.068965517241379309,0.068965517241379309,0.48857067214460753,0.0010949591346915732,0.55943010445534591,0.47774234322329096,0.59862027835171738,0.012569907612491889,0.05,'yes',0.08,9,0.0001
26,'fluid',0.29999999999999999,0.0037891540844168315,0.003879207901987195,0.011151072460017048,400,7,5,2,80000,0.1,4e-05,0.06,1,0.9987324152564466,100,0.90000000000000002,40,8,10,20,0.001,18.526369161752115,21.644622518401675,28.779637829032399,11.466156250000004,2.5122120099999998,14.0,1.1477272727272727,0.92478552631578947,0.92448423511285815,0.95210452602093465,0.072517349034126891,5.2763157894736841,0.090799482629867839,24,3219,'yes',0.028947368421052628,0.03728070175438597,0.028947368421052635,0.099977410986166082,0.00044443393749579713,0.33597167317350746,0.496480607037731,0.51182988713920896,0.047563690385753261,0.3,'yes',0.02,5,0.0001
27,'fluid',11.31,0.62037190293033517,0.66265947829962413,0.78417350334017955,600,8,6,10,10000,0.6,0.00024,0.2,3,0.9925914111258606,100,0.040000000000000001,20,9,10,3656,0.0001,25.013799360496332,125.24500000000002,152.1668667159588,2.5602222222222224,3.1448852800000004,24.0,7.4800000000000004,0.22183600000000003,0.14521163219087449,0.7558191792717297,0.38735008029488616,2333.2600000000002,2.0399567079883631,13,563,'yes',0.0014504014504014497,0.002705627705627706,0.0014504014504014497,0.35270542100952335,0.00036128965523258031,0.57419299740423813,0.60001881159291959,0.58755269720471026,0.14125912419660402,0.5,'yes',0.1,10,0.0001
28,'fluid',0.0,0.0,0.0,0.0,600,1,5,2,10000,0.05,4e-05,0.02,2,0.9967052810345254,100,0.0001,10,6,10,0,0.005,nan,nan,nan,0.12766666666666662,1.1560905999999997,3.8500000000000001,0.0,nan,nan,nan,nan,nan,nan,0,10,'yes',nan,nan,nan,nan,nan,nan,nan,nan,nan,0.3,'yes',0.08,3,0.0001
29,'fluid',0.02,0.0012280846684180049,0.0014777946110286723,0.0011904158099273808,800,8,4,7,20000,0.1,2e-05,0.1,4,0.9953913170284645,100,0.90000000000000002,20,5,10,0,0.0005,13.717044115757774,15.896524268463239,17.135559799031853,66.741500000000002,2.8981817400000001,19.0,0.37931034482758619,0.94798125,0.95160439933286622,1.0048295454545455,0.15509313332771124,2.9375,0.0,25,9055,'yes',0.088888888888888878,0.10000000000000001,0.088888888888888892,0.09786987871362153,0.0002038347152762645,0.53277414580720184,0.53508262928741313,0.51476192589264058,0.057681234465255783,0.5,'yes',0.04,10,0.0001
30,'fluid',0.0,0.0,0.0,0.0,800,7,10,8,100000,0.1,0.0001,0.06,1,0.9934316725266971,100,0.20000000000000001,10,5,10,0,0.001,20.455162652697268,26.258294588213225,33.701927194860801,35.879600000000003,3.1981389799999995,25.0,0.0,nan,nan,nan,nan,nan,nan,1,1531,'yes',nan,nan,nan,nan,nan,nan,nan,nan,nan,0.4,'yes',0.01,10,0.0001
31,'fluid',11.75,1.627766071410268,1.5701201169391346,1.2433684430736316,800,7,8,1,40000,0.6,0.0012,0.1,2,0.9954662560577695,100,0.059999999999999998,15,7,10,2293,0.0001,7.8574368127048695,98.210509860509845,104.62947006762464,4.4752380952380948,2.4471736199999996,16.0,7.2199999999999998,0.28972000000000003,0.1252389569221406,0.71999407375205438,0.42105390464595982,1871.6400000000001,1.6628864124492093,6,726,'yes',0.0073707987536676903,0.01329879435940042,0.0073707987536676929,0.56059280398351086,0.0011306894427412055,0.68147253942914998,0.60647901935449999,0.88513422043972223,0.066884146412950693,0.5,'yes',0.02,2,0.0001
32,'fluid',57.219999999999999,4.2790146035613077,3.0710196904312479,3.5267535370645415,800,1,9,3,20000,0.1,4e-05,0.06,2,0.9949134085393561,100,0.070000000000000007,20,7,10,5842,0.0,19.608545113880123,136.25399999999996,138.22772190256191,7.7388571428571424,2.2052278899999997,13.0,5.3600000000000003,0.36775199999999991,0.21389540487871408,0.70709436059759612,0.43521209694713436,3334.3099999999999,1.3023223836347972,11,1182,'yes',0.0060598201699618324,0.011067019400352734,0.0060598201699618359,0.10002291367582014,0.00018293877996922614,0.89014734773791104,0.44079981192741713,0.64943875485012081,0.042855849119955443,0.2,'yes',0.01,3,0.0001
33,'fluid',0.54000000000000004,-0.069816609361863874,-0.021291152612540998,0.12052294181415987,200,5,3,2,100000,0.9,0.00054,0.3,3,0.9965806059793578,100,0.080000000000000002,30,6,10,1439,0.0,16.382862489515457,104.64235714285716,140.05346820679964,0.91050000000000009,2.1736494600000005,10.0,10.67,0.34272800000000003,0.23332334055877532,0.41204747893538313,0.72489386786713605,618.38,1.5665157782287635,7,192,'yes',0.00092017483321831168,0.0017600244872972152,0.00092017483321831168,0.70912038791104559,0.00068200408614241465,0.5620781522845022,0.52994552650338411,0.66498009814112891,0.24207211678773241,0.2,'yes',0.04,4,0.0001
34,'fluid',1.95,0.025159924848987599,0.36763268407284189,0.35756678730616298,400,7,8,4,80000,0.2,2e-05,0.3,2,0.9960788635843406,100,0.070000000000000007,40,8,10,3036,0.0001,28.99075970853681,126.86428571428573,162.81650259380876,1.6916249999999997,2.87451546,19.0,7.0,0.311975,0.26620530467454184,0.59344449343908845,0.5376612368182131,1756.51,1.3790284950169029,17,541,'yes',0.0,0.0,0.0,0.18579087142982323,0.00035072516372028546,0.51499397063435137,0.45783877860995553,0.52068102153958695,0.26084627655488396,0.5,'yes',0.08,4,0.0001
35,'fluid',-0.02,-0.0012547548911744841,-0.0038835304647947821,-0.00023114320382390259,800,8,2,7,40000,0.2,0.00011999999999999999,0.5,2,0.9917427571640745,100,0.01,40,9,10,0,0.0,126.31687197537829,nan,149.27730215132124,3.7172777777777775,2.6875413799999994,17.0,0.076923076923076927,1.0,1.0,1.0,0.0,1.5,0.0,1,1522,'yes',0.0,0.0,0.0,0.15361830814834676,0.00048475178135325549,0.62834026424176104,0.90338446519648596,0.43997775443719672,0.28235644637210211,0.3,'yes',0.1,5,0.0001
36,'fluid',10.26,0.75552350931832246,0.90249878622371904,0.98965014532180928,600,6,1,4,20000,0.4,4e-05,0.5,2,0.997866838602865,100,0.070000000000000007,15,7,10,2443,0.005,8.0493685965526645,44.86866666666667,96.713612315668854,1.9903809523809526,2.1656618000000001,11.0,23.219999999999999,0.37195899999999987,0.203599401004639,0.23840602569871994,0.88094629499735444,564.80999999999995,2.1141894299360722,4,232,'yes',0.0024130372263202224,0.0047016731052743344,0.0024130372263202302,0.26267285431631843,0.00049220111927404772,0.54232009502956313,0.62786097820027553,0.59671580664262247,0.2813837198979523,0.4,'yes',0.01,6,0.0001
37,'fluid',8.6899999999999995,0.43407687668149747,0.69211222297129749,0.58892897850981596,800,7,2,8,20000,0.1,4e-05,0.2,1,0.9959601204073525,100,0.050000000000000003,30,6,10,3651,0.0001,21.148838304075493,134.97,122.51152215849628,4.3901111111111115,2.6676294700000009,17.0,14.449999999999999,0.39669199999999999,0.16282105054554111,0.25752927912364709,0.82231175944096924,820.83000000000004,1.1962973910417878,7,955,'yes',0.0017572417208376351,0.0033418923124805483,0.001757241720837634,0.09995192531593268,0.00022655681286899972,0.54373576241039656,0.63559404575615264,0.57768796837669134,0.089072998883406834,0.3,'yes',0.08,7,0.0001
38,'fluid',0.0,0.0,0.0,0.0,1000,5,6,4,80000,0.6,0.00048,0.08,1,0.9934695309067267,100,0.001,50,5,10,0,0.0001,nan,nan,30.076923076923073,0.29095999999999994,2.53685268,15.0,0.0,nan,nan,nan,nan,nan,nan,0,101,'yes',nan,nan,nan,nan,nan,nan,nan,nan,nan,0.2,'yes',0.08,4,0.0001
39,'fluid',325.50999999999999,22.436050887827292,20.965817004114598,20.540035872753059,400,5,3,8,10000,0.6,6e-05,0.01,4,0.9944008779842949,100,0.90000000000000002,50,9,10,13693,0.0,12.397545473560294,39.362425400120017,79.308852197745694,9.0580888888888893,2.690696490000001,16.0,23.050000000000001,0.20580800000000005,0.11939511501093542,0.36233002108832785,0.7552404092077788,5056.6999999999998,2.63840471673387,56,6780,'yes',0.0071336158411594618,0.013677615458217074,0.0071336158411594713,0.43815848668966739,0.00027154475633854396,0.53944949256518948,0.48264687534270684,0.47140302700953773,0.0048488603101861484,0.1,'yes',0.01,2,0.0001
40,'fluid',0.0,0.0,0.0,0.0,1000,8,4,6,40000,0.05,0.0001,0.2,3,0.9964231105917616,100,0.90000000000000002,15,6,10,0,0.0,7.6979090549252938,8.77538908917934,12.026208378088077,39.434888888888885,2.8480179400000001,18.0,0.0,nan,nan,nan,nan,nan,nan,8,3784,'yes',nan,nan,nan,nan,nan,nan,nan,nan,nan,0.3,'yes',0.04,8,0.0001
41,'fluid',0.0,0.0,0.0,0.0,200,7,2,5,40000,0.8,0.0008,0.02,3,0.9936187518154826,100,1.0,30,5,10,0,0.0,17.395431117104277,23.731520303876451,21.672488710914209,22.207199999999997,2.5128478000000003,14.0,0.0,nan,nan,nan,nan,nan,nan,38,3831,'yes',nan,nan,nan,nan,nan,nan,nan,nan,nan,0.1,'yes',0.06,2,0.0001
42,'fluid',30.449999999999999,2.6291757421650588,2.0409259275505889,2.0528931149144229,600,2,6,10,10000,0.4,0.00016,0.1,2,0.9910351029765753,100,0.10000000000000001,30,6,10,5010,0.005,8.3464888786489855,74.738214285714278,102.5130182042865,2.2140555555555554,2.6905428499999999,18.0,21.18,0.40609899999999999,0.2027353603379069,0.23061443247450319,0.86189468457733964,991.38,1.3605267076881113,7,478,'yes',0.004796557588603906,0.0092890432378640482,0.004796557588603912,0.29916619077476292,0.00043752555503009168,0.65536602363555163,0.51700568207713571,0.48931032667719632,0.066420744297097073,0.1,'yes',0.08,2,0.0001
43,'fluid',0.0,0.0,0.0,0.0,1000,5,1,5,40000,0.6,0.00024,0.04,3,0.9982703401106742,100,0.0001,10,5,10,0,0.0,nan,nan,nan,0.17119999999999996,1.5927531200000002,5.5700000000000003,0.0,nan,nan,nan,nan,nan,nan,0,11,'yes',nan,nan,nan,nan,nan,nan,nan,nan,nan,0.2,'yes',0.06,7,0.0001
44,'fluid',82.549999999999997,6.1291841247759633,6.8273128827087657,4.4392170497338403,400,6,9,1,80000,0.8,0.0016,0.4,4,0.9948373032952935,100,1.0,10,5,10,14273,0.005,6.0702175096883604,9.4844912706680802,111.18748343751973,26.529199999999996,2.4139154700000005,16.0,10.880000000000001,0.12170500000000002,0.079098043184939973,0.90159296284778367,0.15141401718755362,12318.049999999999,2.7174487079098708,16,1657,'yes',0.032167938500619657,0.05861013489191555,0.032167938500619671,0.67661725417859431,0.0010593799109836772,0.77086624860257913,0.60499113893397738,0.14622570751853967,0.36102812426309688,0.1,'yes',0.06,0,0.0001
45,'fluid',0.0,0.0,0.0,0.0,400,6,1,7,40000,0.4,8e-05,0.5,4,0.9900924449175078,100,0.80000000000000004,10,8,10,0,0.0,6.7440331037188797,7.4920921450544302,14.104852475006091,15.540500000000002,2.3311624800000006,14.0,0.0,nan,nan,nan,nan,nan,nan,8,1301,'yes',nan,nan,nan,nan,nan,nan,nan,nan,nan,0.05,'yes',0.01,7,0.0001
46,'fluid',8.2300000000000004,0.39392246362801958,0.40075985040846462,0.65515054285463403,400,6,1,6,20000,0.4,0.00032,0.02,2,0.9942552426438338,100,0.089999999999999997,40,7,10,2534,0.0001,11.54641495936367,56.677192982456155,97.047747798903075,1.3722499999999997,2.2431736199999999,13.0,11.9,0.18730900000000006,0.1618484840940429,0.69035284341218484,0.48370862633592898,1669.8299999999999,2.6935362534846452,13,506,'yes',0.0055447444356890776,0.010631328908137241,0.0055447444356890811,0.30505719435342998,0.00056344074617074695,0.55010275878396464,0.39219245424971894,0.53086486729276938,0.012809900673076833,0.5,'yes',0.1,1,0.0001
47,'fluid',12.9,1.7116712164985812,1.8243471071421273,1.4047031991624948,800,4,2,2,80000,0.4,0.00016,0.02,1,0.9906492157014114,100,0.80000000000000004,50,5,10,65,0.005,19.591584282071025,28.069829699321048,40.257522285039677,36.621960000000001,2.0200699600000003,8.0,9.4900000000000002,0.39808100000000013,0.41670809100311795,0.4810924905734052,0.67762097432205837,106.22,1.7438676180970893,20,8351,'yes',0.022796018807187155,0.042890022435476981,0.022796018807187169,0.26196715348445332,0.00045960375685592797,0.56281499456908601,0.57875208543974099,0.5054725539342908,0.010834587016736287,0.5,'yes',0.02,7,0.0001
48,'fluid',52.75,3.9194037040910472,3.7252281615686682,3.8603971455729833,200,8,9,4,100000,0.4,0.00016,0.4,4,0.9987455476450986,100,0.5,10,7,10,2712,0.0,6.4705090579109275,9.2499049970872562,70.502201058352568,5.2614285714285698,2.9538649700000001,21.0,4.7999999999999998,0.24979099999999999,0.086818966747330431,0.97307636123731878,0.028493260180179635,2857.1799999999998,1.3112154059011556,2,412,'yes',0.0065408206509623137,0.011985293045899107,0.0065408206509623172,0.3057729031952604,0.00061076475950121818,0.55962638382126118,0.4993730787098577,0.73326911549967766,0.38160731151228822,0.4,'yes',0.04,2,0.0001
49,'fluid',-0.01,-0.00035254954569594721,-0.00013312630807617984,-0.00036506597918092355,400,6,8,9,10000,0.9,9e-05,0.5,3,0.996189690620523,100,0.01,40,8,10,0,0.0,36.022243589743596,nan,54.500542251567438,1.0901875000000001,3.09841269,23.0,0.31932773109243695,1.0,1.0,0.94736842105263153,0.0,1.0,0.0,4,459,'yes',0.0,0.0,0.0,0.1484639207552986,0.00047039504792369168,0.64810235313859088,0.47538720218579028,0.39781273102578846,0.095936411994083939,0.2,'yes',0.08,4,0.0001
50,'fluid',6.4000000000000004,0.7235522925501453,1.2421240819890671,1.0187248070431878,800,9,2,8,10000,0.8,0.00047999999999999996,0.06,3,0.9936439626112157,100,0.10000000000000001,40,5,10,4496,0.01,4.3319387518999859,131.32692307692307,94.280876686134562,0.77945000000000009,2.7499819200000002,18.84,25.93,0.34820300000000004,0.16626847189131241,0.20136543710539989,0.88697944238920456,989.14999999999998,1.7410828360810167,19,266,'yes',0.003972931796362396,0.0077693650096483761,0.0039729317963624004,0.54110995698040398,0.00073579647700029911,0.48116232183725016,0.56381520051608436,0.50203502537834377,0.021450382393900815,0.1,'yes',0.08,1,0.0001
51,'fluid',0.0,0.0,0.0,0.0,200,8,6,9,10000,0.9,0.00054,0.01,4,0.9931835110127762,100,0.0001,20,8,10,0,0.0,nan,nan,nan,0.017874999999999995,0.95361926000000008,2.6699999999999999,0.0,nan,nan,nan,nan,nan,nan,0,4,'yes',nan,nan,nan,nan,nan,nan,nan,nan,nan,0.3,'yes',0.06,10,0.0001
52,'fluid',0.0,0.0,0.0,0.0,200,3,3,5,10000,0.2,0.0004,0.08,4,0.9956936452302625,100,0.0074999999999999997,10,7,10,0,0.0001,95.166053639822422,164.0,104.45871559633029,2.7794285714285722,2.3265153799999996,11.0,0.0,nan,nan,nan,nan,nan,nan,4,225,'yes',nan,nan,nan,nan,nan,nan,nan,nan,nan,0.05,'yes',0.02,3,0.0001
53,'fluid',2.6499999999999999,0.47098252028310439,0.64473995068100065,0.21075312566026411,800,8,6,8,100000,0.6,0.00035999999999999997,0.06,1,0.9952024311086104,100,0.059999999999999998,20,7,10,2009,0.0005,7.2619919021005321,60.841095238095242,100.3379235503436,2.2752857142857144,3.0514760400000007,22.0,16.609999999999999,0.40025599999999995,0.17550362611915787,0.28415490655694792,0.8451419247455948,941.52999999999997,1.9092881295524524,9,454,'yes',0.0026562265613363075,0.0051583787382173734,0.0026562265613363097,0.43315456225550247,0.00061772479122067746,0.47317136528903264,0.5362715348062812,0.59268120359640608,0.041936364172335427,0.5,'yes',0.01,0,0.0001
54,'fluid',-0.14999999999999999,-0.004186286187760342,-0.0022901093358785722,-0.0032309286872493881,200,7,6,8,20000,0.05,0.0001,0.01,3,0.994336161148479,100,0.01,30,6,10,0,0.001,74.069809523809496,nan,55.913290838714659,0.96611111111111081,2.9673337700000006,21.0,1.0609756097560976,0.87036406249999998,0.82446309502823745,0.99090674950049951,0.07753974079117687,6.578125,0.0,6,231,'yes',0.0052910052910052898,0.0079365079365079361,0.0052910052910052916,0.052886783699793438,0.00011822455888122751,0.42682592400553293,0.54054608102669954,0.54230082985222294,0.0035174309497212545,0.4,'yes',0.01,8,0.0001
55,'fluid',20.670000000000002,1.1279738688843843,1.1697771129521635,0.94983847952551914,400,10,5,9,40000,0.9,9e-05,0.08,3,0.991649100365547,100,0.10000000000000001,50,8,10,5462,0.01,9.6729863522518329,nan,111.88322472513632,0.68897499999999989,3.0690260000000005,24.0,27.84,0.21068799999999996,0.1424812331885926,0.30429284493391079,0.82431914421021379,1580.6099999999999,2.8857719626863858,18,368,'yes',0.0029586656817873814,0.0057514333528202195,0.0029586656817873857,0.59782766064845083,0.0003450772213473962,0.50832266254505498,0.44063786476071259,0.55746243816473884,0.041930665910673424,0.05,'yes',0.04,7,0.0001
56,'fluid',4.5899999999999999,0.47904245629643777,0.41380285963972185,0.62494080188959489,800,5,10,10,10000,0.05,1e-05,0.2,3,0.9988610078125147,100,0.80000000000000004,15,10,10,470,0.001,9.9403679495068964,11.473633065997143,21.96991726501863,24.085866666666664,3.1670024100000003,25.0,1.48,0.82001000000000002,0.72862414343708826,0.96013040467426847,0.024027666371886292,174.34999999999999,0.10575684344262708,10,3830,'yes',0.012794612794612793,0.020202020202020204,0.012794612794612794,0.084251813204255746,0.00027877985630556427,0.57986100549328634,0.53216112147037609,0.63576522982029582,0.16091696717681855,0.3,'yes',0.1,2,0.0001
57,'fluid',10.42,0.82811384439837876,0.5920518666975606,0.8490303445159495,200,10,5,1,80000,0.2,0.00011999999999999999,0.1,3,0.992709262527396,100,0.089999999999999997,30,8,10,1479,0.001,22.057989851709436,82.520833333333329,80.421216410797854,1.230375,2.3720156100000001,16.0,13.68,0.41715799999999992,0.34061595865697364,0.32413429474721639,0.80257316141009638,337.45999999999998,1.6139271087761062,12,269,'yes',0.0023199933947004188,0.0044901917063939764,0.0023199933947004197,0.1511765784513486,0.0005137674985951111,0.58974237616546854,0.54095671551994107,0.66432093963113847,0.058775688130795666,0.2,'yes',0.02,1,0.0001
58,'fluid',12.039999999999999,0.59309870038152324,0.66452797780078698,0.50661976860098645,400,6,7,8,40000,0.2,0.00011999999999999999,0.5,4,0.9986474041950595,100,0.080000000000000002,30,10,10,2536,0.0,14.444183844524922,126.0,95.120151829511286,1.0776999999999999,3.0080349799999997,21.0,16.09,0.30655599999999994,0.21754866773369916,0.33294058493060225,0.78942125460945045,672.24000000000001,1.7700044728370359,17,392,'yes',0.0033015439768400582,0.0064041699840086197,0.0033015439768400603,0.17200397991540886,0.00034966681734354104,0.51957064927203012,0.56238376934442957,0.4984781720967173,0.32323668585400439,0.1,'yes',0.04,7,0.0001
59,'fluid',0.11,0.0032609943796810701,0.0058879299598566213,0.0064625335256532556,400,1,7,4,20000,0.2,0.0002,0.3,2,0.9902067962490452,100,0.59999999999999998,10,10,10,2,0.0005,7.5519175877043692,7.8435801212695493,15.184850858031819,9.3447999999999993,2.1983986200000003,12.0,0.66187050359712229,0.98477692307692311,0.98726593871780133,0.94453601953601951,0.080821850107564389,2.1282051282051282,0.0,6,798,'yes',0.094017094017094002,0.10256410256410256,0.09401709401709403,0.14752412596089839,0.00064605754740997923,0.50938553323296121,0.53062086731009883,0.57833833254066225,0.18977849675703817,0.2,'yes',0.01,6,0.0001
60,'fluid',0.0,0.0,0.0,0.0,200,1,4,10,10000,0.8,0.00032,0.5,4,0.9974792372599761,100,0.01,30,6,10,0,0.0005,64.126656565656575,nan,54.601626016260191,0.91249999999999998,2.2756300000000005,15.0,0.0,nan,nan,nan,nan,nan,nan,3,213,'yes',nan,nan,nan,nan,nan,nan,nan,nan,nan,0.3,'yes',0.02,4,0.0001
61,'fluid',-0.93000000000000005,0.080023227662433388,-0.044607950047403901,0.14677179297728457,800,10,8,8,100000,0.05,4e-05,0.06,4,0.9901332240315001,100,0.059999999999999998,10,8,10,2711,0.0001,21.082830582846359,51.061666666666682,143.9504314895886,8.2313749999999999,3.2263251999999998,26.0,7.1699999999999999,0.3958259999999999,0.30464473355681304,0.53107598121612343,0.63991454334427122,1661.1900000000001,1.4688894563100388,4,910,'yes',0.00204457851516675,0.0038279621612954955,0.00204457851516675,0.073971047361384698,0.00044764994740927321,0.50332171353060418,0.45608778892764618,0.54850759106752289,0.051591261412307292,0.5,'yes',0.04,4,0.0001
62,'fluid',0.0,0.0,0.0,0.0,200,2,10,9,10000,0.1,5.9999999999999995e-05,0.1,3,0.9930278371313997,100,0.0050000000000000001,20,10,10,0,0.0,49.0,nan,46.277777777777764,0.43955000000000005,2.59657581,19.879999999999999,0.0,nan,nan,nan,nan,nan,nan,1,117,'yes',nan,nan,nan,nan,nan,nan,nan,nan,nan,0.3,'yes',0.04,6,0.0001
63,'fluid',0.0,0.0,0.0,0.0,800,8,10,3,100000,0.6,6e-05,0.1,3,0.9925220598675895,100,0.001,40,7,10,0,0.01,nan,nan,53.0,0.27539285714285716,2.6389042000000003,19.300000000000001,0.0,nan,nan,nan,nan,nan,nan,0,95,'yes',nan,nan,nan,nan,nan,nan,nan,nan,nan,0.05,'yes',0.06,0,0.0001
64,'fluid',11.539999999999999,1.2535116306213054,1.5288090322877284,1.0985140983206889,600,7,10,3,10000,0.6,0.00035999999999999997,0.5,1,0.9940901986349199,100,0.070000000000000007,15,8,10,3091,0.01,9.5972989435005704,73.504666666666651,105.96118463288524,2.7777499999999993,2.8595686200000001,20.0,17.690000000000001,0.21656900000000001,0.1301932782238796,0.45924328688441673,0.712583324234076,1325.6400000000001,2.6010043674499501,5,371,'yes',0.0086333953842490704,0.016577262884374246,0.0086333953842490773,0.5101151977698658,0.00057403846331512815,0.54524441962894643,0.5333350752997732,0.67357181479833494,0.22140416330033144,0.2,'yes',0.02,10,0.0001
65,'fluid',1.02,0.002273476626904909,0.18651759186959843,0.053373877626247825,400,1,10,3,40000,0.6,0.0006,0.04,1,0.9925190598760509,100,0.01,15,9,10,316,0.001,66.86554661263726,171.0,135.90127348887879,1.8522962962962963,2.2815448699999994,14.0,2.6899999999999999,0.42848000000000008,0.20036408711027462,0.92928888597645343,0.10563899738515285,222.41999999999999,0.48527629803280076,4,280,'yes',0.0060606060606060589,0.010101010101010102,0.0060606060606060589,0.30011311425371134,0.00072857154156032199,0.63308736133011922,0.52100431093138744,0.39608882886033819,0.038357367709053333,0.4,'yes',0.1,9,0.0001
66,'fluid',0.0,0.0,0.0,0.0,800,5,9,5,20000,0.8,0.00016,0.02,2,0.9987839133526258,100,0.59999999999999998,15,5,10,0,0.0001,10.448438600822319,12.413794677876135,17.691165212065528,36.895066666666665,2.9050562600000003,19.0,0.0,nan,nan,nan,nan,nan,nan,6,2766,'yes',nan,nan,nan,nan,nan,nan,nan,nan,nan,0.1,'yes',0.1,0,0.0001
67,'fluid',337.26999999999998,21.132948102336769,13.495783725901196,18.075417539921091,1000,2,7,4,80000,0.05,2e-05,0.5,3,0.9975035834418493,100,0.69999999999999996,40,9,10,76848,0.0005,19.729235383469913,46.437174664709239,220.74529006580829,27.276055555555558,2.4450750699999997,13.0,24.25,0.064896999999999996,0.10232119853055342,0.77180605338327513,0.36190279999031788,53913.5,4.3441244158535337,43,11528,'yes',0.0014596614886823846,0.002859950358852423,0.0014596614886823879,0.065233617848562006,0.00015638956598953586,0.71660302307645107,0.56435612062999507,0.56092536073326282,0.24302553333057095,0.1,'yes',0.01,5,0.0001
68,'fluid',0.0,0.0,0.0,0.0,200,5,8,5,40000,0.05,4e-05,0.04,1,0.9957718375116454,100,0.02,10,9,10,0,0.001,62.295465927359253,115.0,63.12544802867383,3.2682222222222221,2.8374691299999997,18.0,0.0,nan,nan,nan,nan,nan,nan,3,358,'yes',nan,nan,nan,nan,nan,nan,nan,nan,nan,0.1,'yes',0.1,7,0.0001
69,'fluid',13.74,0.97946760393253585,0.80421678185718581,0.71072956966393297,800,10,3,3,80000,0.05,5e-05,0.08,4,0.9971419799897869,100,0.10000000000000001,30,10,10,3181,0.0005,15.527610293328728,77.463999999999999,92.400726658609386,3.0852999999999997,2.5834786699999999,16.0,31.5,0.24135799999999999,0.19610055292966852,0.29541221073808771,0.85234713210946678,910.87,3.1651192653822853,13,1239,'yes',0.0033841704105794521,0.0066403925657980327,0.0033841704105794564,0.083072145993186644,0.00023750764406493322,0.52300952207208729,0.48103086243390369,0.53441098747937421,0.051028154070422146,0.3,'yes',0.08,8,0.0001
70,'fluid',52.590000000000003,6.7498800879717002,9.1164433935310498,6.8740499115728424,1000,6,1,4,40000,0.8,0.0008,0.01,2,0.9921151785197222,100,0.059999999999999998,10,6,10,710,0.0,5.8322462991849919,77.139455782312922,95.486184813974475,9.2153333333333336,2.15262412,11.0,7.0999999999999996,0.37708899999999995,0.19572530001943744,0.68267929231935054,0.39873768103439838,1026.74,1.0707282453863669,5,1008,'yes',0.0089601136499654569,0.015688996749602811,0.0089601136499654586,0.55960479651845974,0.00084697674244206295,0.56316877278181099,0.77075293066987205,0.61263936629911742,0.0032120888443344852,0.3,'yes',0.06,5,0.0001
71,'fluid',-0.01,-0.0056022238333606989,-0.0040475888588591925,-0.0071609666849106954,800,9,10,10,100000,0.4,8e-05,0.08,3,0.99807799927495,100,0.0050000000000000001,50,10,10,0,0.001,31.579999999999998,nan,51.779886754153083,0.77917999999999987,3.3265444399999997,29.0,0.89502762430939231,1.0,1.0,1.0075788751714676,0.0,4.7777777777777777,0.0,0,478,'yes',0.012345679012345678,0.012345679012345678,0.012345679012345678,0.25801265743499874,0.00091318925001880255,0.58183752564601687,0.56856400318079059,0.5412290296287855,0.04778095183907944,0.1,'yes',0.01,8,0.0001
72,'fluid',43.350000000000001,6.114317092555285,7.4630210481078247,7.3301325308946756,1000,8,1,1,10000,0.6,6e-05,0.06,3,0.9981042992476016,100,0.80000000000000004,50,6,10,749,0.01,18.329795838178015,27.717705926744838,43.137829401580163,37.854866666666673,1.7863349799999997,10.0,22.870000000000001,0.29963200000000001,0.35943027196927896,0.29589349434139672,0.83559546424578424,172.84999999999999,2.5614556367685486,24,11644,'yes',0.021420597808888855,0.041203977127311317,0.021420597808888872,0.35084417687617447,0.00047797176365481044,0.54037435997474359,0.7154903363839149,0.68423886452870819,0.033972973991819339,0.05,'yes',0.01,2,0.0001
73,'fluid',-7.6100000000000003,-0.44116018714987687,-0.48099620376220598,-0.5067568459329973,1000,7,7,9,40000,0.6,0.00035999999999999997,0.2,1,0.9934624685878924,100,0.040000000000000001,50,8,10,2158,0.001,16.811827174916552,166.0,108.25612290410311,1.1642250000000001,3.1094975599999999,23.0,16.370000000000001,0.49194100000000007,0.3225840733843453,0.2506923851134209,0.87537411963670864,702.07000000000005,1.8517586623062074,3,691,'yes',0.0006319302506985786,0.0012254901960784316,0.0006319302506985786,0.44087343197082335,0.00071180503001363115,0.56164767817545036,0.53552290366289157,0.50873381428504938,0.10388717371437217,0.2,'yes',0.1,2,0.0001
74,'fluid',111.75,10.957880321713365,10.402467882403124,9.0960495338179204,400,8,3,9,100000,0.8,0.0008,0.5,2,0.9907494737842898,100,0.69999999999999996,10,9,10,7152,0.0005,4.1806217600971731,7.2721150755898352,123.27216528121035,6.6293333333333324,2.8733412399999998,20.0,5.8499999999999996,0.28296399999999999,0.11176190746093216,0.76980054761855332,0.36249978002807837,6386.8100000000004,1.5207709119043868,6,540,'yes',0.0046168187269603894,0.0085417668751002086,0.004616818726960392,0.62849769726468241,0.00092580681066852151,0.50678164405457404,0.60149732663829591,0.42742542136066031,0.46065817266422387,0.2,'yes',0.04,9,0.0001
75,'fluid',21.559999999999999,2.2114377958563423,2.0350684280486542,1.6151454647080228,800,2,7,7,100000,0.4,0.0004,0.01,3,0.9944312043103365,100,0.10000000000000001,30,7,10,3771,0.01,7.7913930437602641,58.558634538152603,100.41981805296182,3.4575238095238099,2.6153265499999998,16.0,18.93,0.24617,0.19816363636628712,0.41233828958922869,0.75556915026782656,1492.3900000000001,2.8261498002184338,14,1094,'yes',0.0060725026388668687,0.01179538016449083,0.0060725026388668774,0.33815491452593671,0.00063154795278753115,0.61325656999522105,0.58013927039095103,0.46355544336972571,0.0056612247401493388,0.3,'yes',0.02,9,0.0001
76,'fluid',1.8799999999999999,0.29864553754861267,0.25237502027242914,0.19516260123069393,600,2,1,10,40000,0.9,9e-05,0.04,2,0.9977124295929208,100,1.0,10,7,10,9,0.01,4.7486919845747346,5.5363770824365748,6.9216987355479844,20.521714285714289,2.1008168700000001,13.0,4.3799999999999999,0.76282099999999997,0.78984552039040457,0.48864816787087612,0.63541758290982886,5.5199999999999996,0.3935040329584063,4,1597,'yes',0.14869548652971112,0.23554994388327721,0.14869548652971115,0.5637408013663463,0.00051847031897007902,0.53509971475012197,0.44715196019652631,0.51527165753231741,0.019184373699971655,0.2,'yes',0.02,3,0.0001
77,'fluid',-0.059999999999999998,-0.014082825280589142,-0.0057921323196174299,-0.016127875574821156,400,2,4,1,10000,0.8,0.00064,0.02,3,0.9925168912043858,100,0.59999999999999998,50,6,10,0,0.0001,22.544720681436193,38.123987765291446,48.464466478933993,15.231499999999999,1.7972215600000001,7.0,0.59154929577464788,1.0,1.0,1.0583333333333333,0.0,3.6190476190476191,0.0,28,4521,'yes',0.024390243902439025,0.024390243902439025,0.024390243902439025,0.20358438053282435,0.00090080079767638577,0.55124061502567512,0.46075519444814766,0.34270084786969096,0.0035636114487756208,0.1,'yes',0.02,8,0.0001
78,'fluid',1.75,0.23021446229630763,0.36411928029791168,0.23787967641432048,600,8,2,6,20000,0.9,0.0009000000000000001,0.5,1,0.9970572461434314,100,0.01,30,10,10,604,0.0005,49.851951071151163,nan,121.28035168611916,1.0006666666666666,2.5780779899999997,16.0,2.0,0.75430300000000006,0.7335770321153211,0.77428051768227402,0.33226139302471663,235.72,0.0,4,318,'yes',0.0,0.0,0.0,0.65754992055260975,0.0009481333160239507,0.50057389503213445,0.59977780858064023,0.51040966576387914,0.2111922814405148,0.5,'yes',0.08,6,0.0001
79,'fluid',0.0,0.0,0.0,0.0,1000,9,1,9,100000,0.6,0.00024,0.04,2,0.9939729309590004,100,0.001,50,8,10,0,0.001,nan,nan,nan,0.19112500000000004,2.3947622800000001,17.879999999999999,0.0,nan,nan,nan,nan,nan,nan,0,93,'yes',nan,nan,nan,nan,nan,nan,nan,nan,nan,0.2,'yes',0.01,8,0.0001
80,'fluid',13.19,1.1640464467634173,1.1404750090394102,1.1138525649934559,800,7,5,2,80000,0.1,0.0001,0.02,1,0.9979324112884979,100,0.089999999999999997,20,7,10,1113,0.0,10.925903573940285,65.049999999999997,92.3805088504011,6.0107142857142852,2.5121955099999997,14.0,18.5,0.38401600000000008,0.19648186497648545,0.3151599229943417,0.81355639200331564,455.85000000000002,1.7229875897553035,9,1526,'yes',0.0075928324996112073,0.014678937378285281,0.0075928324996112151,0.099863059980830643,0.00045747963762644568,0.50561083069973867,0.52478575241133285,0.53986819309727541,0.012479292118700682,0.3,'yes',0.06,0,0.0001
81,'fluid',7.3600000000000003,0.25659478213198872,0.20977117225106626,0.25568924671234172,400,9,7,9,100000,0.1,1e-05,0.06,4,0.9931481081720906,100,0.80000000000000004,30,7,10,185,0.01,18.211962272777257,23.630723459402326,25.714304828566359,17.175666666666665,3.2091480999999997,25.0,15.08,0.52008799999999988,0.53678890829130999,0.23528792311050276,0.86747720102430681,34.18,1.5232657522335906,22,3789,'yes',0.027139296982303565,0.05146069673933451,0.027139296982303565,0.10027691350038978,0.00032684979656833428,0.5201240774098792,0.4984740477924548,0.50146014296306485,0.033533043760191193,0.3,'yes',0.06,7,0.0001
82,'fluid',3.7599999999999998,0.21726019254743814,0.30506018233494392,0.29808161673856315,200,7,5,5,40000,0.9,0.00036,0.3,3,0.9943963116245087,100,0.02,10,6,10,609,0.0,22.773197347221135,141.0,128.33899235907819,1.5683333333333334,2.7003913400000004,16.440000000000001,2.4300000000000002,0.48686000000000001,0.27517731470245727,0.92492203179602783,0.11050275985549687,177.77000000000001,0.30369620790479457,4,61,'yes',0.0020202020202020198,0.0033670033670033673,0.0020202020202020198,0.85019445790156578,0.00073876408687222203,0.42866398566364033,0.63638130670683823,0.41569248823068206,0.061604279717215285,0.3,'yes',0.04,10,0.0001
83,'fluid',1.7,0.11410082161587497,0.11803593459369609,0.31456049453927021,600,4,3,7,10000,0.9,0.0009000000000000001,0.5,4,0.9928382173161726,100,0.059999999999999998,15,10,10,2662,0.005,12.76584828224137,63.956666666666663,104.12821385530897,1.9140666666666666,2.56186596,14.0,13.41,0.35121000000000002,0.17552276681071743,0.32719500060553441,0.78615814828406683,830.22000000000003,1.5106035584071398,6,324,'yes',0.0033752596204703477,0.0065083065083065056,0.0033752596204703511,0.70540234282075831,0.00093078026972998214,0.54924796361275585,0.59979861306232096,0.5443346861697308,0.26306290397811,0.2,'yes',0.08,4,0.0001
84,'fluid',0.050000000000000003,0.0049978213753935526,0.0043096924999351466,-0.0091132055369400802,600,9,10,5,10000,0.1,0.0002,0.4,2,0.9950007675958972,100,0.69999999999999996,30,6,10,11,0.0005,16.690348571115639,20.619005185334334,39.644090597736273,23.030666666666665,3.1293308799999999,24.0,2.7282051282051283,0.87676000000000009,0.83961357392751856,0.6749488237379242,0.39336256191580354,9.2526315789473692,-0.021121630265865159,16,4014,'yes',0.02567260301928637,0.035224586288416071,0.025672603019286373,0.10325010876514287,0.0006466061656120784,0.52840654977905266,0.48120409672888043,0.50317113260745672,0.31782671687734942,0.5,'yes',0.1,8,0.0001
85,'fluid',5.0700000000000003,0.20848303502728868,0.52041854115292452,0.25016314145742941,800,7,2,1,80000,0.05,2e-05,0.06,3,0.9932765970598966,100,0.02,30,5,10,2468,0.001,43.606531587984875,nan,191.55832620737576,2.0289999999999999,2.0111884999999998,10.0,4.0,0.80272999999999983,0.86092274439335992,0.44159734779069743,0.68826091676188472,1017.0,0.70575771703554435,8,309,'yes',0.0,0.0,0.0,0.077595357189912839,0.00020849329001734553,0.51583513027582695,0.71302232958040146,0.74257987896110866,0.042407165456450471,0.3,'yes',0.1,3,0.0001
86,'fluid',80.489999999999995,7.4184975501525834,5.6224576268507738,7.3905465954744702,1000,9,2,8,10000,0.4,0.0004,0.5,2,0.990293425468227,100,0.90000000000000002,15,9,10,53251,0.005,6.0618730343734262,11.888088919984591,163.01301595661121,19.041777777777778,2.7599727299999999,19.0,14.59,0.21055800000000002,0.067886608219337674,0.42697955654484121,0.67135658157879363,22350.540000000001,2.0901366019637755,29,2707,'yes',0.0080552482861726612,0.015444658827011765,0.008055248286172656,0.36056579474848294,0.00052009740632491053,0.48795210653037158,0.51584025694329094,0.4842899501798052,0.43887662858080789,0.3,'yes',0.02,6,0.0001
87,'fluid',2.2999999999999998,0.13145568918640135,0.096727877285477853,0.09763990327958165,200,2,2,5,10000,0.05,4e-05,0.04,4,0.9970256448956019,100,0.20000000000000001,20,8,10,78,0.01,30.652542357090592,60.406122733625097,65.433821493285279,6.9548124999999992,2.10614905,9.0,11.57,0.54151399999999994,0.53887570934695439,0.3141860718088238,0.81828683217615139,38.810000000000002,1.4577613116137211,10,1021,'yes',0.016018980108155615,0.030251566615202976,0.016018980108155625,0.081374775780924238,0.00040898427759989054,0.53257759163992868,0.44369736582809971,0.45904787040672113,0.019624910660325099,0.3,'yes',0.01,8,0.0001
88,'fluid',101.37,5.9535179705483481,5.8476644792026464,6.5553621947707095,400,7,7,8,40000,0.1,5.9999999999999995e-05,0.5,4,0.9932176610252473,100,0.90000000000000002,40,7,10,12487,0.0,16.052136329926167,27.717942647023882,70.013563259256259,16.022499999999994,3.0870402800000005,22.0,7.75,0.19514900000000002,0.11680788803485451,0.8360657463003569,0.24708669263233776,7283.3999999999996,2.0052723380357946,41,4941,'yes',0.0061723028823567096,0.011636894168088465,0.006172302882356713,0.099967762397339704,0.00042477800301130486,0.44957856917828182,0.46063203277543935,0.69485932171072762,0.41816772045526274,0.3,'yes',0.08,0,0.0001
89,'fluid',0.0,0.0,0.0,0.0,1000,6,3,5,100000,0.2,2e-05,0.1,2,0.9936160263241307,100,0.00050000000000000001,15,7,10,0,0.005,1.0,nan,nan,0.41342857142857137,2.4712967300000006,13.460000000000001,0.0,nan,nan,nan,nan,nan,nan,0,55,'yes',nan,nan,nan,nan,nan,nan,nan,nan,nan,0.5,'yes',0.06,0,0.0001
90,'fluid',4.3200000000000003,0.23445564185168111,-0.040051786898432057,-0.0092334546330644692,600,5,2,1,20000,0.9,0.00054,0.5,3,0.9958039105632753,100,0.050000000000000003,15,8,10,3073,0.01,9.6651594552264388,103.84126984126983,145.08947209187858,1.9425833333333333,1.84679934,8.0,15.630000000000001,0.22659600000000002,0.13678836161813759,0.42961145016574426,0.70550373857025506,1352.6700000000001,2.0652227874873836,8,329,'yes',0.0042467899241955976,0.0082204770156266566,0.0042467899241955985,0.77230020388541587,0.00067980112256051648,0.51086546041170644,0.69766549409266754,0.62214528307985273,0.22213251982340224,0.2,'yes',0.01,2,0.0001
91,'fluid',35.82,1.3747961424654318,1.6396901979854974,1.3701598633440732,1000,9,10,1,80000,0.2,4e-05,0.4,2,0.9904828812931089,100,0.050000000000000003,20,8,10,8261,0.01,22.659926467847967,91.78749999999998,138.5502884585382,6.0471250000000012,2.6253163399999999,20.0,12.039999999999999,0.17735900000000002,0.12476463850375639,0.66334329503033507,0.51821598764991972,4342.2200000000003,2.8390712979788923,16,1104,'yes',0.0021322960453395248,0.0040910268182995447,0.0021322960453395248,0.166558959238291,0.00017443452025143495,0.51902161190819052,0.54978622703747793,0.82624948936622333,0.30640520668884985,0.4,'yes',0.06,3,0.0001
92,'fluid',-0.17000000000000001,-0.012250694950661183,-0.0039244604810368296,-0.012116143056838374,600,9,9,4,20000,0.05,2.9999999999999997e-05,0.06,1,0.9913256167492105,100,0.0074999999999999997,10,7,10,0,0.005,49.651782232129193,nan,58.481491036220426,4.8118571428571437,2.9895677300000005,22.0,0.67549668874172186,1.0,1.0,1.0488404305650709,0.0,6.3137254901960782,0.0,0,428,'yes',0.0,0.0,0.0,0.08653440489134949,8.5740778439011306e-05,0.44322780715308618,0.65644302915729191,0.47927971668253005,0.025791992799731489,0.5,'yes',0.1,6,0.0001
93,'fluid',113.75,10.722654858039284,10.811006209383159,10.737590212146657,400,9,9,9,100000,0.6,0.0012,0.08,4,0.9920221174817802,100,0.80000000000000004,50,9,10,2184,0.0,12.711934447569643,37.148693076928502,73.039757432328202,9.613844444444446,3.2932058,27.0,20.460000000000001,0.40225199999999994,0.23148422116857911,0.22460592185450093,0.87349827550247194,1253.21,1.7993577397637583,53,6379,'yes',0.003499731338560642,0.0068060314969812441,0.0034997313385606455,0.46445764933855571,0.0010756180961394347,0.517119397887018,0.52579987281160678,0.52597392617511907,0.040214179399706416,0.1,'yes',0.08,2,0.0001
94,'fluid',3.0099999999999998,0.2341740421130668,0.17520130315851301,0.26189744529994241,600,2,5,3,80000,0.2,0.00016,0.3,1,0.9973141632333047,100,0.40000000000000002,30,8,10,64,0.001,21.813953906774373,33.101363636699304,65.163369922395589,17.112124999999999,2.2288558500000004,10.0,3.2599999999999998,0.72479999999999989,0.63761566887042687,0.6414293256958884,0.47330825468162652,37.640000000000001,0.21023842916075974,20,4108,'yes',0.020939554272887604,0.033164983164983161,0.020939554272887607,0.14104263391101621,0.00048170006288272415,0.63632219307165638,0.59003816018153454,0.69557811806106296,0.16526955965969325,0.05,'yes',0.04,0,0.0001
95,'fluid',-0.13,-0.0087768306284726066,-0.0076081527102859568,-0.0045254353802821508,400,1,10,8,100000,0.05,5e-06,0.06,3,0.9951010600623772,100,0.69999999999999996,40,10,10,0,0.0,24.993510422193513,32.494833129651177,37.933274614836797,11.020825000000002,2.5657998600000003,19.0,1.1016949152542372,0.87277222222222217,0.84247627619625631,0.5883738971533865,0.5847930251939969,11.888888888888889,0.18508531220143468,29,4542,'yes',0.046311858076563954,0.075490196078431368,0.046311858076563961,0.090672981035931313,0.00041284178577801378,0.66219488821886885,0.62692283989956321,0.4660522336929277,0.013011993621662932,0.4,'yes',0.1,6,0.0001
96,'fluid',28.399999999999999,2.5290415852783372,2.4036594669871731,1.8203639343674189,800,6,9,4,10000,0.6,0.00048,0.4,1,0.9909894440734464,100,0.10000000000000001,15,5,10,4695,0.005,7.6671371348538733,61.837974469974469,97.574764675706589,4.9382666666666664,2.8732990800000007,19.0,26.23,0.28153499999999998,0.19861780497380319,0.29613586579436851,0.85863144621461762,1437.8599999999999,3.0562175636022189,14,358,'yes',0.0024773923701113441,0.004861801099551602,0.0024773923701113519,0.44328733326670777,0.00064246644427381138,0.51072219740212543,0.5388691116704547,0.47045130545241909,0.18090675001283629,0.4,'yes',0.04,9,0.0001
97,'fluid',5.9699999999999998,0.21750627268390588,0.27334087415832176,0.38317992770436449,400,2,3,4,80000,0.1,5.9999999999999995e-05,0.08,4,0.9943478081059848,100,0.02,40,10,10,847,0.005,66.04639831131918,nan,94.632775004639882,0.89897500000000008,2.1545807199999998,9.0,7.5899999999999999,0.39350400000000008,0.24453084929640717,0.46682050364774974,0.64620995051029073,257.07999999999998,1.1122419260745504,8,388,'yes',0.0040049819461584158,0.0073753407086740441,0.0040049819461584158,0.099839918142393624,0.00024780617706124738,0.56470185169464115,0.49876736362812901,0.60054618043871877,0.055480525570747022,0.4,'yes',0.02,2,0.0001
98,'fluid',7.1600000000000001,0.5412558577312726,0.71694835340080343,0.56747907569681244,600,6,4,9,80000,0.4,0.0004,0.08,1,0.9938593308117281,100,0.059999999999999998,40,6,10,2294,0.001,12.901415906343413,nan,110.76154966666896,1.5198333333333331,2.85870815,19.0,13.0,0.34573099999999996,0.18648637919955477,0.35307971679531697,0.76831935639579085,692.96000000000004,1.501810074601845,14,422,'yes',0.0034988000654979363,0.0067286850932127221,0.0034988000654979389,0.35886910956861473,0.00073502492275927961,0.5632967587213441,0.47077109098896519,0.56367675906312353,0.053381515941314232,0.5,'yes',0.1,2,0.0001
99,'fluid',9.6799999999999997,1.3043108632699483,1.2383865559671352,1.2349556944874056,1000,1,3,9,20000,0.2,2e-05,0.04,2,0.9903344585761238,100,0.10000000000000001,15,6,10,804,0.005,20.3242028010308,50.453318903318902,103.58792891503248,30.745444444444441,2.1972525799999998,13.0,2.9399999999999999,0.7623589999999999,0.68538580441097752,0.66037988519881563,0.40159705226866804,145.97999999999999,0.20341748349196404,4,3036,'yes',0.010321216381822439,0.017352092352092355,0.010321216381822445,0.19062177601010241,0.0005249547639882172,0.6761416664413783,0.57212086901012937,0.52627455910446352,0.0097958478627191096,0.1,'yes',0.1,9,0.0001
100,'fluid',0.070000000000000007,0.0013118473328631646,0.0042269327238930697,0.00030225244367807673,200,7,4,8,80000,0.1,1e-05,0.06,2,0.9924998494448778,100,0.80000000000000004,40,5,10,7,0.0005,18.377712895116975,23.600156752134399,31.349824252115251,9.2392000000000003,2.8972447299999993,19.0,0.58730158730158732,0.97193846153846153,0.97770122464214337,0.88584879173114472,0.19558155051783485,5.0,0.0,17,1802,'yes',0.093333333333333324,0.10000000000000001,0.093333333333333338,0.098268390880754078,0.00054607346331879251,0.45593415446808527,0.50333368943600421,0.48021066338572599,0.042573316795461121,0.1,'yes',0.06,7,0.0001
1, 'fluid', 0.0, 0.0, 0.0, 0.0, 200, 4, 4, 10, 100000, 0.4, 0.00032, 0.02, 3, 0.9945790581717933, 100, 9.9999999999999995e-08, 160, 10, 10, 0, 0.001, nan, nan, nan, 0.0, 0.0, 0.0, 0.0, nan, nan, nan, nan, nan, nan, 0, 0, 'yes', nan, nan, nan, nan, nan, nan, nan, nan, nan, 0.4, 'yes', 0.04, 5, 0.0001
2, 'fluid', 0.0, 0.0, 0.0, 0.0, 800, 2, 9, 2, 20000, 0.9, 0.00054, 0.08, 3, 0.9908521566447152, 100, 9.9999999999999995e-08, 40, 5, 10, 0, 0.005, nan, nan, nan, 0.0, 0.0, 0.0, 0.0, nan, nan, nan, nan, nan, nan, 0, 0, 'yes', nan, nan, nan, nan, nan, nan, nan, nan, nan, 0.5, 'yes', 0.04, 0, 0.0001
3, 'fluid', 0.0, 0.0, 0.0, 0.0, 400, 7, 3, 8, 10000, 0.1, 0.0002, 0.02, 1, 0.9937513344375098, 100, 9.9999999999999995e-08, 80, 10, 10, 0, 0.001, nan, nan, nan, 0.0, 0.0, 0.0, 0.0, nan, nan, nan, nan, nan, nan, 0, 0, 'yes', nan, nan, nan, nan, nan, nan, nan, nan, nan, 0.3, 'yes', 0.02, 9, 0.0001
