0 , 2 , 
1 , 2 , 
2 , 2 , 
3 , 2 , 
4 , 2 , 
5 , 2 , 
6 , 2 , 
7 , 2 , 
8 , 2 , 
9 , 2 , 
10 , 2 , 
11 , 2 , 
12 , 2 , 
13 , 2 , 
14 , 2 , 
15 , 2 , 
16 , 2 , 
17 , 2 , 
18 , 2 , 
19 , 3 , 
20 , 3 , 
21 , 3 , 
22 , 3 , 
23 , 3 , 
24 , 3 , 
25 , 3 , 
26 , 3 , 
27 , 3 , 
28 , 3 , 
29 , 3 , 
30 , 3 , 
31 , 3 , 
32 , 3 , 
33 , 3 , 
34 , 3 , 
35 , 3 , 
36 , 3 , 
37 , 3 , 
38 , 4 , 
39 , 4 , 
40 , 4 , 
41 , 4 , 
42 , 4 , 
43 , 4 , 
44 , 4 , 
45 , 4 , 
46 , 4 , 
47 , 4 , 
48 , 4 , 
49 , 4 , 
50 , 4 , 
51 , 4 , 
52 , 4 , 
53 , 4 , 
54 , 4 , 
55 , 4 , 
56 , 4 , 
57 , 5 , 
58 , 5 , 
59 , 5 , 
60 , 5 , 
61 , 5 , 
62 , 5 , 
63 , 5 , 
64 , 5 , 
65 , 5 , 
66 , 5 , 
67 , 5 , 
68 , 5 , 
69 , 5 , 
70 , 5 , 
71 , 5 , 
72 , 5 , 
73 , 5 , 
74 , 5 , 
75 , 5 , 
76 , 6 , 
77 , 6 , 
78 , 6 , 
79 , 6 , 
80 , 6 , 
81 , 6 , 
82 , 6 , 
83 , 6 , 
84 , 6 , 
85 , 6 , 
86 , 6 , 
87 , 6 , 
88 , 6 , 
89 , 6 , 
90 , 6 , 
91 , 6 , 
92 , 6 , 
93 , 6 , 
94 , 6 , 
95 , 7 , 
96 , 7 , 
97 , 7 , 
98 , 7 , 
99 , 7 , 
100 , 7 , 
101 , 7 , 
102 , 7 , 
103 , 7 , 
104 , 7 , 
105 , 7 , 
106 , 7 , 
107 , 7 , 
108 , 7 , 
109 , 7 , 
110 , 7 , 
111 , 7 , 
112 , 7 , 
113 , 7 , 
114 , 8 , 
115 , 8 , 
116 , 8 , 
117 , 8 , 
118 , 8 , 
119 , 8 , 
120 , 8 , 
121 , 8 , 
122 , 8 , 
123 , 8 , 
124 , 8 , 
125 , 8 , 
126 , 8 , 
127 , 8 , 
128 , 8 , 
129 , 8 , 
130 , 8 , 
131 , 8 , 
132 , 8 , 
133 , 9 , 
134 , 9 , 
135 , 9 , 
136 , 9 , 
137 , 9 , 
138 , 9 , 
139 , 9 , 
140 , 9 , 
141 , 9 , 
142 , 9 , 
143 , 9 , 
144 , 9 , 
145 , 9 , 
146 , 9 , 
147 , 9 , 
148 , 9 , 
149 , 9 , 
150 , 9 , 
151 , 9 , 
152 , 10 , 
153 , 10 , 
154 , 10 , 
155 , 10 , 
156 , 10 , 
157 , 10 , 
158 , 10 , 
159 , 10 , 
160 , 10 , 
161 , 10 , 
162 , 10 , 
163 , 10 , 
164 , 10 , 
165 , 10 , 
166 , 10 , 
167 , 10 , 
168 , 10 , 
169 , 10 , 
170 , 10 , 
171 , 11 , 
172 , 11 , 
173 , 11 , 
174 , 11 , 
175 , 11 , 
176 , 11 , 
177 , 11 , 
178 , 11 , 
179 , 11 , 
180 , 11 , 
181 , 11 , 
182 , 11 , 
183 , 11 , 
184 , 11 , 
185 , 11 , 
186 , 11 , 
187 , 11 , 
188 , 11 , 
189 , 11 , 
190 , 12 , 
191 , 12 , 
192 , 12 , 
193 , 12 , 
194 , 12 , 
195 , 12 , 
196 , 12 , 
197 , 12 , 
198 , 12 , 
199 , 12 , 
200 , 12 , 
201 , 12 , 
202 , 12 , 
203 , 12 , 
204 , 12 , 
205 , 12 , 
206 , 12 , 
207 , 12 , 
208 , 12 , 
209 , 13 , 
210 , 13 , 
211 , 13 , 
212 , 13 , 
213 , 13 , 
214 , 13 , 
215 , 13 , 
216 , 13 , 
217 , 13 , 
218 , 13 , 
219 , 13 , 
220 , 13 , 
221 , 13 , 
222 , 13 , 
223 , 13 , 
224 , 13 , 
225 , 13 , 
226 , 13 , 
227 , 13 , 
228 , 14 , 
229 , 14 , 
230 , 14 , 
231 , 14 , 
232 , 14 , 
233 , 14 , 
234 , 14 , 
235 , 14 , 
236 , 14 , 
237 , 14 , 
238 , 14 , 
239 , 14 , 
240 , 14 , 
241 , 14 , 
242 , 14 , 
243 , 14 , 
244 , 14 , 
245 , 14 , 
246 , 14 , 
247 , 15 , 
248 , 15 , 
249 , 15 , 
250 , 15 , 
251 , 15 , 
252 , 15 , 
253 , 15 , 
254 , 15 , 
255 , 15 , 
256 , 15 , 
257 , 15 , 
258 , 15 , 
259 , 15 , 
260 , 15 , 
261 , 15 , 
262 , 15 , 
263 , 15 , 
264 , 15 , 
265 , 15 , 
266 , 16 , 
267 , 16 , 
268 , 16 , 
269 , 16 , 
270 , 16 , 
271 , 16 , 
272 , 16 , 
273 , 16 , 
274 , 16 , 
275 , 16 , 
276 , 16 , 
277 , 16 , 
278 , 16 , 
279 , 16 , 
280 , 16 , 
281 , 16 , 
282 , 16 , 
283 , 16 , 
284 , 16 , 
285 , 17 , 
286 , 17 , 
287 , 17 , 
288 , 17 , 
289 , 17 , 
290 , 17 , 
291 , 17 , 
292 , 17 , 
293 , 17 , 
294 , 17 , 
295 , 17 , 
296 , 17 , 
297 , 17 , 
298 , 17 , 
299 , 17 , 
300 , 17 , 
301 , 17 , 
302 , 17 , 
303 , 17 , 
304 , 18 , 
305 , 18 , 
306 , 18 , 
307 , 18 , 
308 , 18 , 
309 , 18 , 
310 , 18 , 
311 , 18 , 
312 , 18 , 
313 , 18 , 
314 , 18 , 
315 , 18 , 
316 , 18 , 
317 , 18 , 
318 , 18 , 
319 , 18 , 
320 , 18 , 
321 , 18 , 
322 , 18 , 
323 , 19 , 
324 , 19 , 
325 , 19 , 
326 , 19 , 
327 , 19 , 
328 , 19 , 
329 , 19 , 
330 , 19 , 
331 , 19 , 
332 , 19 , 
333 , 19 , 
334 , 19 , 
335 , 19 , 
336 , 19 , 
337 , 19 , 
338 , 19 , 
339 , 19 , 
340 , 19 , 
341 , 19 , 
342 , 20 , 
343 , 20 , 
344 , 20 , 
345 , 20 , 
346 , 20 , 
347 , 20 , 
348 , 20 , 
349 , 20 , 
350 , 20 , 
351 , 20 , 
352 , 20 , 
353 , 20 , 
354 , 20 , 
355 , 20 , 
356 , 20 , 
357 , 20 , 
358 , 20 , 
359 , 20 , 
360 , 20 , 
361 , 21 , 
362 , 21 , 
363 , 21 , 
364 , 21 , 
365 , 21 , 
366 , 21 , 
367 , 21 , 
368 , 21 , 
369 , 21 , 
370 , 21 , 
371 , 21 , 
372 , 21 , 
373 , 21 , 
374 , 21 , 
375 , 21 , 
376 , 21 , 
377 , 21 , 
378 , 21 , 
379 , 21 , 
380 , 22 , 
381 , 22 , 
382 , 22 , 
383 , 22 , 
384 , 22 , 
385 , 22 , 
386 , 22 , 
387 , 22 , 
388 , 22 , 
389 , 22 , 
390 , 22 , 
391 , 22 , 
392 , 22 , 
393 , 22 , 
394 , 22 , 
395 , 22 , 
396 , 22 , 
397 , 22 , 
398 , 22 , 
399 , 23 , 
400 , 23 , 
401 , 23 , 
402 , 23 , 
403 , 23 , 
404 , 23 , 
405 , 23 , 
406 , 23 , 
407 , 23 , 
408 , 23 , 
409 , 23 , 
410 , 23 , 
411 , 23 , 
412 , 23 , 
413 , 23 , 
414 , 23 , 
415 , 23 , 
416 , 23 , 
417 , 23 , 
418 , 24 , 
419 , 24 , 
420 , 24 , 
421 , 24 , 
422 , 24 , 
423 , 24 , 
424 , 24 , 
425 , 24 , 
426 , 24 , 
427 , 24 , 
428 , 24 , 
429 , 24 , 
430 , 24 , 
431 , 24 , 
432 , 24 , 
433 , 24 , 
434 , 24 , 
435 , 24 , 
436 , 24 , 
437 , 25 , 
438 , 25 , 
439 , 25 , 
440 , 25 , 
441 , 25 , 
442 , 25 , 
443 , 25 , 
444 , 25 , 
445 , 25 , 
446 , 25 , 
447 , 25 , 
448 , 25 , 
449 , 25 , 
450 , 25 , 
451 , 25 , 
452 , 25 , 
453 , 25 , 
454 , 25 , 
455 , 25 , 
456 , 26 , 
457 , 26 , 
458 , 26 , 
459 , 26 , 
460 , 26 , 
461 , 26 , 
462 , 26 , 
463 , 26 , 
464 , 26 , 
465 , 26 , 
466 , 26 , 
467 , 26 , 
468 , 26 , 
469 , 26 , 
470 , 26 , 
471 , 26 , 
472 , 26 , 
473 , 26 , 
474 , 26 , 
475 , 27 , 
476 , 27 , 
477 , 27 , 
478 , 27 , 
479 , 27 , 
480 , 27 , 
481 , 27 , 
482 , 27 , 
483 , 27 , 
484 , 27 , 
485 , 27 , 
486 , 27 , 
487 , 27 , 
488 , 27 , 
489 , 27 , 
490 , 27 , 
491 , 27 , 
492 , 27 , 
493 , 27 , 
494 , 28 , 
495 , 28 , 
496 , 28 , 
497 , 28 , 
498 , 28 , 
499 , 28 , 
500 , 28 , 
501 , 28 , 
502 , 28 , 
503 , 28 , 
504 , 28 , 
505 , 28 , 
506 , 28 , 
507 , 28 , 
508 , 28 , 
509 , 28 , 
510 , 28 , 
511 , 28 , 
512 , 28 , 
513 , 29 , 
514 , 29 , 
515 , 29 , 
516 , 29 , 
517 , 29 , 
518 , 29 , 
519 , 29 , 
520 , 29 , 
521 , 29 , 
522 , 29 , 
523 , 29 , 
524 , 29 , 
525 , 29 , 
526 , 29 , 
527 , 29 , 
528 , 29 , 
529 , 29 , 
530 , 29 , 
531 , 29 , 
532 , 30 , 
533 , 30 , 
534 , 30 , 
535 , 30 , 
536 , 30 , 
537 , 30 , 
538 , 30 , 
539 , 30 , 
540 , 30 , 
541 , 30 , 
542 , 30 , 
543 , 30 , 
544 , 30 , 
545 , 30 , 
546 , 30 , 
547 , 30 , 
548 , 30 , 
549 , 30 , 
550 , 30 , 
551 , 31 , 
552 , 31 , 
553 , 31 , 
554 , 31 , 
555 , 31 , 
556 , 31 , 
557 , 31 , 
558 , 31 , 
559 , 31 , 
560 , 31 , 
561 , 31 , 
562 , 31 , 
563 , 31 , 
564 , 31 , 
565 , 31 , 
566 , 31 , 
567 , 31 , 
568 , 31 , 
569 , 31 , 
570 , 32 , 
571 , 32 , 
572 , 32 , 
573 , 32 , 
574 , 32 , 
575 , 32 , 
576 , 32 , 
577 , 32 , 
578 , 32 , 
579 , 32 , 
580 , 32 , 
581 , 32 , 
582 , 32 , 
583 , 32 , 
584 , 32 , 
585 , 32 , 
586 , 32 , 
587 , 32 , 
588 , 32 , 
589 , 33 , 
590 , 33 , 
591 , 33 , 
592 , 33 , 
593 , 33 , 
594 , 33 , 
595 , 33 , 
596 , 33 , 
597 , 33 , 
598 , 33 , 
599 , 33 , 
600 , 33 , 
601 , 33 , 
602 , 33 , 
603 , 33 , 
604 , 33 , 
605 , 33 , 
606 , 33 , 
607 , 33 , 
608 , 34 , 
609 , 34 , 
610 , 34 , 
611 , 34 , 
612 , 34 , 
613 , 34 , 
614 , 34 , 
615 , 34 , 
616 , 34 , 
617 , 34 , 
618 , 34 , 
619 , 34 , 
620 , 34 , 
621 , 34 , 
622 , 34 , 
623 , 34 , 
624 , 34 , 
625 , 34 , 
626 , 34 , 
627 , 35 , 
628 , 35 , 
629 , 35 , 
630 , 35 , 
631 , 35 , 
632 , 35 , 
633 , 35 , 
634 , 35 , 
635 , 35 , 
636 , 35 , 
637 , 35 , 
638 , 35 , 
639 , 35 , 
640 , 35 , 
641 , 35 , 
642 , 35 , 
643 , 35 , 
644 , 35 , 
645 , 35 , 
646 , 36 , 
647 , 36 , 
648 , 36 , 
649 , 36 , 
650 , 36 , 
651 , 36 , 
652 , 36 , 
653 , 36 , 
654 , 36 , 
655 , 36 , 
656 , 36 , 
657 , 36 , 
658 , 36 , 
659 , 36 , 
660 , 36 , 
661 , 36 , 
662 , 36 , 
663 , 36 , 
664 , 36 , 
665 , 37 , 
666 , 37 , 
667 , 37 , 
668 , 37 , 
669 , 37 , 
670 , 37 , 
671 , 37 , 
672 , 37 , 
673 , 37 , 
674 , 37 , 
675 , 37 , 
676 , 37 , 
677 , 37 , 
678 , 37 , 
679 , 37 , 
680 , 37 , 
681 , 37 , 
682 , 37 , 
683 , 37 , 
684 , 38 , 
685 , 38 , 
686 , 38 , 
687 , 38 , 
688 , 38 , 
689 , 38 , 
690 , 38 , 
691 , 38 , 
692 , 38 , 
693 , 38 , 
694 , 38 , 
695 , 38 , 
696 , 38 , 
697 , 38 , 
698 , 38 , 
699 , 38 , 
700 , 38 , 
701 , 38 , 
702 , 38 , 
703 , 39 , 
704 , 39 , 
705 , 39 , 
706 , 39 , 
707 , 39 , 
708 , 39 , 
709 , 39 , 
710 , 39 , 
711 , 39 , 
712 , 39 , 
713 , 39 , 
714 , 39 , 
715 , 39 , 
716 , 39 , 
717 , 39 , 
718 , 39 , 
719 , 39 , 
720 , 39 , 
721 , 39 , 
722 , 40 , 
723 , 40 , 
724 , 40 , 
725 , 40 , 
726 , 40 , 
727 , 40 , 
728 , 40 , 
729 , 40 , 
730 , 40 , 
731 , 40 , 
732 , 40 , 
733 , 40 , 
734 , 40 , 
735 , 40 , 
736 , 40 , 
737 , 40 , 
738 , 40 , 
739 , 40 , 
740 , 40 , 
741 , 41 , 
742 , 41 , 
743 , 41 , 
744 , 41 , 
745 , 41 , 
746 , 41 , 
747 , 41 , 
748 , 41 , 
749 , 41 , 
750 , 41 , 
751 , 41 , 
752 , 41 , 
753 , 41 , 
754 , 41 , 
755 , 41 , 
756 , 41 , 
757 , 41 , 
758 , 41 , 
759 , 41 , 
760 , 42 , 
761 , 42 , 
762 , 42 , 
763 , 42 , 
764 , 42 , 
765 , 42 , 
766 , 42 , 
767 , 42 , 
768 , 42 , 
769 , 42 , 
770 , 42 , 
771 , 42 , 
772 , 42 , 
773 , 42 , 
774 , 42 , 
775 , 42 , 
776 , 42 , 
777 , 42 , 
778 , 42 , 
779 , 43 , 
780 , 43 , 
781 , 43 , 
782 , 43 , 
783 , 43 , 
784 , 43 , 
785 , 43 , 
786 , 43 , 
787 , 43 , 
788 , 43 , 
789 , 43 , 
790 , 43 , 
791 , 43 , 
792 , 43 , 
793 , 43 , 
794 , 43 , 
795 , 43 , 
796 , 43 , 
797 , 43 , 
798 , 44 , 
799 , 44 , 
800 , 44 , 
801 , 44 , 
802 , 44 , 
803 , 44 , 
804 , 44 , 
805 , 44 , 
806 , 44 , 
807 , 44 , 
808 , 44 , 
809 , 44 , 
810 , 44 , 
811 , 44 , 
812 , 44 , 
813 , 44 , 
814 , 44 , 
815 , 44 , 
816 , 44 , 
817 , 45 , 
818 , 45 , 
819 , 45 , 
820 , 45 , 
821 , 45 , 
822 , 45 , 
823 , 45 , 
824 , 45 , 
825 , 45 , 
826 , 45 , 
827 , 45 , 
828 , 45 , 
829 , 45 , 
830 , 45 , 
831 , 45 , 
832 , 45 , 
833 , 45 , 
834 , 45 , 
835 , 45 , 
836 , 46 , 
837 , 46 , 
838 , 46 , 
839 , 46 , 
840 , 46 , 
841 , 46 , 
842 , 46 , 
843 , 46 , 
844 , 46 , 
845 , 46 , 
846 , 46 , 
847 , 46 , 
848 , 46 , 
849 , 46 , 
850 , 46 , 
851 , 46 , 
852 , 46 , 
853 , 46 , 
854 , 46 , 
855 , 47 , 
856 , 47 , 
857 , 47 , 
858 , 47 , 
859 , 47 , 
860 , 47 , 
861 , 47 , 
862 , 47 , 
863 , 47 , 
864 , 47 , 
865 , 47 , 
866 , 47 , 
867 , 47 , 
868 , 47 , 
869 , 47 , 
870 , 47 , 
871 , 47 , 
872 , 47 , 
873 , 47 , 
874 , 48 , 
875 , 48 , 
876 , 48 , 
877 , 48 , 
878 , 48 , 
879 , 48 , 
880 , 48 , 
881 , 48 , 
882 , 48 , 
883 , 48 , 
884 , 48 , 
885 , 48 , 
886 , 48 , 
887 , 48 , 
888 , 48 , 
889 , 48 , 
890 , 48 , 
891 , 48 , 
892 , 48 , 
893 , 49 , 
894 , 49 , 
895 , 49 , 
896 , 49 , 
897 , 49 , 
898 , 49 , 
899 , 49 , 
900 , 49 , 
901 , 49 , 
902 , 49 , 
903 , 49 , 
904 , 49 , 
905 , 49 , 
906 , 49 , 
907 , 49 , 
908 , 49 , 
909 , 49 , 
910 , 49 , 
911 , 49 , 
912 , 50 , 
913 , 50 , 
914 , 50 , 
915 , 50 , 
916 , 50 , 
917 , 50 , 
918 , 50 , 
919 , 50 , 
920 , 50 , 
921 , 50 , 
922 , 50 , 
923 , 50 , 
924 , 50 , 
925 , 50 , 
926 , 50 , 
927 , 50 , 
928 , 50 , 
929 , 50 , 
930 , 50 , 
931 , 51 , 
932 , 51 , 
933 , 51 , 
934 , 51 , 
935 , 51 , 
936 , 51 , 
937 , 51 , 
938 , 51 , 
939 , 51 , 
940 , 51 , 
941 , 51 , 
942 , 51 , 
943 , 51 , 
944 , 51 , 
945 , 51 , 
946 , 51 , 
947 , 51 , 
948 , 51 , 
949 , 51 , 
950 , 52 , 
951 , 52 , 
952 , 52 , 
953 , 52 , 
954 , 52 , 
955 , 52 , 
956 , 52 , 
957 , 52 , 
958 , 52 , 
959 , 52 , 
960 , 52 , 
961 , 52 , 
962 , 52 , 
963 , 52 , 
964 , 52 , 
965 , 52 , 
966 , 52 , 
967 , 52 , 
968 , 52 , 
969 , 53 , 
970 , 53 , 
971 , 53 , 
972 , 53 , 
973 , 53 , 
974 , 53 , 
975 , 53 , 
976 , 53 , 
977 , 53 , 
978 , 53 , 
979 , 53 , 
980 , 53 , 
981 , 53 , 
982 , 53 , 
983 , 53 , 
984 , 53 , 
985 , 53 , 
986 , 53 , 
987 , 53 , 
988 , 54 , 
989 , 54 , 
990 , 54 , 
991 , 54 , 
992 , 54 , 
993 , 54 , 
994 , 54 , 
995 , 54 , 
996 , 54 , 
997 , 54 , 
998 , 54 , 
999 , 54 , 
1000 , 54 , 
1001 , 54 , 
1002 , 54 , 
1003 , 54 , 
1004 , 54 , 
1005 , 54 , 
1006 , 54 , 
1007 , 55 , 
1008 , 55 , 
1009 , 55 , 
1010 , 55 , 
1011 , 55 , 
1012 , 55 , 
1013 , 55 , 
1014 , 55 , 
1015 , 55 , 
1016 , 55 , 
1017 , 55 , 
1018 , 55 , 
1019 , 55 , 
1020 , 55 , 
1021 , 55 , 
1022 , 55 , 
1023 , 55 , 
1024 , 55 , 
1025 , 55 , 
1026 , 56 , 
1027 , 56 , 
1028 , 56 , 
1029 , 56 , 
1030 , 56 , 
1031 , 56 , 
1032 , 56 , 
1033 , 56 , 
1034 , 56 , 
1035 , 56 , 
1036 , 56 , 
1037 , 56 , 
1038 , 56 , 
1039 , 56 , 
1040 , 56 , 
1041 , 56 , 
1042 , 56 , 
1043 , 56 , 
1044 , 56 , 
1045 , 57 , 
1046 , 57 , 
1047 , 57 , 
1048 , 57 , 
1049 , 57 , 
1050 , 57 , 
1051 , 57 , 
1052 , 57 , 
1053 , 57 , 
1054 , 57 , 
1055 , 57 , 
1056 , 57 , 
1057 , 57 , 
1058 , 57 , 
1059 , 57 , 
1060 , 57 , 
1061 , 57 , 
1062 , 57 , 
1063 , 57 , 
1064 , 58 , 
1065 , 58 , 
1066 , 58 , 
1067 , 58 , 
1068 , 58 , 
1069 , 58 , 
1070 , 58 , 
1071 , 58 , 
1072 , 58 , 
1073 , 58 , 
1074 , 58 , 
1075 , 58 , 
1076 , 58 , 
1077 , 58 , 
1078 , 58 , 
1079 , 58 , 
1080 , 58 , 
1081 , 58 , 
1082 , 58 , 
1083 , 59 , 
1084 , 59 , 
1085 , 59 , 
1086 , 59 , 
1087 , 59 , 
1088 , 59 , 
1089 , 59 , 
1090 , 59 , 
1091 , 59 , 
1092 , 59 , 
1093 , 59 , 
1094 , 59 , 
1095 , 59 , 
1096 , 59 , 
1097 , 59 , 
1098 , 59 , 
1099 , 59 , 
1100 , 59 , 
1101 , 59 , 
1102 , 60 , 
1103 , 60 , 
1104 , 60 , 
1105 , 60 , 
1106 , 60 , 
1107 , 60 , 
1108 , 60 , 
1109 , 60 , 
1110 , 60 , 
1111 , 60 , 
1112 , 60 , 
1113 , 60 , 
1114 , 60 , 
1115 , 60 , 
1116 , 60 , 
1117 , 60 , 
1118 , 60 , 
1119 , 60 , 
1120 , 60 , 
1121 , 61 , 
1122 , 61 , 
1123 , 61 , 
1124 , 61 , 
1125 , 61 , 
1126 , 61 , 
1127 , 61 , 
1128 , 61 , 
1129 , 61 , 
1130 , 61 , 
1131 , 61 , 
1132 , 61 , 
1133 , 61 , 
1134 , 61 , 
1135 , 61 , 
1136 , 61 , 
1137 , 61 , 
1138 , 61 , 
1139 , 61 , 
1140 , 62 , 
1141 , 62 , 
1142 , 62 , 
1143 , 62 , 
1144 , 62 , 
1145 , 62 , 
1146 , 62 , 
1147 , 62 , 
1148 , 62 , 
1149 , 62 , 
1150 , 62 , 
1151 , 62 , 
1152 , 62 , 
1153 , 62 , 
1154 , 62 , 
1155 , 62 , 
1156 , 62 , 
1157 , 62 , 
1158 , 62 , 
1159 , 63 , 
1160 , 63 , 
1161 , 63 , 
1162 , 63 , 
1163 , 63 , 
1164 , 63 , 
1165 , 63 , 
1166 , 63 , 
1167 , 63 , 
1168 , 63 , 
1169 , 63 , 
1170 , 63 , 
1171 , 63 , 
1172 , 63 , 
1173 , 63 , 
1174 , 63 , 
1175 , 63 , 
1176 , 63 , 
1177 , 63 , 
1178 , 64 , 
1179 , 64 , 
1180 , 64 , 
1181 , 64 , 
1182 , 64 , 
1183 , 64 , 
1184 , 64 , 
1185 , 64 , 
1186 , 64 , 
1187 , 64 , 
1188 , 64 , 
1189 , 64 , 
1190 , 64 , 
1191 , 64 , 
1192 , 64 , 
1193 , 64 , 
1194 , 64 , 
1195 , 64 , 
1196 , 64 , 
1197 , 65 , 
1198 , 65 , 
1199 , 65 , 
1200 , 65 , 
1201 , 65 , 
1202 , 65 , 
1203 , 65 , 
1204 , 65 , 
1205 , 65 , 
1206 , 65 , 
1207 , 65 , 
1208 , 65 , 
1209 , 65 , 
1210 , 65 , 
1211 , 65 , 
1212 , 65 , 
1213 , 65 , 
1214 , 65 , 
1215 , 65 , 
1216 , 66 , 
1217 , 66 , 
1218 , 66 , 
1219 , 66 , 
1220 , 66 , 
1221 , 66 , 
1222 , 66 , 
1223 , 66 , 
1224 , 66 , 
1225 , 66 , 
1226 , 66 , 
1227 , 66 , 
1228 , 66 , 
1229 , 66 , 
1230 , 66 , 
1231 , 66 , 
1232 , 66 , 
1233 , 66 , 
1234 , 66 , 
1235 , 67 , 
1236 , 67 , 
1237 , 67 , 
1238 , 67 , 
1239 , 67 , 
1240 , 67 , 
1241 , 67 , 
1242 , 67 , 
1243 , 67 , 
1244 , 67 , 
1245 , 67 , 
1246 , 67 , 
1247 , 67 , 
1248 , 67 , 
1249 , 67 , 
1250 , 67 , 
1251 , 67 , 
1252 , 67 , 
1253 , 67 , 
1254 , 68 , 
1255 , 68 , 
1256 , 68 , 
1257 , 68 , 
1258 , 68 , 
1259 , 68 , 
1260 , 68 , 
1261 , 68 , 
1262 , 68 , 
1263 , 68 , 
1264 , 68 , 
1265 , 68 , 
1266 , 68 , 
1267 , 68 , 
1268 , 68 , 
1269 , 68 , 
1270 , 68 , 
1271 , 68 , 
1272 , 68 , 
1273 , 69 , 
1274 , 69 , 
1275 , 69 , 
1276 , 69 , 
1277 , 69 , 
1278 , 69 , 
1279 , 69 , 
1280 , 69 , 
1281 , 69 , 
1282 , 69 , 
1283 , 69 , 
1284 , 69 , 
1285 , 69 , 
1286 , 69 , 
1287 , 69 , 
1288 , 69 , 
1289 , 69 , 
1290 , 69 , 
1291 , 69 , 
1292 , 70 , 
1293 , 70 , 
1294 , 70 , 
1295 , 70 , 
1296 , 70 , 
1297 , 70 , 
1298 , 70 , 
1299 , 70 , 
1300 , 70 , 
1301 , 70 , 
1302 , 70 , 
1303 , 70 , 
1304 , 70 , 
1305 , 70 , 
1306 , 70 , 
1307 , 70 , 
1308 , 70 , 
1309 , 70 , 
1310 , 70 , 
1311 , 71 , 
1312 , 71 , 
1313 , 71 , 
1314 , 71 , 
1315 , 71 , 
1316 , 71 , 
1317 , 71 , 
1318 , 71 , 
1319 , 71 , 
1320 , 71 , 
1321 , 71 , 
1322 , 71 , 
1323 , 71 , 
1324 , 71 , 
1325 , 71 , 
1326 , 71 , 
1327 , 71 , 
1328 , 71 , 
1329 , 71 , 
1330 , 72 , 
1331 , 72 , 
1332 , 72 , 
1333 , 72 , 
1334 , 72 , 
1335 , 72 , 
1336 , 72 , 
1337 , 72 , 
1338 , 72 , 
1339 , 72 , 
1340 , 72 , 
1341 , 72 , 
1342 , 72 , 
1343 , 72 , 
1344 , 72 , 
1345 , 72 , 
1346 , 72 , 
1347 , 72 , 
1348 , 72 , 
1349 , 73 , 
1350 , 73 , 
1351 , 73 , 
1352 , 73 , 
1353 , 73 , 
1354 , 73 , 
1355 , 73 , 
1356 , 73 , 
1357 , 73 , 
1358 , 73 , 
1359 , 73 , 
1360 , 73 , 
1361 , 73 , 
1362 , 73 , 
1363 , 73 , 
1364 , 73 , 
1365 , 73 , 
1366 , 73 , 
1367 , 73 , 
1368 , 74 , 
1369 , 74 , 
1370 , 74 , 
1371 , 74 , 
1372 , 74 , 
1373 , 74 , 
1374 , 74 , 
1375 , 74 , 
1376 , 74 , 
1377 , 74 , 
1378 , 74 , 
1379 , 74 , 
1380 , 74 , 
1381 , 74 , 
1382 , 74 , 
1383 , 74 , 
1384 , 74 , 
1385 , 74 , 
1386 , 74 , 
1387 , 75 , 
1388 , 75 , 
1389 , 75 , 
1390 , 75 , 
1391 , 75 , 
1392 , 75 , 
1393 , 75 , 
1394 , 75 , 
1395 , 75 , 
1396 , 75 , 
1397 , 75 , 
1398 , 75 , 
1399 , 75 , 
1400 , 75 , 
1401 , 75 , 
1402 , 75 , 
1403 , 75 , 
1404 , 75 , 
1405 , 75 , 
1406 , 76 , 
1407 , 76 , 
1408 , 76 , 
1409 , 76 , 
1410 , 76 , 
1411 , 76 , 
1412 , 76 , 
1413 , 76 , 
1414 , 76 , 
1415 , 76 , 
1416 , 76 , 
1417 , 76 , 
1418 , 76 , 
1419 , 76 , 
1420 , 76 , 
1421 , 76 , 
1422 , 76 , 
1423 , 76 , 
1424 , 76 , 
1425 , 77 , 
1426 , 77 , 
1427 , 77 , 
1428 , 77 , 
1429 , 77 , 
1430 , 77 , 
1431 , 77 , 
1432 , 77 , 
1433 , 77 , 
1434 , 77 , 
1435 , 77 , 
1436 , 77 , 
1437 , 77 , 
1438 , 77 , 
1439 , 77 , 
1440 , 77 , 
1441 , 77 , 
1442 , 77 , 
1443 , 77 , 
1444 , 78 , 
1445 , 78 , 
1446 , 78 , 
1447 , 78 , 
1448 , 78 , 
1449 , 78 , 
1450 , 78 , 
1451 , 78 , 
1452 , 78 , 
1453 , 78 , 
1454 , 78 , 
1455 , 78 , 
1456 , 78 , 
1457 , 78 , 
1458 , 78 , 
1459 , 78 , 
1460 , 78 , 
1461 , 78 , 
1462 , 78 , 
1463 , 79 , 
1464 , 79 , 
1465 , 79 , 
1466 , 79 , 
1467 , 79 , 
1468 , 79 , 
1469 , 79 , 
1470 , 79 , 
1471 , 79 , 
1472 , 79 , 
1473 , 79 , 
1474 , 79 , 
1475 , 79 , 
1476 , 79 , 
1477 , 79 , 
1478 , 79 , 
1479 , 79 , 
1480 , 79 , 
1481 , 79 , 
1482 , 80 , 
1483 , 80 , 
1484 , 80 , 
1485 , 80 , 
1486 , 80 , 
1487 , 80 , 
1488 , 80 , 
1489 , 80 , 
1490 , 80 , 
1491 , 80 , 
1492 , 80 , 
1493 , 80 , 
1494 , 80 , 
1495 , 80 , 
1496 , 80 , 
1497 , 80 , 
1498 , 80 , 
1499 , 80 , 
1500 , 80 , 
1501 , 81 , 
1502 , 81 , 
1503 , 81 , 
1504 , 81 , 
1505 , 81 , 
1506 , 81 , 
1507 , 81 , 
1508 , 81 , 
1509 , 81 , 
1510 , 81 , 
1511 , 81 , 
1512 , 81 , 
1513 , 81 , 
1514 , 81 , 
1515 , 81 , 
1516 , 81 , 
1517 , 81 , 
1518 , 81 , 
1519 , 81 , 
1520 , 82 , 
1521 , 82 , 
1522 , 82 , 
1523 , 82 , 
1524 , 82 , 
1525 , 82 , 
1526 , 82 , 
1527 , 82 , 
1528 , 82 , 
1529 , 82 , 
1530 , 82 , 
1531 , 82 , 
1532 , 82 , 
1533 , 82 , 
1534 , 82 , 
1535 , 82 , 
1536 , 82 , 
1537 , 82 , 
1538 , 82 , 
1539 , 83 , 
1540 , 83 , 
1541 , 83 , 
1542 , 83 , 
1543 , 83 , 
1544 , 83 , 
1545 , 83 , 
1546 , 83 , 
1547 , 83 , 
1548 , 83 , 
1549 , 83 , 
1550 , 83 , 
1551 , 83 , 
1552 , 83 , 
1553 , 83 , 
1554 , 83 , 
1555 , 83 , 
1556 , 83 , 
1557 , 83 , 
1558 , 84 , 
1559 , 84 , 
1560 , 84 , 
1561 , 84 , 
1562 , 84 , 
1563 , 84 , 
1564 , 84 , 
1565 , 84 , 
1566 , 84 , 
1567 , 84 , 
1568 , 84 , 
1569 , 84 , 
1570 , 84 , 
1571 , 84 , 
1572 , 84 , 
1573 , 84 , 
1574 , 84 , 
1575 , 84 , 
1576 , 84 , 
1577 , 85 , 
1578 , 85 , 
1579 , 85 , 
1580 , 85 , 
1581 , 85 , 
1582 , 85 , 
1583 , 85 , 
1584 , 85 , 
1585 , 85 , 
1586 , 85 , 
1587 , 85 , 
1588 , 85 , 
1589 , 85 , 
1590 , 85 , 
1591 , 85 , 
1592 , 85 , 
1593 , 85 , 
1594 , 85 , 
1595 , 85 , 
1596 , 86 , 
1597 , 86 , 
1598 , 86 , 
1599 , 86 , 
1600 , 86 , 
1601 , 86 , 
1602 , 86 , 
1603 , 86 , 
1604 , 86 , 
1605 , 86 , 
1606 , 86 , 
1607 , 86 , 
1608 , 86 , 
1609 , 86 , 
1610 , 86 , 
1611 , 86 , 
1612 , 86 , 
1613 , 86 , 
1614 , 86 , 
1615 , 87 , 
1616 , 87 , 
1617 , 87 , 
1618 , 87 , 
1619 , 87 , 
1620 , 87 , 
1621 , 87 , 
1622 , 87 , 
1623 , 87 , 
1624 , 87 , 
1625 , 87 , 
1626 , 87 , 
1627 , 87 , 
1628 , 87 , 
1629 , 87 , 
1630 , 87 , 
1631 , 87 , 
1632 , 87 , 
1633 , 87 , 
1634 , 88 , 
1635 , 88 , 
1636 , 88 , 
1637 , 88 , 
1638 , 88 , 
1639 , 88 , 
1640 , 88 , 
1641 , 88 , 
1642 , 88 , 
1643 , 88 , 
1644 , 88 , 
1645 , 88 , 
1646 , 88 , 
1647 , 88 , 
1648 , 88 , 
1649 , 88 , 
1650 , 88 , 
1651 , 88 , 
1652 , 88 , 
1653 , 89 , 
1654 , 89 , 
1655 , 89 , 
1656 , 89 , 
1657 , 89 , 
1658 , 89 , 
1659 , 89 , 
1660 , 89 , 
1661 , 89 , 
1662 , 89 , 
1663 , 89 , 
1664 , 89 , 
1665 , 89 , 
1666 , 89 , 
1667 , 89 , 
1668 , 89 , 
1669 , 89 , 
1670 , 89 , 
1671 , 89 , 
1672 , 90 , 
1673 , 90 , 
1674 , 90 , 
1675 , 90 , 
1676 , 90 , 
1677 , 90 , 
1678 , 90 , 
1679 , 90 , 
1680 , 90 , 
1681 , 90 , 
1682 , 90 , 
1683 , 90 , 
1684 , 90 , 
1685 , 90 , 
1686 , 90 , 
1687 , 90 , 
1688 , 90 , 
1689 , 90 , 
1690 , 90 , 
1691 , 91 , 
1692 , 91 , 
1693 , 91 , 
1694 , 91 , 
1695 , 91 , 
1696 , 91 , 
1697 , 91 , 
1698 , 91 , 
1699 , 91 , 
1700 , 91 , 
1701 , 91 , 
1702 , 91 , 
1703 , 91 , 
1704 , 91 , 
1705 , 91 , 
1706 , 91 , 
1707 , 91 , 
1708 , 91 , 
1709 , 91 , 
1710 , 92 , 
1711 , 92 , 
1712 , 92 , 
1713 , 92 , 
1714 , 92 , 
1715 , 92 , 
1716 , 92 , 
1717 , 92 , 
1718 , 92 , 
1719 , 92 , 
1720 , 92 , 
1721 , 92 , 
1722 , 92 , 
1723 , 92 , 
1724 , 92 , 
1725 , 92 , 
1726 , 92 , 
1727 , 92 , 
1728 , 92 , 
1729 , 93 , 
1730 , 93 , 
1731 , 93 , 
1732 , 93 , 
1733 , 93 , 
1734 , 93 , 
1735 , 93 , 
1736 , 93 , 
1737 , 93 , 
1738 , 93 , 
1739 , 93 , 
1740 , 93 , 
1741 , 93 , 
1742 , 93 , 
1743 , 93 , 
1744 , 93 , 
1745 , 93 , 
1746 , 93 , 
1747 , 93 , 
1748 , 94 , 
1749 , 94 , 
1750 , 94 , 
1751 , 94 , 
1752 , 94 , 
1753 , 94 , 
1754 , 94 , 
1755 , 94 , 
1756 , 94 , 
1757 , 94 , 
1758 , 94 , 
1759 , 94 , 
1760 , 94 , 
1761 , 94 , 
1762 , 94 , 
1763 , 94 , 
1764 , 94 , 
1765 , 94 , 
1766 , 94 , 
1767 , 95 , 
1768 , 95 , 
1769 , 95 , 
1770 , 95 , 
1771 , 95 , 
1772 , 95 , 
1773 , 95 , 
1774 , 95 , 
1775 , 95 , 
1776 , 95 , 
1777 , 95 , 
1778 , 95 , 
1779 , 95 , 
1780 , 95 , 
1781 , 95 , 
1782 , 95 , 
1783 , 95 , 
1784 , 95 , 
1785 , 95 , 
1786 , 96 , 
1787 , 96 , 
1788 , 96 , 
1789 , 96 , 
1790 , 96 , 
1791 , 96 , 
1792 , 96 , 
1793 , 96 , 
1794 , 96 , 
1795 , 96 , 
1796 , 96 , 
1797 , 96 , 
1798 , 96 , 
1799 , 96 , 
1800 , 96 , 
1801 , 96 , 
1802 , 96 , 
1803 , 96 , 
1804 , 96 , 
1805 , 97 , 
1806 , 97 , 
1807 , 97 , 
1808 , 97 , 
1809 , 97 , 
1810 , 97 , 
1811 , 97 , 
1812 , 97 , 
1813 , 97 , 
1814 , 97 , 
1815 , 97 , 
1816 , 97 , 
1817 , 97 , 
1818 , 97 , 
1819 , 97 , 
1820 , 97 , 
1821 , 97 , 
1822 , 97 , 
1823 , 97 , 
1824 , 98 , 
1825 , 98 , 
1826 , 98 , 
1827 , 98 , 
1828 , 98 , 
1829 , 98 , 
1830 , 98 , 
1831 , 98 , 
1832 , 98 , 
1833 , 98 , 
1834 , 98 , 
1835 , 98 , 
1836 , 98 , 
1837 , 98 , 
1838 , 98 , 
1839 , 98 , 
1840 , 98 , 
1841 , 98 , 
1842 , 98 , 
1843 , 99 , 
1844 , 99 , 
1845 , 99 , 
1846 , 99 , 
1847 , 99 , 
1848 , 99 , 
1849 , 99 , 
1850 , 99 , 
1851 , 99 , 
1852 , 99 , 
1853 , 99 , 
1854 , 99 , 
1855 , 99 , 
1856 , 99 , 
1857 , 99 , 
1858 , 99 , 
1859 , 99 , 
1860 , 99 , 
1861 , 99 , 
1862 , 100 , 
1863 , 100 , 
1864 , 100 , 
1865 , 100 , 
1866 , 100 , 
1867 , 100 , 
1868 , 100 , 
1869 , 100 , 
1870 , 100 , 
1871 , 100 , 
1872 , 100 , 
1873 , 100 , 
1874 , 100 , 
1875 , 100 , 
1876 , 100 , 
1877 , 100 , 
1878 , 100 , 
1879 , 100 , 
1880 , 100 , 
1881 , 101 , 
1882 , 101 , 
1883 , 101 , 
1884 , 101 , 
1885 , 101 , 
1886 , 101 , 
1887 , 101 , 
1888 , 101 , 
1889 , 101 , 
1890 , 101 , 
1891 , 101 , 
1892 , 101 , 
1893 , 101 , 
1894 , 101 , 
1895 , 101 , 
1896 , 101 , 
1897 , 101 , 
1898 , 101 , 
1899 , 101 , 
1900 , 102 , 
1901 , 102 , 
1902 , 102 , 
1903 , 102 , 
1904 , 102 , 
1905 , 102 , 
1906 , 102 , 
1907 , 102 , 
1908 , 102 , 
1909 , 102 , 
1910 , 102 , 
1911 , 102 , 
1912 , 102 , 
1913 , 102 , 
1914 , 102 , 
1915 , 102 , 
1916 , 102 , 
1917 , 102 , 
1918 , 102 , 
1919 , 103 , 
1920 , 103 , 
1921 , 103 , 
1922 , 103 , 
1923 , 103 , 
1924 , 103 , 
1925 , 103 , 
1926 , 103 , 
1927 , 103 , 
1928 , 103 , 
1929 , 103 , 
1930 , 103 , 
1931 , 103 , 
1932 , 103 , 
1933 , 103 , 
1934 , 103 , 
1935 , 103 , 
1936 , 103 , 
1937 , 103 , 
1938 , 104 , 
1939 , 104 , 
1940 , 104 , 
1941 , 104 , 
1942 , 104 , 
1943 , 104 , 
1944 , 104 , 
1945 , 104 , 
1946 , 104 , 
1947 , 104 , 
1948 , 104 , 
1949 , 104 , 
1950 , 104 , 
1951 , 104 , 
1952 , 104 , 
1953 , 104 , 
1954 , 104 , 
1955 , 104 , 
1956 , 104 , 
1957 , 105 , 
1958 , 105 , 
1959 , 105 , 
1960 , 105 , 
1961 , 105 , 
1962 , 105 , 
1963 , 105 , 
1964 , 105 , 
1965 , 105 , 
1966 , 105 , 
1967 , 105 , 
1968 , 105 , 
1969 , 105 , 
1970 , 105 , 
1971 , 105 , 
1972 , 105 , 
1973 , 105 , 
1974 , 105 , 
1975 , 105 , 
1976 , 106 , 
1977 , 106 , 
1978 , 106 , 
1979 , 106 , 
1980 , 106 , 
1981 , 106 , 
1982 , 106 , 
1983 , 106 , 
1984 , 106 , 
1985 , 106 , 
1986 , 106 , 
1987 , 106 , 
1988 , 106 , 
1989 , 106 , 
1990 , 106 , 
1991 , 106 , 
1992 , 106 , 
1993 , 106 , 
1994 , 106 , 
1995 , 107 , 
1996 , 107 , 
1997 , 107 , 
1998 , 107 , 
1999 , 107 , 
2000 , 107 , 
2001 , 107 , 
2002 , 107 , 
2003 , 107 , 
2004 , 107 , 
2005 , 107 , 
2006 , 107 , 
2007 , 107 , 
2008 , 107 , 
2009 , 107 , 
2010 , 107 , 
2011 , 107 , 
2012 , 107 , 
2013 , 107 , 
2014 , 108 , 
2015 , 108 , 
2016 , 108 , 
2017 , 108 , 
2018 , 108 , 
2019 , 108 , 
2020 , 108 , 
2021 , 108 , 
2022 , 108 , 
2023 , 108 , 
2024 , 108 , 
2025 , 108 , 
2026 , 108 , 
2027 , 108 , 
2028 , 108 , 
2029 , 108 , 
2030 , 108 , 
2031 , 108 , 
2032 , 108 , 
2033 , 109 , 
2034 , 109 , 
2035 , 109 , 
2036 , 109 , 
2037 , 109 , 
2038 , 109 , 
2039 , 109 , 
2040 , 109 , 
2041 , 109 , 
2042 , 109 , 
2043 , 109 , 
2044 , 109 , 
2045 , 109 , 
2046 , 109 , 
2047 , 109 , 
2048 , 109 , 
2049 , 109 , 
2050 , 109 , 
2051 , 109 , 
2052 , 110 , 
2053 , 110 , 
2054 , 110 , 
2055 , 110 , 
2056 , 110 , 
2057 , 110 , 
2058 , 110 , 
2059 , 110 , 
2060 , 110 , 
2061 , 110 , 
2062 , 110 , 
2063 , 110 , 
2064 , 110 , 
2065 , 110 , 
2066 , 110 , 
2067 , 110 , 
2068 , 110 , 
2069 , 110 , 
2070 , 110 , 
2071 , 111 , 
2072 , 111 , 
2073 , 111 , 
2074 , 111 , 
2075 , 111 , 
2076 , 111 , 
2077 , 111 , 
2078 , 111 , 
2079 , 111 , 
2080 , 111 , 
2081 , 111 , 
2082 , 111 , 
2083 , 111 , 
2084 , 111 , 
2085 , 111 , 
2086 , 111 , 
2087 , 111 , 
2088 , 111 , 
2089 , 111 , 
2090 , 112 , 
2091 , 112 , 
2092 , 112 , 
2093 , 112 , 
2094 , 112 , 
2095 , 112 , 
2096 , 112 , 
2097 , 112 , 
2098 , 112 , 
2099 , 112 , 
2100 , 112 , 
2101 , 112 , 
2102 , 112 , 
2103 , 112 , 
2104 , 112 , 
2105 , 112 , 
2106 , 112 , 
2107 , 112 , 
2108 , 112 , 
2109 , 113 , 
2110 , 113 , 
2111 , 113 , 
2112 , 113 , 
2113 , 113 , 
2114 , 113 , 
2115 , 113 , 
2116 , 113 , 
2117 , 113 , 
2118 , 113 , 
2119 , 113 , 
2120 , 113 , 
2121 , 113 , 
2122 , 113 , 
2123 , 113 , 
2124 , 113 , 
2125 , 113 , 
2126 , 113 , 
2127 , 113 , 
2128 , 114 , 
2129 , 114 , 
2130 , 114 , 
2131 , 114 , 
2132 , 114 , 
2133 , 114 , 
2134 , 114 , 
2135 , 114 , 
2136 , 114 , 
2137 , 114 , 
2138 , 114 , 
2139 , 114 , 
2140 , 114 , 
2141 , 114 , 
2142 , 114 , 
2143 , 114 , 
2144 , 114 , 
2145 , 114 , 
2146 , 114 , 
2147 , 115 , 
2148 , 115 , 
2149 , 115 , 
2150 , 115 , 
2151 , 115 , 
2152 , 115 , 
2153 , 115 , 
2154 , 115 , 
2155 , 115 , 
2156 , 115 , 
2157 , 115 , 
2158 , 115 , 
2159 , 115 , 
2160 , 115 , 
2161 , 115 , 
2162 , 115 , 
2163 , 115 , 
2164 , 115 , 
2165 , 115 , 
2166 , 116 , 
2167 , 116 , 
2168 , 116 , 
2169 , 116 , 
2170 , 116 , 
2171 , 116 , 
2172 , 116 , 
2173 , 116 , 
2174 , 116 , 
2175 , 116 , 
2176 , 116 , 
2177 , 116 , 
2178 , 116 , 
2179 , 116 , 
2180 , 116 , 
2181 , 116 , 
2182 , 116 , 
2183 , 116 , 
2184 , 116 , 
2185 , 117 , 
2186 , 117 , 
2187 , 117 , 
2188 , 117 , 
2189 , 117 , 
2190 , 117 , 
2191 , 117 , 
2192 , 117 , 
2193 , 117 , 
2194 , 117 , 
2195 , 117 , 
2196 , 117 , 
2197 , 117 , 
2198 , 117 , 
2199 , 117 , 
2200 , 117 , 
2201 , 117 , 
2202 , 117 , 
2203 , 117 , 
2204 , 118 , 
2205 , 118 , 
2206 , 118 , 
2207 , 118 , 
2208 , 118 , 
2209 , 118 , 
2210 , 118 , 
2211 , 118 , 
2212 , 118 , 
2213 , 118 , 
2214 , 118 , 
2215 , 118 , 
2216 , 118 , 
2217 , 118 , 
2218 , 118 , 
2219 , 118 , 
2220 , 118 , 
2221 , 118 , 
2222 , 118 , 
2223 , 119 , 
2224 , 119 , 
2225 , 119 , 
2226 , 119 , 
2227 , 119 , 
2228 , 119 , 
2229 , 119 , 
2230 , 119 , 
2231 , 119 , 
2232 , 119 , 
2233 , 119 , 
2234 , 119 , 
2235 , 119 , 
2236 , 119 , 
2237 , 119 , 
2238 , 119 , 
2239 , 119 , 
2240 , 119 , 
2241 , 119 , 
2242 , 120 , 
2243 , 120 , 
2244 , 120 , 
2245 , 120 , 
2246 , 120 , 
2247 , 120 , 
2248 , 120 , 
2249 , 120 , 
2250 , 120 , 
2251 , 120 , 
2252 , 120 , 
2253 , 120 , 
2254 , 120 , 
2255 , 120 , 
2256 , 120 , 
2257 , 120 , 
2258 , 120 , 
2259 , 120 , 
2260 , 120 , 
2261 , 121 , 
2262 , 121 , 
2263 , 121 , 
2264 , 121 , 
2265 , 121 , 
2266 , 121 , 
2267 , 121 , 
2268 , 121 , 
2269 , 121 , 
2270 , 121 , 
2271 , 121 , 
2272 , 121 , 
2273 , 121 , 
2274 , 121 , 
2275 , 121 , 
2276 , 121 , 
2277 , 121 , 
2278 , 121 , 
2279 , 121 , 
2280 , 122 , 
2281 , 122 , 
2282 , 122 , 
2283 , 122 , 
2284 , 122 , 
2285 , 122 , 
2286 , 122 , 
2287 , 122 , 
2288 , 122 , 
2289 , 122 , 
2290 , 122 , 
2291 , 122 , 
2292 , 122 , 
2293 , 122 , 
2294 , 122 , 
2295 , 122 , 
2296 , 122 , 
2297 , 122 , 
2298 , 122 , 
2299 , 123 , 
2300 , 123 , 
2301 , 123 , 
2302 , 123 , 
2303 , 123 , 
2304 , 123 , 
2305 , 123 , 
2306 , 123 , 
2307 , 123 , 
2308 , 123 , 
2309 , 123 , 
2310 , 123 , 
2311 , 123 , 
2312 , 123 , 
2313 , 123 , 
2314 , 123 , 
2315 , 123 , 
2316 , 123 , 
2317 , 123 , 
2318 , 124 , 
2319 , 124 , 
2320 , 124 , 
2321 , 124 , 
2322 , 124 , 
2323 , 124 , 
2324 , 124 , 
2325 , 124 , 
2326 , 124 , 
2327 , 124 , 
2328 , 124 , 
2329 , 124 , 
2330 , 124 , 
2331 , 124 , 
2332 , 124 , 
2333 , 124 , 
2334 , 124 , 
2335 , 124 , 
2336 , 124 , 
2337 , 125 , 
2338 , 125 , 
2339 , 125 , 
2340 , 125 , 
2341 , 125 , 
2342 , 125 , 
2343 , 125 , 
2344 , 125 , 
2345 , 125 , 
2346 , 125 , 
2347 , 125 , 
2348 , 125 , 
2349 , 125 , 
2350 , 125 , 
2351 , 125 , 
2352 , 125 , 
2353 , 125 , 
2354 , 125 , 
2355 , 125 , 
2356 , 126 , 
2357 , 126 , 
2358 , 126 , 
2359 , 126 , 
2360 , 126 , 
2361 , 126 , 
2362 , 126 , 
2363 , 126 , 
2364 , 126 , 
2365 , 126 , 
2366 , 126 , 
2367 , 126 , 
2368 , 126 , 
2369 , 126 , 
2370 , 126 , 
2371 , 126 , 
2372 , 126 , 
2373 , 126 , 
2374 , 126 , 
2375 , 127 , 
2376 , 127 , 
2377 , 127 , 
2378 , 127 , 
2379 , 127 , 
2380 , 127 , 
2381 , 127 , 
2382 , 127 , 
2383 , 127 , 
2384 , 127 , 
2385 , 127 , 
2386 , 127 , 
2387 , 127 , 
2388 , 127 , 
2389 , 127 , 
2390 , 127 , 
2391 , 127 , 
2392 , 127 , 
2393 , 127 , 
2394 , 128 , 
2395 , 128 , 
2396 , 128 , 
2397 , 128 , 
2398 , 128 , 
2399 , 128 , 
2400 , 128 , 
2401 , 128 , 
2402 , 128 , 
2403 , 128 , 
2404 , 128 , 
2405 , 128 , 
2406 , 128 , 
2407 , 128 , 
2408 , 128 , 
2409 , 128 , 
2410 , 128 , 
2411 , 128 , 
2412 , 128 , 
2413 , 129 , 
2414 , 129 , 
2415 , 129 , 
2416 , 129 , 
2417 , 129 , 
2418 , 129 , 
2419 , 129 , 
2420 , 129 , 
2421 , 129 , 
2422 , 129 , 
2423 , 129 , 
2424 , 129 , 
2425 , 129 , 
2426 , 129 , 
2427 , 129 , 
2428 , 129 , 
2429 , 129 , 
2430 , 129 , 
2431 , 129 , 
2432 , 130 , 
2433 , 130 , 
2434 , 130 , 
2435 , 130 , 
2436 , 130 , 
2437 , 130 , 
2438 , 130 , 
2439 , 130 , 
2440 , 130 , 
2441 , 130 , 
2442 , 130 , 
2443 , 130 , 
2444 , 130 , 
2445 , 130 , 
2446 , 130 , 
2447 , 130 , 
2448 , 130 , 
2449 , 130 , 
2450 , 130 , 
2451 , 131 , 
2452 , 131 , 
2453 , 131 , 
2454 , 131 , 
2455 , 131 , 
2456 , 131 , 
2457 , 131 , 
2458 , 131 , 
2459 , 131 , 
2460 , 131 , 
2461 , 131 , 
2462 , 131 , 
2463 , 131 , 
2464 , 131 , 
2465 , 131 , 
2466 , 131 , 
2467 , 131 , 
2468 , 131 , 
2469 , 131 , 
2470 , 132 , 
2471 , 132 , 
2472 , 132 , 
2473 , 132 , 
2474 , 132 , 
2475 , 132 , 
2476 , 132 , 
2477 , 132 , 
2478 , 132 , 
2479 , 132 , 
2480 , 132 , 
2481 , 132 , 
2482 , 132 , 
2483 , 132 , 
2484 , 132 , 
2485 , 132 , 
2486 , 132 , 
2487 , 132 , 
2488 , 132 , 
2489 , 133 , 
2490 , 133 , 
2491 , 133 , 
2492 , 133 , 
2493 , 133 , 
2494 , 133 , 
2495 , 133 , 
2496 , 133 , 
2497 , 133 , 
2498 , 133 , 
2499 , 133 , 
2500 , 133 , 
2501 , 133 , 
2502 , 133 , 
2503 , 133 , 
2504 , 133 , 
2505 , 133 , 
2506 , 133 , 
2507 , 133 , 
2508 , 134 , 
2509 , 134 , 
2510 , 134 , 
2511 , 134 , 
2512 , 134 , 
2513 , 134 , 
2514 , 134 , 
2515 , 134 , 
2516 , 134 , 
2517 , 134 , 
2518 , 134 , 
2519 , 134 , 
2520 , 134 , 
2521 , 134 , 
2522 , 134 , 
2523 , 134 , 
2524 , 134 , 
2525 , 134 , 
2526 , 134 , 
2527 , 135 , 
2528 , 135 , 
2529 , 135 , 
2530 , 135 , 
2531 , 135 , 
2532 , 135 , 
2533 , 135 , 
2534 , 135 , 
2535 , 135 , 
2536 , 135 , 
2537 , 135 , 
2538 , 135 , 
2539 , 135 , 
2540 , 135 , 
2541 , 135 , 
2542 , 135 , 
2543 , 135 , 
2544 , 135 , 
2545 , 135 , 
2546 , 136 , 
2547 , 136 , 
2548 , 136 , 
2549 , 136 , 
2550 , 136 , 
2551 , 136 , 
2552 , 136 , 
2553 , 136 , 
2554 , 136 , 
2555 , 136 , 
2556 , 136 , 
2557 , 136 , 
2558 , 136 , 
2559 , 136 , 
2560 , 136 , 
2561 , 136 , 
2562 , 136 , 
2563 , 136 , 
2564 , 136 , 
2565 , 137 , 
2566 , 137 , 
2567 , 137 , 
2568 , 137 , 
2569 , 137 , 
2570 , 137 , 
2571 , 137 , 
2572 , 137 , 
2573 , 137 , 
2574 , 137 , 
2575 , 137 , 
2576 , 137 , 
2577 , 137 , 
2578 , 137 , 
2579 , 137 , 
2580 , 137 , 
2581 , 137 , 
2582 , 137 , 
2583 , 137 , 
2584 , 138 , 
2585 , 138 , 
2586 , 138 , 
2587 , 138 , 
2588 , 138 , 
2589 , 138 , 
2590 , 138 , 
2591 , 138 , 
2592 , 138 , 
2593 , 138 , 
2594 , 138 , 
2595 , 138 , 
2596 , 138 , 
2597 , 138 , 
2598 , 138 , 
2599 , 138 , 
2600 , 138 , 
2601 , 138 , 
2602 , 138 , 
2603 , 139 , 
2604 , 139 , 
2605 , 139 , 
2606 , 139 , 
2607 , 139 , 
2608 , 139 , 
2609 , 139 , 
2610 , 139 , 
2611 , 139 , 
2612 , 139 , 
2613 , 139 , 
2614 , 139 , 
2615 , 139 , 
2616 , 139 , 
2617 , 139 , 
2618 , 139 , 
2619 , 139 , 
2620 , 139 , 
2621 , 139 , 
2622 , 140 , 
2623 , 140 , 
2624 , 140 , 
2625 , 140 , 
2626 , 140 , 
2627 , 140 , 
2628 , 140 , 
2629 , 140 , 
2630 , 140 , 
2631 , 140 , 
2632 , 140 , 
2633 , 140 , 
2634 , 140 , 
2635 , 140 , 
2636 , 140 , 
2637 , 140 , 
2638 , 140 , 
2639 , 140 , 
2640 , 140 , 
2641 , 141 , 
2642 , 141 , 
2643 , 141 , 
2644 , 141 , 
2645 , 141 , 
2646 , 141 , 
2647 , 141 , 
2648 , 141 , 
2649 , 141 , 
2650 , 141 , 
2651 , 141 , 
2652 , 141 , 
2653 , 141 , 
2654 , 141 , 
2655 , 141 , 
2656 , 141 , 
2657 , 141 , 
2658 , 141 , 
2659 , 141 , 
2660 , 142 , 
2661 , 142 , 
2662 , 142 , 
2663 , 142 , 
2664 , 142 , 
2665 , 142 , 
2666 , 142 , 
2667 , 142 , 
2668 , 142 , 
2669 , 142 , 
2670 , 142 , 
2671 , 142 , 
2672 , 142 , 
2673 , 142 , 
2674 , 142 , 
2675 , 142 , 
2676 , 142 , 
2677 , 142 , 
2678 , 142 , 
2679 , 143 , 
2680 , 143 , 
2681 , 143 , 
2682 , 143 , 
2683 , 143 , 
2684 , 143 , 
2685 , 143 , 
2686 , 143 , 
2687 , 143 , 
2688 , 143 , 
2689 , 143 , 
2690 , 143 , 
2691 , 143 , 
2692 , 143 , 
2693 , 143 , 
2694 , 143 , 
2695 , 143 , 
2696 , 143 , 
2697 , 143 , 
2698 , 144 , 
2699 , 144 , 
2700 , 144 , 
2701 , 144 , 
2702 , 144 , 
2703 , 144 , 
2704 , 144 , 
2705 , 144 , 
2706 , 144 , 
2707 , 144 , 
2708 , 144 , 
2709 , 144 , 
2710 , 144 , 
2711 , 144 , 
2712 , 144 , 
2713 , 144 , 
2714 , 144 , 
2715 , 144 , 
2716 , 144 , 
2717 , 145 , 
2718 , 145 , 
2719 , 145 , 
2720 , 145 , 
2721 , 145 , 
2722 , 145 , 
2723 , 145 , 
2724 , 145 , 
2725 , 145 , 
2726 , 145 , 
2727 , 145 , 
2728 , 145 , 
2729 , 145 , 
2730 , 145 , 
2731 , 145 , 
2732 , 145 , 
2733 , 145 , 
2734 , 145 , 
2735 , 145 , 
2736 , 146 , 
2737 , 146 , 
2738 , 146 , 
2739 , 146 , 
2740 , 146 , 
2741 , 146 , 
2742 , 146 , 
2743 , 146 , 
2744 , 146 , 
2745 , 146 , 
2746 , 146 , 
2747 , 146 , 
2748 , 146 , 
2749 , 146 , 
2750 , 146 , 
2751 , 146 , 
2752 , 146 , 
2753 , 146 , 
2754 , 146 , 
2755 , 147 , 
2756 , 147 , 
2757 , 147 , 
2758 , 147 , 
2759 , 147 , 
2760 , 147 , 
2761 , 147 , 
2762 , 147 , 
2763 , 147 , 
2764 , 147 , 
2765 , 147 , 
2766 , 147 , 
2767 , 147 , 
2768 , 147 , 
2769 , 147 , 
2770 , 147 , 
2771 , 147 , 
2772 , 147 , 
2773 , 147 , 
2774 , 148 , 
2775 , 148 , 
2776 , 148 , 
2777 , 148 , 
2778 , 148 , 
2779 , 148 , 
2780 , 148 , 
2781 , 148 , 
2782 , 148 , 
2783 , 148 , 
2784 , 148 , 
2785 , 148 , 
2786 , 148 , 
2787 , 148 , 
2788 , 148 , 
2789 , 148 , 
2790 , 148 , 
2791 , 148 , 
2792 , 148 , 
2793 , 149 , 
2794 , 149 , 
2795 , 149 , 
2796 , 149 , 
2797 , 149 , 
2798 , 149 , 
2799 , 149 , 
2800 , 149 , 
2801 , 149 , 
2802 , 149 , 
2803 , 149 , 
2804 , 149 , 
2805 , 149 , 
2806 , 149 , 
2807 , 149 , 
2808 , 149 , 
2809 , 149 , 
2810 , 149 , 
2811 , 149 , 
2812 , 150 , 
2813 , 150 , 
2814 , 150 , 
2815 , 150 , 
2816 , 150 , 
2817 , 150 , 
2818 , 150 , 
2819 , 150 , 
2820 , 150 , 
2821 , 150 , 
2822 , 150 , 
2823 , 150 , 
2824 , 150 , 
2825 , 150 , 
2826 , 150 , 
2827 , 150 , 
2828 , 150 , 
2829 , 150 , 
2830 , 150 , 
2831 , 151 , 
2832 , 151 , 
2833 , 151 , 
2834 , 151 , 
2835 , 151 , 
2836 , 151 , 
2837 , 151 , 
2838 , 151 , 
2839 , 151 , 
2840 , 151 , 
2841 , 151 , 
2842 , 151 , 
2843 , 151 , 
2844 , 151 , 
2845 , 151 , 
2846 , 151 , 
2847 , 151 , 
2848 , 151 , 
2849 , 151 , 
2850 , 152 , 
2851 , 152 , 
2852 , 152 , 
2853 , 152 , 
2854 , 152 , 
2855 , 152 , 
2856 , 152 , 
2857 , 152 , 
2858 , 152 , 
2859 , 152 , 
2860 , 152 , 
2861 , 152 , 
2862 , 152 , 
2863 , 152 , 
2864 , 152 , 
2865 , 152 , 
2866 , 152 , 
2867 , 152 , 
2868 , 152 , 
2869 , 153 , 
2870 , 153 , 
2871 , 153 , 
2872 , 153 , 
2873 , 153 , 
2874 , 153 , 
2875 , 153 , 
2876 , 153 , 
2877 , 153 , 
2878 , 153 , 
2879 , 153 , 
2880 , 153 , 
2881 , 153 , 
2882 , 153 , 
2883 , 153 , 
2884 , 153 , 
2885 , 153 , 
2886 , 153 , 
2887 , 153 , 
2888 , 154 , 
2889 , 154 , 
2890 , 154 , 
2891 , 154 , 
2892 , 154 , 
2893 , 154 , 
2894 , 154 , 
2895 , 154 , 
2896 , 154 , 
2897 , 154 , 
2898 , 154 , 
2899 , 154 , 
2900 , 154 , 
2901 , 154 , 
2902 , 154 , 
2903 , 154 , 
2904 , 154 , 
2905 , 154 , 
2906 , 154 , 
2907 , 155 , 
2908 , 155 , 
2909 , 155 , 
2910 , 155 , 
2911 , 155 , 
2912 , 155 , 
2913 , 155 , 
2914 , 155 , 
2915 , 155 , 
2916 , 155 , 
2917 , 155 , 
2918 , 155 , 
2919 , 155 , 
2920 , 155 , 
2921 , 155 , 
2922 , 155 , 
2923 , 155 , 
2924 , 155 , 
2925 , 155 , 
2926 , 156 , 
2927 , 156 , 
2928 , 156 , 
2929 , 156 , 
2930 , 156 , 
2931 , 156 , 
2932 , 156 , 
2933 , 156 , 
2934 , 156 , 
2935 , 156 , 
2936 , 156 , 
2937 , 156 , 
2938 , 156 , 
2939 , 156 , 
2940 , 156 , 
2941 , 156 , 
2942 , 156 , 
2943 , 156 , 
2944 , 156 , 
2945 , 157 , 
2946 , 157 , 
2947 , 157 , 
2948 , 157 , 
2949 , 157 , 
2950 , 157 , 
2951 , 157 , 
2952 , 157 , 
2953 , 157 , 
2954 , 157 , 
2955 , 157 , 
2956 , 157 , 
2957 , 157 , 
2958 , 157 , 
2959 , 157 , 
2960 , 157 , 
2961 , 157 , 
2962 , 157 , 
2963 , 157 , 
2964 , 158 , 
2965 , 158 , 
2966 , 158 , 
2967 , 158 , 
2968 , 158 , 
2969 , 158 , 
2970 , 158 , 
2971 , 158 , 
2972 , 158 , 
2973 , 158 , 
2974 , 158 , 
2975 , 158 , 
2976 , 158 , 
2977 , 158 , 
2978 , 158 , 
2979 , 158 , 
2980 , 158 , 
2981 , 158 , 
2982 , 158 , 
2983 , 159 , 
2984 , 159 , 
2985 , 159 , 
2986 , 159 , 
2987 , 159 , 
2988 , 159 , 
2989 , 159 , 
2990 , 159 , 
2991 , 159 , 
2992 , 159 , 
2993 , 159 , 
2994 , 159 , 
2995 , 159 , 
2996 , 159 , 
2997 , 159 , 
2998 , 159 , 
2999 , 159 , 
3000 , 159 , 
3001 , 159 , 
3002 , 160 , 
3003 , 160 , 
3004 , 160 , 
3005 , 160 , 
3006 , 160 , 
3007 , 160 , 
3008 , 160 , 
3009 , 160 , 
3010 , 160 , 
3011 , 160 , 
3012 , 160 , 
3013 , 160 , 
3014 , 160 , 
3015 , 160 , 
3016 , 160 , 
3017 , 160 , 
3018 , 160 , 
3019 , 160 , 
3020 , 160 , 
3021 , 161 , 
3022 , 161 , 
3023 , 161 , 
3024 , 161 , 
3025 , 161 , 
3026 , 161 , 
3027 , 161 , 
3028 , 161 , 
3029 , 161 , 
3030 , 161 , 
3031 , 161 , 
3032 , 161 , 
3033 , 161 , 
3034 , 161 , 
3035 , 161 , 
3036 , 161 , 
3037 , 161 , 
3038 , 161 , 
3039 , 161 , 
3040 , 162 , 
3041 , 162 , 
3042 , 162 , 
3043 , 162 , 
3044 , 162 , 
3045 , 162 , 
3046 , 162 , 
3047 , 162 , 
3048 , 162 , 
3049 , 162 , 
3050 , 162 , 
3051 , 162 , 
3052 , 162 , 
3053 , 162 , 
3054 , 162 , 
3055 , 162 , 
3056 , 162 , 
3057 , 162 , 
3058 , 162 , 
3059 , 163 , 
3060 , 163 , 
3061 , 163 , 
3062 , 163 , 
3063 , 163 , 
3064 , 163 , 
3065 , 163 , 
3066 , 163 , 
3067 , 163 , 
3068 , 163 , 
3069 , 163 , 
3070 , 163 , 
3071 , 163 , 
3072 , 163 , 
3073 , 163 , 
3074 , 163 , 
3075 , 163 , 
3076 , 163 , 
3077 , 163 , 
3078 , 164 , 
3079 , 164 , 
3080 , 164 , 
3081 , 164 , 
3082 , 164 , 
3083 , 164 , 
3084 , 164 , 
3085 , 164 , 
3086 , 164 , 
3087 , 164 , 
3088 , 164 , 
3089 , 164 , 
3090 , 164 , 
3091 , 164 , 
3092 , 164 , 
3093 , 164 , 
3094 , 164 , 
3095 , 164 , 
3096 , 164 , 
3097 , 165 , 
3098 , 165 , 
3099 , 165 , 
3100 , 165 , 
3101 , 165 , 
3102 , 165 , 
3103 , 165 , 
3104 , 165 , 
3105 , 165 , 
3106 , 165 , 
3107 , 165 , 
3108 , 165 , 
3109 , 165 , 
3110 , 165 , 
3111 , 165 , 
3112 , 165 , 
3113 , 165 , 
3114 , 165 , 
3115 , 165 , 
3116 , 166 , 
3117 , 166 , 
3118 , 166 , 
3119 , 166 , 
3120 , 166 , 
3121 , 166 , 
3122 , 166 , 
3123 , 166 , 
3124 , 166 , 
3125 , 166 , 
3126 , 166 , 
3127 , 166 , 
3128 , 166 , 
3129 , 166 , 
3130 , 166 , 
3131 , 166 , 
3132 , 166 , 
3133 , 166 , 
3134 , 166 , 
3135 , 167 , 
3136 , 167 , 
3137 , 167 , 
3138 , 167 , 
3139 , 167 , 
3140 , 167 , 
3141 , 167 , 
3142 , 167 , 
3143 , 167 , 
3144 , 167 , 
3145 , 167 , 
3146 , 167 , 
3147 , 167 , 
3148 , 167 , 
3149 , 167 , 
3150 , 167 , 
3151 , 167 , 
3152 , 167 , 
3153 , 167 , 
3154 , 168 , 
3155 , 168 , 
3156 , 168 , 
3157 , 168 , 
3158 , 168 , 
3159 , 168 , 
3160 , 168 , 
3161 , 168 , 
3162 , 168 , 
3163 , 168 , 
3164 , 168 , 
3165 , 168 , 
3166 , 168 , 
3167 , 168 , 
3168 , 168 , 
3169 , 168 , 
3170 , 168 , 
3171 , 168 , 
3172 , 168 , 
3173 , 169 , 
3174 , 169 , 
3175 , 169 , 
3176 , 169 , 
3177 , 169 , 
3178 , 169 , 
3179 , 169 , 
3180 , 169 , 
3181 , 169 , 
3182 , 169 , 
3183 , 169 , 
3184 , 169 , 
3185 , 169 , 
3186 , 169 , 
3187 , 169 , 
3188 , 169 , 
3189 , 169 , 
3190 , 169 , 
3191 , 169 , 
3192 , 170 , 
3193 , 170 , 
3194 , 170 , 
3195 , 170 , 
3196 , 170 , 
3197 , 170 , 
3198 , 170 , 
3199 , 170 , 
3200 , 170 , 
3201 , 170 , 
3202 , 170 , 
3203 , 170 , 
3204 , 170 , 
3205 , 170 , 
3206 , 170 , 
3207 , 170 , 
3208 , 170 , 
3209 , 170 , 
3210 , 170 , 
3211 , 171 , 
3212 , 171 , 
3213 , 171 , 
3214 , 171 , 
3215 , 171 , 
3216 , 171 , 
3217 , 171 , 
3218 , 171 , 
3219 , 171 , 
3220 , 171 , 
3221 , 171 , 
3222 , 171 , 
3223 , 171 , 
3224 , 171 , 
3225 , 171 , 
3226 , 171 , 
3227 , 171 , 
3228 , 171 , 
3229 , 171 , 
3230 , 172 , 
3231 , 172 , 
3232 , 172 , 
3233 , 172 , 
3234 , 172 , 
3235 , 172 , 
3236 , 172 , 
3237 , 172 , 
3238 , 172 , 
3239 , 172 , 
3240 , 172 , 
3241 , 172 , 
3242 , 172 , 
3243 , 172 , 
3244 , 172 , 
3245 , 172 , 
3246 , 172 , 
3247 , 172 , 
3248 , 172 , 
3249 , 173 , 
3250 , 173 , 
3251 , 173 , 
3252 , 173 , 
3253 , 173 , 
3254 , 173 , 
3255 , 173 , 
3256 , 173 , 
3257 , 173 , 
3258 , 173 , 
3259 , 173 , 
3260 , 173 , 
3261 , 173 , 
3262 , 173 , 
3263 , 173 , 
3264 , 173 , 
3265 , 173 , 
3266 , 173 , 
3267 , 173 , 
3268 , 174 , 
3269 , 174 , 
3270 , 174 , 
3271 , 174 , 
3272 , 174 , 
3273 , 174 , 
3274 , 174 , 
3275 , 174 , 
3276 , 174 , 
3277 , 174 , 
3278 , 174 , 
3279 , 174 , 
3280 , 174 , 
3281 , 174 , 
3282 , 174 , 
3283 , 174 , 
3284 , 174 , 
3285 , 174 , 
3286 , 174 , 
3287 , 175 , 
3288 , 175 , 
3289 , 175 , 
3290 , 175 , 
3291 , 175 , 
3292 , 175 , 
3293 , 175 , 
3294 , 175 , 
3295 , 175 , 
3296 , 175 , 
3297 , 175 , 
3298 , 175 , 
3299 , 175 , 
3300 , 175 , 
3301 , 175 , 
3302 , 175 , 
3303 , 175 , 
3304 , 175 , 
3305 , 175 , 
3306 , 176 , 
3307 , 176 , 
3308 , 176 , 
3309 , 176 , 
3310 , 176 , 
3311 , 176 , 
3312 , 176 , 
3313 , 176 , 
3314 , 176 , 
3315 , 176 , 
3316 , 176 , 
3317 , 176 , 
3318 , 176 , 
3319 , 176 , 
3320 , 176 , 
3321 , 176 , 
3322 , 176 , 
3323 , 176 , 
3324 , 176 , 
3325 , 177 , 
3326 , 177 , 
3327 , 177 , 
3328 , 177 , 
3329 , 177 , 
3330 , 177 , 
3331 , 177 , 
3332 , 177 , 
3333 , 177 , 
3334 , 177 , 
3335 , 177 , 
3336 , 177 , 
3337 , 177 , 
3338 , 177 , 
3339 , 177 , 
3340 , 177 , 
3341 , 177 , 
3342 , 177 , 
3343 , 177 , 
3344 , 178 , 
3345 , 178 , 
3346 , 178 , 
3347 , 178 , 
3348 , 178 , 
3349 , 178 , 
3350 , 178 , 
3351 , 178 , 
3352 , 178 , 
3353 , 178 , 
3354 , 178 , 
3355 , 178 , 
3356 , 178 , 
3357 , 178 , 
3358 , 178 , 
3359 , 178 , 
3360 , 178 , 
3361 , 178 , 
3362 , 178 , 
3363 , 179 , 
3364 , 179 , 
3365 , 179 , 
3366 , 179 , 
3367 , 179 , 
3368 , 179 , 
3369 , 179 , 
3370 , 179 , 
3371 , 179 , 
3372 , 179 , 
3373 , 179 , 
3374 , 179 , 
3375 , 179 , 
3376 , 179 , 
3377 , 179 , 
3378 , 179 , 
3379 , 179 , 
3380 , 179 , 
3381 , 179 , 
3382 , 180 , 
3383 , 180 , 
3384 , 180 , 
3385 , 180 , 
3386 , 180 , 
3387 , 180 , 
3388 , 180 , 
3389 , 180 , 
3390 , 180 , 
3391 , 180 , 
3392 , 180 , 
3393 , 180 , 
3394 , 180 , 
3395 , 180 , 
3396 , 180 , 
3397 , 180 , 
3398 , 180 , 
3399 , 180 , 
3400 , 180 , 
3401 , 181 , 
3402 , 181 , 
3403 , 181 , 
3404 , 181 , 
3405 , 181 , 
3406 , 181 , 
3407 , 181 , 
3408 , 181 , 
3409 , 181 , 
3410 , 181 , 
3411 , 181 , 
3412 , 181 , 
3413 , 181 , 
3414 , 181 , 
3415 , 181 , 
3416 , 181 , 
3417 , 181 , 
3418 , 181 , 
3419 , 181 , 
3420 , 182 , 
3421 , 182 , 
3422 , 182 , 
3423 , 182 , 
3424 , 182 , 
3425 , 182 , 
3426 , 182 , 
3427 , 182 , 
3428 , 182 , 
3429 , 182 , 
3430 , 182 , 
3431 , 182 , 
3432 , 182 , 
3433 , 182 , 
3434 , 182 , 
3435 , 182 , 
3436 , 182 , 
3437 , 182 , 
3438 , 182 , 
3439 , 183 , 
3440 , 183 , 
3441 , 183 , 
3442 , 183 , 
3443 , 183 , 
3444 , 183 , 
3445 , 183 , 
3446 , 183 , 
3447 , 183 , 
3448 , 183 , 
3449 , 183 , 
3450 , 183 , 
3451 , 183 , 
3452 , 183 , 
3453 , 183 , 
3454 , 183 , 
3455 , 183 , 
3456 , 183 , 
3457 , 183 , 
3458 , 184 , 
3459 , 184 , 
3460 , 184 , 
3461 , 184 , 
3462 , 184 , 
3463 , 184 , 
3464 , 184 , 
3465 , 184 , 
3466 , 184 , 
3467 , 184 , 
3468 , 184 , 
3469 , 184 , 
3470 , 184 , 
3471 , 184 , 
3472 , 184 , 
3473 , 184 , 
3474 , 184 , 
3475 , 184 , 
3476 , 184 , 
3477 , 185 , 
3478 , 185 , 
3479 , 185 , 
3480 , 185 , 
3481 , 185 , 
3482 , 185 , 
3483 , 185 , 
3484 , 185 , 
3485 , 185 , 
3486 , 185 , 
3487 , 185 , 
3488 , 185 , 
3489 , 185 , 
3490 , 185 , 
3491 , 185 , 
3492 , 185 , 
3493 , 185 , 
3494 , 185 , 
3495 , 185 , 
3496 , 186 , 
3497 , 186 , 
3498 , 186 , 
3499 , 186 , 
3500 , 186 , 
3501 , 186 , 
3502 , 186 , 
3503 , 186 , 
3504 , 186 , 
3505 , 186 , 
3506 , 186 , 
3507 , 186 , 
3508 , 186 , 
3509 , 186 , 
3510 , 186 , 
3511 , 186 , 
3512 , 186 , 
3513 , 186 , 
3514 , 186 , 
3515 , 187 , 
3516 , 187 , 
3517 , 187 , 
3518 , 187 , 
3519 , 187 , 
3520 , 187 , 
3521 , 187 , 
3522 , 187 , 
3523 , 187 , 
3524 , 187 , 
3525 , 187 , 
3526 , 187 , 
3527 , 187 , 
3528 , 187 , 
3529 , 187 , 
3530 , 187 , 
3531 , 187 , 
3532 , 187 , 
3533 , 187 , 
3534 , 188 , 
3535 , 188 , 
3536 , 188 , 
3537 , 188 , 
3538 , 188 , 
3539 , 188 , 
3540 , 188 , 
3541 , 188 , 
3542 , 188 , 
3543 , 188 , 
3544 , 188 , 
3545 , 188 , 
3546 , 188 , 
3547 , 188 , 
3548 , 188 , 
3549 , 188 , 
3550 , 188 , 
3551 , 188 , 
3552 , 188 , 
3553 , 189 , 
3554 , 189 , 
3555 , 189 , 
3556 , 189 , 
3557 , 189 , 
3558 , 189 , 
3559 , 189 , 
3560 , 189 , 
3561 , 189 , 
3562 , 189 , 
3563 , 189 , 
3564 , 189 , 
3565 , 189 , 
3566 , 189 , 
3567 , 189 , 
3568 , 189 , 
3569 , 189 , 
3570 , 189 , 
3571 , 189 , 
3572 , 190 , 
3573 , 190 , 
3574 , 190 , 
3575 , 190 , 
3576 , 190 , 
3577 , 190 , 
3578 , 190 , 
3579 , 190 , 
3580 , 190 , 
3581 , 190 , 
3582 , 190 , 
3583 , 190 , 
3584 , 190 , 
3585 , 190 , 
3586 , 190 , 
3587 , 190 , 
3588 , 190 , 
3589 , 190 , 
3590 , 190 , 
3591 , 191 , 
3592 , 191 , 
3593 , 191 , 
3594 , 191 , 
3595 , 191 , 
3596 , 191 , 
3597 , 191 , 
3598 , 191 , 
3599 , 191 , 
3600 , 191 , 
3601 , 191 , 
3602 , 191 , 
3603 , 191 , 
3604 , 191 , 
3605 , 191 , 
3606 , 191 , 
3607 , 191 , 
3608 , 191 , 
3609 , 191 , 
3610 , 192 , 
3611 , 192 , 
3612 , 192 , 
3613 , 192 , 
3614 , 192 , 
3615 , 192 , 
3616 , 192 , 
3617 , 192 , 
3618 , 192 , 
3619 , 192 , 
3620 , 192 , 
3621 , 192 , 
3622 , 192 , 
3623 , 192 , 
3624 , 192 , 
3625 , 192 , 
3626 , 192 , 
3627 , 192 , 
3628 , 192 , 
3629 , 193 , 
3630 , 193 , 
3631 , 193 , 
3632 , 193 , 
3633 , 193 , 
3634 , 193 , 
3635 , 193 , 
3636 , 193 , 
3637 , 193 , 
3638 , 193 , 
3639 , 193 , 
3640 , 193 , 
3641 , 193 , 
3642 , 193 , 
3643 , 193 , 
3644 , 193 , 
3645 , 193 , 
3646 , 193 , 
3647 , 193 , 
3648 , 194 , 
3649 , 194 , 
3650 , 194 , 
3651 , 194 , 
3652 , 194 , 
3653 , 194 , 
3654 , 194 , 
3655 , 194 , 
3656 , 194 , 
3657 , 194 , 
3658 , 194 , 
3659 , 194 , 
3660 , 194 , 
3661 , 194 , 
3662 , 194 , 
3663 , 194 , 
3664 , 194 , 
3665 , 194 , 
3666 , 194 , 
3667 , 195 , 
3668 , 195 , 
3669 , 195 , 
3670 , 195 , 
3671 , 195 , 
3672 , 195 , 
3673 , 195 , 
3674 , 195 , 
3675 , 195 , 
3676 , 195 , 
3677 , 195 , 
3678 , 195 , 
3679 , 195 , 
3680 , 195 , 
3681 , 195 , 
3682 , 195 , 
3683 , 195 , 
3684 , 195 , 
3685 , 195 , 
3686 , 196 , 
3687 , 196 , 
3688 , 196 , 
3689 , 196 , 
3690 , 196 , 
3691 , 196 , 
3692 , 196 , 
3693 , 196 , 
3694 , 196 , 
3695 , 196 , 
3696 , 196 , 
3697 , 196 , 
3698 , 196 , 
3699 , 196 , 
3700 , 196 , 
3701 , 196 , 
3702 , 196 , 
3703 , 196 , 
3704 , 196 , 
3705 , 197 , 
3706 , 197 , 
3707 , 197 , 
3708 , 197 , 
3709 , 197 , 
3710 , 197 , 
3711 , 197 , 
3712 , 197 , 
3713 , 197 , 
3714 , 197 , 
3715 , 197 , 
3716 , 197 , 
3717 , 197 , 
3718 , 197 , 
3719 , 197 , 
3720 , 197 , 
3721 , 197 , 
3722 , 197 , 
3723 , 197 , 
3724 , 198 , 
3725 , 198 , 
3726 , 198 , 
3727 , 198 , 
3728 , 198 , 
3729 , 198 , 
3730 , 198 , 
3731 , 198 , 
3732 , 198 , 
3733 , 198 , 
3734 , 198 , 
3735 , 198 , 
3736 , 198 , 
3737 , 198 , 
3738 , 198 , 
3739 , 198 , 
3740 , 198 , 
3741 , 198 , 
3742 , 198 , 
3743 , 199 , 
3744 , 199 , 
3745 , 199 , 
3746 , 199 , 
3747 , 199 , 
3748 , 199 , 
3749 , 199 , 
3750 , 199 , 
3751 , 199 , 
3752 , 199 , 
3753 , 199 , 
3754 , 199 , 
3755 , 199 , 
3756 , 199 , 
3757 , 199 , 
3758 , 199 , 
3759 , 199 , 
3760 , 199 , 
3761 , 199 , 
3762 , 200 , 
3763 , 200 , 
3764 , 200 , 
3765 , 200 , 
3766 , 200 , 
3767 , 200 , 
3768 , 200 , 
3769 , 200 , 
3770 , 200 , 
3771 , 200 , 
3772 , 200 , 
3773 , 200 , 
3774 , 200 , 
3775 , 200 , 
3776 , 200 , 
3777 , 200 , 
3778 , 200 , 
3779 , 200 , 
3780 , 200 , 
3781 , 201 , 
3782 , 201 , 
3783 , 201 , 
3784 , 201 , 
3785 , 201 , 
3786 , 201 , 
3787 , 201 , 
3788 , 201 , 
3789 , 201 , 
3790 , 201 , 
3791 , 201 , 
3792 , 201 , 
3793 , 201 , 
3794 , 201 , 
3795 , 201 , 
3796 , 201 , 
3797 , 201 , 
3798 , 201 , 
3799 , 201 , 
3800 , 202 , 
3801 , 202 , 
3802 , 202 , 
3803 , 202 , 
3804 , 202 , 
3805 , 202 , 
3806 , 202 , 
3807 , 202 , 
3808 , 202 , 
3809 , 202 , 
3810 , 202 , 
3811 , 202 , 
3812 , 202 , 
3813 , 202 , 
3814 , 202 , 
3815 , 202 , 
3816 , 202 , 
3817 , 202 , 
3818 , 202 , 
3819 , 203 , 
3820 , 203 , 
3821 , 203 , 
3822 , 203 , 
3823 , 203 , 
3824 , 203 , 
3825 , 203 , 
3826 , 203 , 
3827 , 203 , 
3828 , 203 , 
3829 , 203 , 
3830 , 203 , 
3831 , 203 , 
3832 , 203 , 
3833 , 203 , 
3834 , 203 , 
3835 , 203 , 
3836 , 203 , 
3837 , 203 , 
3838 , 204 , 
3839 , 204 , 
3840 , 204 , 
3841 , 204 , 
3842 , 204 , 
3843 , 204 , 
3844 , 204 , 
3845 , 204 , 
3846 , 204 , 
3847 , 204 , 
3848 , 204 , 
3849 , 204 , 
3850 , 204 , 
3851 , 204 , 
3852 , 204 , 
3853 , 204 , 
3854 , 204 , 
3855 , 204 , 
3856 , 204 , 
3857 , 205 , 
3858 , 205 , 
3859 , 205 , 
3860 , 205 , 
3861 , 205 , 
3862 , 205 , 
3863 , 205 , 
3864 , 205 , 
3865 , 205 , 
3866 , 205 , 
3867 , 205 , 
3868 , 205 , 
3869 , 205 , 
3870 , 205 , 
3871 , 205 , 
3872 , 205 , 
3873 , 205 , 
3874 , 205 , 
3875 , 205 , 
3876 , 206 , 
3877 , 206 , 
3878 , 206 , 
3879 , 206 , 
3880 , 206 , 
3881 , 206 , 
3882 , 206 , 
3883 , 206 , 
3884 , 206 , 
3885 , 206 , 
3886 , 206 , 
3887 , 206 , 
3888 , 206 , 
3889 , 206 , 
3890 , 206 , 
3891 , 206 , 
3892 , 206 , 
3893 , 206 , 
3894 , 206 , 
3895 , 207 , 
3896 , 207 , 
3897 , 207 , 
3898 , 207 , 
3899 , 207 , 
3900 , 207 , 
3901 , 207 , 
3902 , 207 , 
3903 , 207 , 
3904 , 207 , 
3905 , 207 , 
3906 , 207 , 
3907 , 207 , 
3908 , 207 , 
3909 , 207 , 
3910 , 207 , 
3911 , 207 , 
3912 , 207 , 
3913 , 207 , 
3914 , 208 , 
3915 , 208 , 
3916 , 208 , 
3917 , 208 , 
3918 , 208 , 
3919 , 208 , 
3920 , 208 , 
3921 , 208 , 
3922 , 208 , 
3923 , 208 , 
3924 , 208 , 
3925 , 208 , 
3926 , 208 , 
3927 , 208 , 
3928 , 208 , 
3929 , 208 , 
3930 , 208 , 
3931 , 208 , 
3932 , 208 , 
3933 , 209 , 
3934 , 209 , 
3935 , 209 , 
3936 , 209 , 
3937 , 209 , 
3938 , 209 , 
3939 , 209 , 
3940 , 209 , 
3941 , 209 , 
3942 , 209 , 
3943 , 209 , 
3944 , 209 , 
3945 , 209 , 
3946 , 209 , 
3947 , 209 , 
3948 , 209 , 
3949 , 209 , 
3950 , 209 , 
3951 , 209 , 
3952 , 210 , 
3953 , 210 , 
3954 , 210 , 
3955 , 210 , 
3956 , 210 , 
3957 , 210 , 
3958 , 210 , 
3959 , 210 , 
3960 , 210 , 
3961 , 210 , 
3962 , 210 , 
3963 , 210 , 
3964 , 210 , 
3965 , 210 , 
3966 , 210 , 
3967 , 210 , 
3968 , 210 , 
3969 , 210 , 
3970 , 210 , 
3971 , 211 , 
3972 , 211 , 
3973 , 211 , 
3974 , 211 , 
3975 , 211 , 
3976 , 211 , 
3977 , 211 , 
3978 , 211 , 
3979 , 211 , 
3980 , 211 , 
3981 , 211 , 
3982 , 211 , 
3983 , 211 , 
3984 , 211 , 
3985 , 211 , 
3986 , 211 , 
3987 , 211 , 
3988 , 211 , 
3989 , 211 , 
3990 , 212 , 
3991 , 212 , 
3992 , 212 , 
3993 , 212 , 
3994 , 212 , 
3995 , 212 , 
3996 , 212 , 
3997 , 212 , 
3998 , 212 , 
3999 , 212 , 
4000 , 212 , 
4001 , 212 , 
4002 , 212 , 
4003 , 212 , 
4004 , 212 , 
4005 , 212 , 
4006 , 212 , 
4007 , 212 , 
4008 , 212 , 
4009 , 213 , 
4010 , 213 , 
4011 , 213 , 
4012 , 213 , 
4013 , 213 , 
4014 , 213 , 
4015 , 213 , 
4016 , 213 , 
4017 , 213 , 
4018 , 213 , 
4019 , 213 , 
4020 , 213 , 
4021 , 213 , 
4022 , 213 , 
4023 , 213 , 
4024 , 213 , 
4025 , 213 , 
4026 , 213 , 
4027 , 213 , 
4028 , 214 , 
4029 , 214 , 
4030 , 214 , 
4031 , 214 , 
4032 , 214 , 
4033 , 214 , 
4034 , 214 , 
4035 , 214 , 
4036 , 214 , 
4037 , 214 , 
4038 , 214 , 
4039 , 214 , 
4040 , 214 , 
4041 , 214 , 
4042 , 214 , 
4043 , 214 , 
4044 , 214 , 
4045 , 214 , 
4046 , 214 , 
4047 , 215 , 
4048 , 215 , 
4049 , 215 , 
4050 , 215 , 
4051 , 215 , 
4052 , 215 , 
4053 , 215 , 
4054 , 215 , 
4055 , 215 , 
4056 , 215 , 
4057 , 215 , 
4058 , 215 , 
4059 , 215 , 
4060 , 215 , 
4061 , 215 , 
4062 , 215 , 
4063 , 215 , 
4064 , 215 , 
4065 , 215 , 
4066 , 216 , 
4067 , 216 , 
4068 , 216 , 
4069 , 216 , 
4070 , 216 , 
4071 , 216 , 
4072 , 216 , 
4073 , 216 , 
4074 , 216 , 
4075 , 216 , 
4076 , 216 , 
4077 , 216 , 
4078 , 216 , 
4079 , 216 , 
4080 , 216 , 
4081 , 216 , 
4082 , 216 , 
4083 , 216 , 
4084 , 216 , 
4085 , 217 , 
4086 , 217 , 
4087 , 217 , 
4088 , 217 , 
4089 , 217 , 
4090 , 217 , 
4091 , 217 , 
4092 , 217 , 
4093 , 217 , 
4094 , 217 , 
4095 , 217 , 
4096 , 217 , 
4097 , 217 , 
4098 , 217 , 
4099 , 217 , 
4100 , 217 , 
4101 , 217 , 
4102 , 217 , 
4103 , 217 , 
4104 , 218 , 
4105 , 218 , 
4106 , 218 , 
4107 , 218 , 
4108 , 218 , 
4109 , 218 , 
4110 , 218 , 
4111 , 218 , 
4112 , 218 , 
4113 , 218 , 
4114 , 218 , 
4115 , 218 , 
4116 , 218 , 
4117 , 218 , 
4118 , 218 , 
4119 , 218 , 
4120 , 218 , 
4121 , 218 , 
4122 , 218 , 
4123 , 219 , 
4124 , 219 , 
4125 , 219 , 
4126 , 219 , 
4127 , 219 , 
4128 , 219 , 
4129 , 219 , 
4130 , 219 , 
4131 , 219 , 
4132 , 219 , 
4133 , 219 , 
4134 , 219 , 
4135 , 219 , 
4136 , 219 , 
4137 , 219 , 
4138 , 219 , 
4139 , 219 , 
4140 , 219 , 
4141 , 219 , 
4142 , 220 , 
4143 , 220 , 
4144 , 220 , 
4145 , 220 , 
4146 , 220 , 
4147 , 220 , 
4148 , 220 , 
4149 , 220 , 
4150 , 220 , 
4151 , 220 , 
4152 , 220 , 
4153 , 220 , 
4154 , 220 , 
4155 , 220 , 
4156 , 220 , 
4157 , 220 , 
4158 , 220 , 
4159 , 220 , 
4160 , 220 , 
4161 , 221 , 
4162 , 221 , 
4163 , 221 , 
4164 , 221 , 
4165 , 221 , 
4166 , 221 , 
4167 , 221 , 
4168 , 221 , 
4169 , 221 , 
4170 , 221 , 
4171 , 221 , 
4172 , 221 , 
4173 , 221 , 
4174 , 221 , 
4175 , 221 , 
4176 , 221 , 
4177 , 221 , 
4178 , 221 , 
4179 , 221 , 
4180 , 222 , 
4181 , 222 , 
4182 , 222 , 
4183 , 222 , 
4184 , 222 , 
4185 , 222 , 
4186 , 222 , 
4187 , 222 , 
4188 , 222 , 
4189 , 222 , 
4190 , 222 , 
4191 , 222 , 
4192 , 222 , 
4193 , 222 , 
4194 , 222 , 
4195 , 222 , 
4196 , 222 , 
4197 , 222 , 
4198 , 222 , 
4199 , 223 , 
4200 , 223 , 
4201 , 223 , 
4202 , 223 , 
4203 , 223 , 
4204 , 223 , 
4205 , 223 , 
4206 , 223 , 
4207 , 223 , 
4208 , 223 , 
4209 , 223 , 
4210 , 223 , 
4211 , 223 , 
4212 , 223 , 
4213 , 223 , 
4214 , 223 , 
4215 , 223 , 
4216 , 223 , 
4217 , 223 , 
4218 , 224 , 
4219 , 224 , 
4220 , 224 , 
4221 , 224 , 
4222 , 224 , 
4223 , 224 , 
4224 , 224 , 
4225 , 224 , 
4226 , 224 , 
4227 , 224 , 
4228 , 224 , 
4229 , 224 , 
4230 , 224 , 
4231 , 224 , 
4232 , 224 , 
4233 , 224 , 
4234 , 224 , 
4235 , 224 , 
4236 , 224 , 
4237 , 225 , 
4238 , 225 , 
4239 , 225 , 
4240 , 225 , 
4241 , 225 , 
4242 , 225 , 
4243 , 225 , 
4244 , 225 , 
4245 , 225 , 
4246 , 225 , 
4247 , 225 , 
4248 , 225 , 
4249 , 225 , 
4250 , 225 , 
4251 , 225 , 
4252 , 225 , 
4253 , 225 , 
4254 , 225 , 
4255 , 225 , 
4256 , 226 , 
4257 , 226 , 
4258 , 226 , 
4259 , 226 , 
4260 , 226 , 
4261 , 226 , 
4262 , 226 , 
4263 , 226 , 
4264 , 226 , 
4265 , 226 , 
4266 , 226 , 
4267 , 226 , 
4268 , 226 , 
4269 , 226 , 
4270 , 226 , 
4271 , 226 , 
4272 , 226 , 
4273 , 226 , 
4274 , 226 , 
4275 , 227 , 
4276 , 227 , 
4277 , 227 , 
4278 , 227 , 
4279 , 227 , 
4280 , 227 , 
4281 , 227 , 
4282 , 227 , 
4283 , 227 , 
4284 , 227 , 
4285 , 227 , 
4286 , 227 , 
4287 , 227 , 
4288 , 227 , 
4289 , 227 , 
4290 , 227 , 
4291 , 227 , 
4292 , 227 , 
4293 , 227 , 
4294 , 228 , 
4295 , 228 , 
4296 , 228 , 
4297 , 228 , 
4298 , 228 , 
4299 , 228 , 
4300 , 228 , 
4301 , 228 , 
4302 , 228 , 
4303 , 228 , 
4304 , 228 , 
4305 , 228 , 
4306 , 228 , 
4307 , 228 , 
4308 , 228 , 
4309 , 228 , 
4310 , 228 , 
4311 , 228 , 
4312 , 228 , 
4313 , 229 , 
4314 , 229 , 
4315 , 229 , 
4316 , 229 , 
4317 , 229 , 
4318 , 229 , 
4319 , 229 , 
4320 , 229 , 
4321 , 229 , 
4322 , 229 , 
4323 , 229 , 
4324 , 229 , 
4325 , 229 , 
4326 , 229 , 
4327 , 229 , 
4328 , 229 , 
4329 , 229 , 
4330 , 229 , 
4331 , 229 , 
4332 , 230 , 
4333 , 230 , 
4334 , 230 , 
4335 , 230 , 
4336 , 230 , 
4337 , 230 , 
4338 , 230 , 
4339 , 230 , 
4340 , 230 , 
4341 , 230 , 
4342 , 230 , 
4343 , 230 , 
4344 , 230 , 
4345 , 230 , 
4346 , 230 , 
4347 , 230 , 
4348 , 230 , 
4349 , 230 , 
4350 , 230 , 
4351 , 231 , 
4352 , 231 , 
4353 , 231 , 
4354 , 231 , 
4355 , 231 , 
4356 , 231 , 
4357 , 231 , 
4358 , 231 , 
4359 , 231 , 
4360 , 231 , 
4361 , 231 , 
4362 , 231 , 
4363 , 231 , 
4364 , 231 , 
4365 , 231 , 
4366 , 231 , 
4367 , 231 , 
4368 , 231 , 
4369 , 231 , 
4370 , 232 , 
4371 , 232 , 
4372 , 232 , 
4373 , 232 , 
4374 , 232 , 
4375 , 232 , 
4376 , 232 , 
4377 , 232 , 
4378 , 232 , 
4379 , 232 , 
4380 , 232 , 
4381 , 232 , 
4382 , 232 , 
4383 , 232 , 
4384 , 232 , 
4385 , 232 , 
4386 , 232 , 
4387 , 232 , 
4388 , 232 , 
4389 , 233 , 
4390 , 233 , 
4391 , 233 , 
4392 , 233 , 
4393 , 233 , 
4394 , 233 , 
4395 , 233 , 
4396 , 233 , 
4397 , 233 , 
4398 , 233 , 
4399 , 233 , 
4400 , 233 , 
4401 , 233 , 
4402 , 233 , 
4403 , 233 , 
4404 , 233 , 
4405 , 233 , 
4406 , 233 , 
4407 , 233 , 
4408 , 234 , 
4409 , 234 , 
4410 , 234 , 
4411 , 234 , 
4412 , 234 , 
4413 , 234 , 
4414 , 234 , 
4415 , 234 , 
4416 , 234 , 
4417 , 234 , 
4418 , 234 , 
4419 , 234 , 
4420 , 234 , 
4421 , 234 , 
4422 , 234 , 
4423 , 234 , 
4424 , 234 , 
4425 , 234 , 
4426 , 234 , 
4427 , 235 , 
4428 , 235 , 
4429 , 235 , 
4430 , 235 , 
4431 , 235 , 
4432 , 235 , 
4433 , 235 , 
4434 , 235 , 
4435 , 235 , 
4436 , 235 , 
4437 , 235 , 
4438 , 235 , 
4439 , 235 , 
4440 , 235 , 
4441 , 235 , 
4442 , 235 , 
4443 , 235 , 
4444 , 235 , 
4445 , 235 , 
4446 , 236 , 
4447 , 236 , 
4448 , 236 , 
4449 , 236 , 
4450 , 236 , 
4451 , 236 , 
4452 , 236 , 
4453 , 236 , 
4454 , 236 , 
4455 , 236 , 
4456 , 236 , 
4457 , 236 , 
4458 , 236 , 
4459 , 236 , 
4460 , 236 , 
4461 , 236 , 
4462 , 236 , 
4463 , 236 , 
4464 , 236 , 
4465 , 237 , 
4466 , 237 , 
4467 , 237 , 
4468 , 237 , 
4469 , 237 , 
4470 , 237 , 
4471 , 237 , 
4472 , 237 , 
4473 , 237 , 
4474 , 237 , 
4475 , 237 , 
4476 , 237 , 
4477 , 237 , 
4478 , 237 , 
4479 , 237 , 
4480 , 237 , 
4481 , 237 , 
4482 , 237 , 
4483 , 237 , 
4484 , 238 , 
4485 , 238 , 
4486 , 238 , 
4487 , 238 , 
4488 , 238 , 
4489 , 238 , 
4490 , 238 , 
4491 , 238 , 
4492 , 238 , 
4493 , 238 , 
4494 , 238 , 
4495 , 238 , 
4496 , 238 , 
4497 , 238 , 
4498 , 238 , 
4499 , 238 , 
4500 , 238 , 
4501 , 238 , 
4502 , 238 , 
4503 , 239 , 
4504 , 239 , 
4505 , 239 , 
4506 , 239 , 
4507 , 239 , 
4508 , 239 , 
4509 , 239 , 
4510 , 239 , 
4511 , 239 , 
4512 , 239 , 
4513 , 239 , 
4514 , 239 , 
4515 , 239 , 
4516 , 239 , 
4517 , 239 , 
4518 , 239 , 
4519 , 239 , 
4520 , 239 , 
4521 , 239 , 
4522 , 240 , 
4523 , 240 , 
4524 , 240 , 
4525 , 240 , 
4526 , 240 , 
4527 , 240 , 
4528 , 240 , 
4529 , 240 , 
4530 , 240 , 
4531 , 240 , 
4532 , 240 , 
4533 , 240 , 
4534 , 240 , 
4535 , 240 , 
4536 , 240 , 
4537 , 240 , 
4538 , 240 , 
4539 , 240 , 
4540 , 240 , 
4541 , 241 , 
4542 , 241 , 
4543 , 241 , 
4544 , 241 , 
4545 , 241 , 
4546 , 241 , 
4547 , 241 , 
4548 , 241 , 
4549 , 241 , 
4550 , 241 , 
4551 , 241 , 
4552 , 241 , 
4553 , 241 , 
4554 , 241 , 
4555 , 241 , 
4556 , 241 , 
4557 , 241 , 
4558 , 241 , 
4559 , 241 , 
4560 , 242 , 
4561 , 242 , 
4562 , 242 , 
4563 , 242 , 
4564 , 242 , 
4565 , 242 , 
4566 , 242 , 
4567 , 242 , 
4568 , 242 , 
4569 , 242 , 
4570 , 242 , 
4571 , 242 , 
4572 , 242 , 
4573 , 242 , 
4574 , 242 , 
4575 , 242 , 
4576 , 242 , 
4577 , 242 , 
4578 , 242 , 
4579 , 243 , 
4580 , 243 , 
4581 , 243 , 
4582 , 243 , 
4583 , 243 , 
4584 , 243 , 
4585 , 243 , 
4586 , 243 , 
4587 , 243 , 
4588 , 243 , 
4589 , 243 , 
4590 , 243 , 
4591 , 243 , 
4592 , 243 , 
4593 , 243 , 
4594 , 243 , 
4595 , 243 , 
4596 , 243 , 
4597 , 243 , 
4598 , 244 , 
4599 , 244 , 
4600 , 244 , 
4601 , 244 , 
4602 , 244 , 
4603 , 244 , 
4604 , 244 , 
4605 , 244 , 
4606 , 244 , 
4607 , 244 , 
4608 , 244 , 
4609 , 244 , 
4610 , 244 , 
4611 , 244 , 
4612 , 244 , 
4613 , 244 , 
4614 , 244 , 
4615 , 244 , 
4616 , 244 , 
4617 , 245 , 
4618 , 245 , 
4619 , 245 , 
4620 , 245 , 
4621 , 245 , 
4622 , 245 , 
4623 , 245 , 
4624 , 245 , 
4625 , 245 , 
4626 , 245 , 
4627 , 245 , 
4628 , 245 , 
4629 , 245 , 
4630 , 245 , 
4631 , 245 , 
4632 , 245 , 
4633 , 245 , 
4634 , 245 , 
4635 , 245 , 
4636 , 246 , 
4637 , 246 , 
4638 , 246 , 
4639 , 246 , 
4640 , 246 , 
4641 , 246 , 
4642 , 246 , 
4643 , 246 , 
4644 , 246 , 
4645 , 246 , 
4646 , 246 , 
4647 , 246 , 
4648 , 246 , 
4649 , 246 , 
4650 , 246 , 
4651 , 246 , 
4652 , 246 , 
4653 , 246 , 
4654 , 246 , 
4655 , 247 , 
4656 , 247 , 
4657 , 247 , 
4658 , 247 , 
4659 , 247 , 
4660 , 247 , 
4661 , 247 , 
4662 , 247 , 
4663 , 247 , 
4664 , 247 , 
4665 , 247 , 
4666 , 247 , 
4667 , 247 , 
4668 , 247 , 
4669 , 247 , 
4670 , 247 , 
4671 , 247 , 
4672 , 247 , 
4673 , 247 , 
4674 , 248 , 
4675 , 248 , 
4676 , 248 , 
4677 , 248 , 
4678 , 248 , 
4679 , 248 , 
4680 , 248 , 
4681 , 248 , 
4682 , 248 , 
4683 , 248 , 
4684 , 248 , 
4685 , 248 , 
4686 , 248 , 
4687 , 248 , 
4688 , 248 , 
4689 , 248 , 
4690 , 248 , 
4691 , 248 , 
4692 , 248 , 
4693 , 249 , 
4694 , 249 , 
4695 , 249 , 
4696 , 249 , 
4697 , 249 , 
4698 , 249 , 
4699 , 249 , 
4700 , 249 , 
4701 , 249 , 
4702 , 249 , 
4703 , 249 , 
4704 , 249 , 
4705 , 249 , 
4706 , 249 , 
4707 , 249 , 
4708 , 249 , 
4709 , 249 , 
4710 , 249 , 
4711 , 249 , 
4712 , 250 , 
4713 , 250 , 
4714 , 250 , 
4715 , 250 , 
4716 , 250 , 
4717 , 250 , 
4718 , 250 , 
4719 , 250 , 
4720 , 250 , 
4721 , 250 , 
4722 , 250 , 
4723 , 250 , 
4724 , 250 , 
4725 , 250 , 
4726 , 250 , 
4727 , 250 , 
4728 , 250 , 
4729 , 250 , 
4730 , 250 , 
4731 , 251 , 
4732 , 251 , 
4733 , 251 , 
4734 , 251 , 
4735 , 251 , 
4736 , 251 , 
4737 , 251 , 
4738 , 251 , 
4739 , 251 , 
4740 , 251 , 
4741 , 251 , 
4742 , 251 , 
4743 , 251 , 
4744 , 251 , 
4745 , 251 , 
4746 , 251 , 
4747 , 251 , 
4748 , 251 , 
4749 , 251 , 
4750 , 252 , 
4751 , 252 , 
4752 , 252 , 
4753 , 252 , 
4754 , 252 , 
4755 , 252 , 
4756 , 252 , 
4757 , 252 , 
4758 , 252 , 
4759 , 252 , 
4760 , 252 , 
4761 , 252 , 
4762 , 252 , 
4763 , 252 , 
4764 , 252 , 
4765 , 252 , 
4766 , 252 , 
4767 , 252 , 
4768 , 252 , 
4769 , 253 , 
4770 , 253 , 
4771 , 253 , 
4772 , 253 , 
4773 , 253 , 
4774 , 253 , 
4775 , 253 , 
4776 , 253 , 
4777 , 253 , 
4778 , 253 , 
4779 , 253 , 
4780 , 253 , 
4781 , 253 , 
4782 , 253 , 
4783 , 253 , 
4784 , 253 , 
4785 , 253 , 
4786 , 253 , 
4787 , 253 , 
4788 , 254 , 
4789 , 254 , 
4790 , 254 , 
4791 , 254 , 
4792 , 254 , 
4793 , 254 , 
4794 , 254 , 
4795 , 254 , 
4796 , 254 , 
4797 , 254 , 
4798 , 254 , 
4799 , 254 , 
4800 , 254 , 
4801 , 254 , 
4802 , 254 , 
4803 , 254 , 
4804 , 254 , 
4805 , 254 , 
4806 , 254 , 
4807 , 255 , 
4808 , 255 , 
4809 , 255 , 
4810 , 255 , 
4811 , 255 , 
4812 , 255 , 
4813 , 255 , 
4814 , 255 , 
4815 , 255 , 
4816 , 255 , 
4817 , 255 , 
4818 , 255 , 
4819 , 255 , 
4820 , 255 , 
4821 , 255 , 
4822 , 255 , 
4823 , 255 , 
4824 , 255 , 
4825 , 255 , 
4826 , 256 , 
4827 , 256 , 
4828 , 256 , 
4829 , 256 , 
4830 , 256 , 
4831 , 256 , 
4832 , 256 , 
4833 , 256 , 
4834 , 256 , 
4835 , 256 , 
4836 , 256 , 
4837 , 256 , 
4838 , 256 , 
4839 , 256 , 
4840 , 256 , 
4841 , 256 , 
4842 , 256 , 
4843 , 256 , 
4844 , 256 , 
4845 , 257 , 
4846 , 257 , 
4847 , 257 , 
4848 , 257 , 
4849 , 257 , 
4850 , 257 , 
4851 , 257 , 
4852 , 257 , 
4853 , 257 , 
4854 , 257 , 
4855 , 257 , 
4856 , 257 , 
4857 , 257 , 
4858 , 257 , 
4859 , 257 , 
4860 , 257 , 
4861 , 257 , 
4862 , 257 , 
4863 , 257 , 
4864 , 258 , 
4865 , 258 , 
4866 , 258 , 
4867 , 258 , 
4868 , 258 , 
4869 , 258 , 
4870 , 258 , 
4871 , 258 , 
4872 , 258 , 
4873 , 258 , 
4874 , 258 , 
4875 , 258 , 
4876 , 258 , 
4877 , 258 , 
4878 , 258 , 
4879 , 258 , 
4880 , 258 , 
4881 , 258 , 
4882 , 258 , 
4883 , 259 , 
4884 , 259 , 
4885 , 259 , 
4886 , 259 , 
4887 , 259 , 
4888 , 259 , 
4889 , 259 , 
4890 , 259 , 
4891 , 259 , 
4892 , 259 , 
4893 , 259 , 
4894 , 259 , 
4895 , 259 , 
4896 , 259 , 
4897 , 259 , 
4898 , 259 , 
4899 , 259 , 
4900 , 259 , 
4901 , 259 , 
4902 , 260 , 
4903 , 260 , 
4904 , 260 , 
4905 , 260 , 
4906 , 260 , 
4907 , 260 , 
4908 , 260 , 
4909 , 260 , 
4910 , 260 , 
4911 , 260 , 
4912 , 260 , 
4913 , 260 , 
4914 , 260 , 
4915 , 260 , 
4916 , 260 , 
4917 , 260 , 
4918 , 260 , 
4919 , 260 , 
4920 , 260 , 
4921 , 261 , 
4922 , 261 , 
4923 , 261 , 
4924 , 261 , 
4925 , 261 , 
4926 , 261 , 
4927 , 261 , 
4928 , 261 , 
4929 , 261 , 
4930 , 261 , 
4931 , 261 , 
4932 , 261 , 
4933 , 261 , 
4934 , 261 , 
4935 , 261 , 
4936 , 261 , 
4937 , 261 , 
4938 , 261 , 
4939 , 261 , 
4940 , 262 , 
4941 , 262 , 
4942 , 262 , 
4943 , 262 , 
4944 , 262 , 
4945 , 262 , 
4946 , 262 , 
4947 , 262 , 
4948 , 262 , 
4949 , 262 , 
4950 , 262 , 
4951 , 262 , 
4952 , 262 , 
4953 , 262 , 
4954 , 262 , 
4955 , 262 , 
4956 , 262 , 
4957 , 262 , 
4958 , 262 , 
4959 , 263 , 
4960 , 263 , 
4961 , 263 , 
4962 , 263 , 
4963 , 263 , 
4964 , 263 , 
4965 , 263 , 
4966 , 263 , 
4967 , 263 , 
4968 , 263 , 
4969 , 263 , 
4970 , 263 , 
4971 , 263 , 
4972 , 263 , 
4973 , 263 , 
4974 , 263 , 
4975 , 263 , 
4976 , 263 , 
4977 , 263 , 
4978 , 264 , 
4979 , 264 , 
4980 , 264 , 
4981 , 264 , 
4982 , 264 , 
4983 , 264 , 
4984 , 264 , 
4985 , 264 , 
4986 , 264 , 
4987 , 264 , 
4988 , 264 , 
4989 , 264 , 
4990 , 264 , 
4991 , 264 , 
4992 , 264 , 
4993 , 264 , 
4994 , 264 , 
4995 , 264 , 
4996 , 264 , 
4997 , 265 , 
4998 , 265 , 
4999 , 265 , 
5000 , 265 , 
5001 , 265 , 
5002 , 265 , 
5003 , 265 , 
5004 , 265 , 
5005 , 265 , 
5006 , 265 , 
5007 , 265 , 
5008 , 265 , 
5009 , 265 , 
5010 , 265 , 
5011 , 265 , 
5012 , 265 , 
5013 , 265 , 
5014 , 265 , 
5015 , 265 , 
5016 , 266 , 
5017 , 266 , 
5018 , 266 , 
5019 , 266 , 
5020 , 266 , 
5021 , 266 , 
5022 , 266 , 
5023 , 266 , 
5024 , 266 , 
5025 , 266 , 
5026 , 266 , 
5027 , 266 , 
5028 , 266 , 
5029 , 266 , 
5030 , 266 , 
5031 , 266 , 
5032 , 266 , 
5033 , 266 , 
5034 , 266 , 
5035 , 267 , 
5036 , 267 , 
5037 , 267 , 
5038 , 267 , 
5039 , 267 , 
5040 , 267 , 
5041 , 267 , 
5042 , 267 , 
5043 , 267 , 
5044 , 267 , 
5045 , 267 , 
5046 , 267 , 
5047 , 267 , 
5048 , 267 , 
5049 , 267 , 
5050 , 267 , 
5051 , 267 , 
5052 , 267 , 
5053 , 267 , 
5054 , 268 , 
5055 , 268 , 
5056 , 268 , 
5057 , 268 , 
5058 , 268 , 
5059 , 268 , 
5060 , 268 , 
5061 , 268 , 
5062 , 268 , 
5063 , 268 , 
5064 , 268 , 
5065 , 268 , 
5066 , 268 , 
5067 , 268 , 
5068 , 268 , 
5069 , 268 , 
5070 , 268 , 
5071 , 268 , 
5072 , 268 , 
5073 , 269 , 
5074 , 269 , 
5075 , 269 , 
5076 , 269 , 
5077 , 269 , 
5078 , 269 , 
5079 , 269 , 
5080 , 269 , 
5081 , 269 , 
5082 , 269 , 
5083 , 269 , 
5084 , 269 , 
5085 , 269 , 
5086 , 269 , 
5087 , 269 , 
5088 , 269 , 
5089 , 269 , 
5090 , 269 , 
5091 , 269 , 
5092 , 270 , 
5093 , 270 , 
5094 , 270 , 
5095 , 270 , 
5096 , 270 , 
5097 , 270 , 
5098 , 270 , 
5099 , 270 , 
5100 , 270 , 
5101 , 270 , 
5102 , 270 , 
5103 , 270 , 
5104 , 270 , 
5105 , 270 , 
5106 , 270 , 
5107 , 270 , 
5108 , 270 , 
5109 , 270 , 
5110 , 270 , 
5111 , 271 , 
5112 , 271 , 
5113 , 271 , 
5114 , 271 , 
5115 , 271 , 
5116 , 271 , 
5117 , 271 , 
5118 , 271 , 
5119 , 271 , 
5120 , 271 , 
5121 , 271 , 
5122 , 271 , 
5123 , 271 , 
5124 , 271 , 
5125 , 271 , 
5126 , 271 , 
5127 , 271 , 
5128 , 271 , 
5129 , 271 , 
5130 , 272 , 
5131 , 272 , 
5132 , 272 , 
5133 , 272 , 
5134 , 272 , 
5135 , 272 , 
5136 , 272 , 
5137 , 272 , 
5138 , 272 , 
5139 , 272 , 
5140 , 272 , 
5141 , 272 , 
5142 , 272 , 
5143 , 272 , 
5144 , 272 , 
5145 , 272 , 
5146 , 272 , 
5147 , 272 , 
5148 , 272 , 
5149 , 273 , 
5150 , 273 , 
5151 , 273 , 
5152 , 273 , 
5153 , 273 , 
5154 , 273 , 
5155 , 273 , 
5156 , 273 , 
5157 , 273 , 
5158 , 273 , 
5159 , 273 , 
5160 , 273 , 
5161 , 273 , 
5162 , 273 , 
5163 , 273 , 
5164 , 273 , 
5165 , 273 , 
5166 , 273 , 
5167 , 273 , 
5168 , 274 , 
5169 , 274 , 
5170 , 274 , 
5171 , 274 , 
5172 , 274 , 
5173 , 274 , 
5174 , 274 , 
5175 , 274 , 
5176 , 274 , 
5177 , 274 , 
5178 , 274 , 
5179 , 274 , 
5180 , 274 , 
5181 , 274 , 
5182 , 274 , 
5183 , 274 , 
5184 , 274 , 
5185 , 274 , 
5186 , 274 , 
5187 , 275 , 
5188 , 275 , 
5189 , 275 , 
5190 , 275 , 
5191 , 275 , 
