RowID, motion, ind.production, biomass.prod.N, biomass.prod.P, biomass.prod.C, res.inflow, N.types, P.types, C.types, max.res.val, max.growth.rate, max.met.maint, max.active.dispersal, barriers, logseries.a, starting.seed, flow.rate, width, height, viscosity, total.abundance, immigration.rate, resource.tau, particle.tau, individual.tau, resource.concentration, shannons.resource.diversity, resource.richness, species.richness, simpson.e, e.var, berger.parker, inv.simp.D, N.max, skew, tracer.particles, resource.particles, speciation, Whittakers.turnover, Jaccards.dissimilarity, Sorensens.dissimilarity, avg.per.capita.growth, avg.per.capita.maint, avg.per.capita.N.efficiency, avg.per.capita.P.efficiency, avg.per.capita.C.efficiency, avg.per.capita.active.dispersal, amplitude, flux, frequency, phase, disturbance
1, 'fluid', 7.0, 1.1315278033193579, 0.46059003270607235, 1.6586074957817942, 600, 7, 9, 5, 100000, 0.1, 0.002, 0.04, 1, 0.9901675431274731, 100, 0.10000000000000001, 20, 7, 10, 791, 0.0, 14.398544640358242, 45.25, 80.965807469437209, 4.7642857142857142, 3.0131352520241892, 21.0, 12.5, 0.39829999999999999, 0.31333101579146627, 0.18710493046776233, 0.79890754299421474, 300.0, 2.2360192867911888, 9, 729, 'yes', 0.040000000000000036, 0.076923076923076872, 0.040000000000000036, 0.10012776709919984, 0.001542211618245277, 0.52312557628990086, 0.50089566519349138, 0.62205089731846563, 0.022618652784957387, 0.4, 'yes', 0.02, 2, 0.0001
2, 'fluid', 0.0, 0.0, 0.0, 0.0, 200, 1, 9, 10, 40000, 0.2, 0.0008, 0.08, 1, 0.9948740725978137, 100, 0.0050000000000000001, 10, 8, 10, 0, 0.005, 26.5, nan, 47.326530612244895, 0.78125, 2.5073060011395585, 17.0, 0.0, nan, nan, nan, nan, nan, nan, 1, 63, 'yes', nan, nan, nan, 0.10012776709919984, 0.001542211618245277, 0.52312557628990086, 0.50089566519349138, 0.62205089731846563, 0.022618652784957387, 0.4, 'yes', 0.02, 10, 0.0001
3, 'fluid', 42.0, 3.6034501141738247, 5.5870229700058189, 8.7785819195013062, 1000, 6, 1, 9, 10000, 0.2, 0.0008, 0.1, 1, 0.9963241818580864, 100, 0.20000000000000001, 20, 9, 10, 1641, 0.0005, 18.271551098095642, 32.777777777777779, 82.290859315789902, 14.338888888888889, 2.4327759330128469, 16.0, 9.5, 0.36244999999999999, 0.14536926277006201, 0.21358927483241927, 0.70436253563191287, 739.0, 1.2022935416497762, 4, 2636, 'yes', 0.052631578947368363, 0.099999999999999978, 0.052631578947368474, 0.13177411084706772, 0.0011920423643750017, 0.5386704006956089, 0.57516556460079737, 0.58209960085627377, 0.052027385085351818, 0.05, 'yes', 0.02, 5, 0.0001
4, 'fluid', 0.5, -0.012059198032282392, -0.021381884912754501, -0.19151614713197596, 200, 9, 9, 1, 10000, 0.4, 0.0002, 0.06, 1, 0.9989072601915694, 100, 0.01, 10, 5, 10, 52, 0.0005, 15.278688524590164, nan, 79.580823224751256, 0.87, 2.4577811756402292, 16.0, 6.0, 0.61535000000000006, 0.40219356826639346, 0.23076923076923078, 0.72641126086638907, 23.0, 0.34919827310127233, 1, 46, 'yes', 0.0, 0.0, 0.0, 0.18937434087533145, 0.0009876548285832642, 0.54074832736956446, 0.55402900549880074, 0.58326057524147312, 0.039886074754030949, 0.05, 'yes', 0.02, 9, 0.0001
5, 'fluid', 3.0, -0.37197903682244338, 0.39617870034915903, -0.17238349450280488, 200, 9, 7, 5, 100000, 0.4, 0.0006, 0.06, 1, 0.9981948303230398, 100, 0.02, 10, 10, 10, 147, 0.0005, 45.410204081632656, nan, 79.842666666666659, 1.0350000000000001, 2.9065668517774133, 21.0, 4.0, 0.84915000000000007, 0.88406589967030169, 0.18027210884353742, 0.7055680187968818, 55.5, 0.29813637648135716, 3, 105, 'yes', 0.0, 0.0, 0.0, 0.22431568092621429, 0.00095218852259037546, 0.53400293347795103, 0.51694515841115618, 0.57011719727565824, 0.039398429984062025, 0.2, 'yes', 0.08, 5, 0.0001
6, 'fluid', 20.0, -1.6347932191220735, 2.1753642454511777, 1.537282613988161, 400, 10, 2, 5, 80000, 0.4, 0.0006, 0.01, 1, 0.998123380342658, 100, 0.10000000000000001, 20, 10, 10, 1301, 0.001, 10.656300104860804, 43.0, 82.328120759666703, 1.6099999999999999, 2.5986208140509723, 17.0, 20.5, 0.42325000000000002, 0.23983512150488662, 0.10607225211375865, 0.88458427021358621, 287.0, 1.440213437467901, 9, 329, 'yes', 0.024390243902439046, 0.047619047619047672, 0.024390243902439046, 0.24747328993850037, 0.00092782377771138762, 0.54487458708517411, 0.52208246739371522, 0.55744897230270696, 0.03251932473272074, 0.3, 'yes', 0.02, 3, 0.0001
7, 'fluid', 0.0, 0.0, 0.0, 0.0, 200, 10, 5, 3, 100000, 0.8, 0.0004, 0.01, 1, 0.993381075706849, 100, 0.40000000000000002, 15, 5, 10, 0, 0.0001, 13.479909907240021, 19.875, 23.789042117033173, 10.173333333333334, 2.7312968401992261, 18.0, 0.0, nan, nan, nan, nan, nan, nan, 7, 797, 'yes', nan, nan, nan, 0.24747328993850037, 0.00092782377771138762, 0.54487458708517411, 0.52208246739371522, 0.55744897230270696, 0.03251932473272074, 0.4, 'yes', 0.04, 9, 0.0001
8, 'fluid', 0.5, 0.0016972574436523724, -0.0014814733779245914, 0.0049781995864550677, 800, 8, 3, 10, 20000, 0.2, 0.0002, 0.06, 1, 0.9927295252749178, 100, 0.80000000000000004, 10, 10, 10, 0, 0.001, 5.8194492370973023, 5.9308823529411772, 7.2617619383674423, 24.285, 2.923594323338695, 21.0, 0.5, 1.0, 1.0, 0.0, 0.0, 3.0, 0.0, 2, 2417, 'yes', nan, nan, nan, 0.24141055952135443, 0.0009388814361959173, 0.54111511305702087, 0.53162878230997956, 0.5551243974329112, 0.031302111236844905, 0.3, 'yes', 0.02, 2, 0.0001
9, 'fluid', 0.0, 0.0, 0.0, 0.0, 200, 9, 2, 5, 100000, 0.8, 0.002, 0.01, 1, 0.9922085574878592, 100, 0.5, 20, 5, 10, 0, 0.0, 15.22991581264651, 17.774999999999999, 24.55242105263158, 9.9299999999999997, 2.629550556654328, 16.0, 0.0, nan, nan, nan, nan, nan, nan, 7, 1026, 'yes', nan, nan, nan, 0.24141055952135443, 0.0009388814361959173, 0.54111511305702087, 0.53162878230997956, 0.5551243974329112, 0.031302111236844905, 0.4, 'yes', 0.08, 3, 0.0001
10, 'fluid', 0.0, 0.0, 0.0, 0.0, 400, 8, 6, 9, 40000, 0.4, 0.0004, 0.02, 1, 0.9957233881363868, 100, 1.0, 15, 6, 10, 0, 0.0005, 7.0918686105651698, 7.4764492753623184, 9.5984703632887189, 16.0, 3.1120998997629776, 23.0, 0.0, nan, nan, nan, nan, nan, nan, 7, 1453, 'yes', nan, nan, nan, 0.24141055952135443, 0.0009388814361959173, 0.54111511305702087, 0.53162878230997956, 0.5551243974329112, 0.031302111236844905, 0.05, 'yes', 0.1, 10, 0.0001
11, 'fluid', 2.5, -0.10375594784647646, 2.0116857754614585, -0.33771193836287594, 800, 5, 1, 4, 10000, 0.4, 0.0008, 0.01, 1, 0.9957500446961264, 100, 0.02, 10, 10, 10, 730, 0.005, 12.255572441742654, nan, 84.858340356260499, 0.87000000000000011, 1.9998562114237379, 10.0, 11.0, 0.31679999999999997, 0.3808321754425289, 0.2226027397260274, 0.71198392434687907, 344.5, 2.2137457465425929, 1, 93, 'yes', 0.0, 0.0, 0.0, 0.24591104766466218, 0.00093082538327832415, 0.53708102002221025, 0.55561215232724126, 0.54688200494654682, 0.027301104217679301, 0.2, 'yes', 0.06, 0, 0.0001
12, 'fluid', 16.5, 0.15645744221993141, -0.10823585631338517, 1.7858157605109, 600, 7, 4, 7, 10000, 0.8, 0.0002, 0.06, 1, 0.9909415037495363, 100, 0.050000000000000003, 20, 7, 10, 3423, 0.0, 5.0118100098319207, nan, 87.700689727221004, 0.72142857142857142, 2.7946671709770037, 18.0, 18.5, 0.35285, 0.15414966111820505, 0.13380075956763074, 0.84671910584430332, 950.0, 1.7944493725343584, 11, 107, 'yes', 0.027027027027026973, 0.052631578947368474, 0.027027027027026973, 0.29888976624189073, 0.00086507232504171689, 0.52922241185584895, 0.55993725428776897, 0.54904723836892022, 0.028007520965494644, 0.05, 'yes', 0.01, 5, 0.0001
13, 'fluid', -2.5, -0.30649135727514576, 0.215042858236, -0.27781820447941286, 200, 8, 10, 7, 80000, 0.4, 0.002, 0.02, 1, 0.9969076216531115, 100, 0.070000000000000007, 10, 9, 10, 267, 0.0, 7.8515607642746055, 49.5, 76.480415239726028, 0.79444444444444451, 3.0528650774707926, 24.0, 7.0, 0.61995, 0.40093179812556623, 0.19662921348314608, 0.76957621126424369, 100.0, 0.70779676068975417, 6, 75, 'yes', 0.0, 0.0, 0.0, 0.29459809447617313, 0.00092840532954427141, 0.52424197033069464, 0.5580283018290233, 0.5435000330415819, 0.026097224302116914, 0.05, 'yes', 0.08, 3, 0.0001
14, 'fluid', 7.5, -0.091786831322664852, 0.10869087995872206, 0.5634667598433758, 1000, 1, 2, 8, 10000, 0.8, 0.0002, 0.02, 1, 0.9986530861092024, 100, 0.0074999999999999997, 10, 9, 10, 468, 0.001, 13.960000000000001, nan, 86.699613899613894, 0.8666666666666667, 1.8386588130286581, 11.0, 3.0, 0.88444999999999996, 0.89927898731434408, 0.21794871794871795, 0.62306829532260599, 215.0, -0.09086536427264956, 2, 78, 'yes', 0.0, 0.0, 0.0, 0.33159251978060122, 0.00090561585506924167, 0.49753065983715383, 0.54732495426380279, 0.54071315434511213, 0.02472940696670645, 0.4, 'yes', 0.02, 9, 0.0001
15, 'fluid', 8.5, -0.1002796467439282, 3.4298852214248683, -0.42006546318187432, 200, 8, 3, 6, 10000, 0.6, 0.0008, 0.06, 1, 0.9948683286309961, 100, 0.070000000000000007, 10, 7, 10, 602, 0.005, 8.8452996583248691, 28.0, 80.686718061541967, 1.1857142857142857, 2.6204174554989752, 16.5, 9.0, 0.2979, 0.18583187116404443, 0.22425249169435216, 0.62576974852718048, 285.0, 1.3272987116574904, 5, 81, 'yes', 0.0, 0.0, 0.0, 0.35026571023733982, 0.00090887050395913071, 0.50855543174113949, 0.55794073518508802, 0.54901520875721044, 0.025377097587308741, 0.1, 'yes', 0.1, 6, 0.0001
16, 'fluid', 0.5, 0.53582964064093019, -0.4406845245152855, 0.33890431345301408, 200, 6, 3, 4, 20000, 0.2, 0.0002, 0.04, 1, 0.9940645978478018, 100, 0.040000000000000001, 20, 6, 10, 496, 0.0001, 29.204237288135594, 60.0, 83.519654863290015, 0.8833333333333333, 2.5029077677951381, 13.0, 10.0, 0.4199, 0.21316289699199858, 0.16532258064516128, 0.76167817296757367, 164.5, 1.0679051720423725, 3, 106, 'yes', 0.0, 0.0, 0.0, 0.33178428013074446, 0.00086654676782863091, 0.51116315647067889, 0.55980377057564945, 0.55010484249363922, 0.025355970820810113, 0.3, 'yes', 0.01, 6, 0.0001
17, 'fluid', 0.0, -0.0010000000000000009, -0.0010000000000000009, -0.0010000000000000009, 600, 8, 5, 5, 10000, 0.6, 0.001, 0.06, 1, 0.9986497375120988, 100, 0.0050000000000000001, 15, 8, 10, 0, 0.0, 48.333333333333336, nan, 65.581920903954796, 1.3291666666666666, 2.7861924373070859, 18.0, 0.5, 1.0, 1.0, 0.0, 0.0, 2.0, 0.0, 1, 165, 'yes', nan, nan, nan, 0.33239455624934044, 0.00087127994781559389, 0.50678080539299908, 0.55785553648829311, 0.54798171007495433, 0.025528744567561382, 0.3, 'yes', 0.04, 9, 0.0001
18, 'fluid', 4.0, 0.51695038302505036, 1.063778068432164, 1.1633213172104773, 600, 9, 5, 3, 100000, 0.6, 0.0004, 0.02, 1, 0.994190912420305, 100, 0.69999999999999996, 20, 8, 10, 98, 0.001, 14.298255988598999, 15.028301886792454, 65.375754962591543, 28.265625, 2.7244417209086738, 17.0, 11.5, 0.5917, 0.4016996246543188, 0.22959183673469388, 0.84724705966251679, 33.0, 0.57886895063433197, 19, 4688, 'yes', 0.21739130434782616, 0.3571428571428571, 0.21739130434782605, 0.33315106781930254, 0.00085035119783999694, 0.50559052161508522, 0.55537157250616831, 0.54652103088155168, 0.024752477032649493, 0.5, 'yes', 0.08, 8, 0.0001
19, 'fluid', 2.5, -0.43989071055659501, -0.17887370379772349, -0.47739420333642535, 200, 6, 5, 2, 40000, 0.1, 0.001, 0.02, 1, 0.9934168050198705, 100, 0.050000000000000003, 20, 5, 10, 148, 0.0, 36.716471647164717, nan, 77.55490888347569, 1.9399999999999999, 2.4814859315553965, 13.0, 9.0, 0.60840000000000005, 0.32962777191840009, 0.13175675675675674, 0.81734517457651124, 40.5, 0.41129650601440498, 4, 199, 'yes', 0.0, 0.0, 0.0, 0.31647245752593844, 0.00086125017225628056, 0.50976616750466819, 0.55518826557594314, 0.55684078420717242, 0.023649771881768051, 0.5, 'yes', 0.02, 6, 0.0001
20, 'fluid', -11.5, -0.80229768665591905, -1.0896021410940193, 3.6842324866433955, 800, 8, 6, 1, 80000, 0.8, 0.0006, 0.01, 1, 0.9936534018664782, 100, 0.089999999999999997, 20, 8, 10, 4775, 0.001, 3.6925065857821311, 45.0, 85.705144829152374, 1.16875, 2.2859968376957394, 15.0, 23.0, 0.29879999999999995, 0.15139532985036019, 0.12890052356020942, 0.85442116552506819, 1249.5, 1.8726792744401204, 12, 180, 'yes', 0.0, 0.0, 0.0, 0.33637144103705613, 0.00085433730260899368, 0.50969032811841786, 0.55735949380680339, 0.56177546746573037, 0.022402637417599732, 0.05, 'yes', 0.02, 3, 0.0001
21, 'fluid', 5.0, 0.64452439810810702, -0.5039712096494533, 0.46016602348805336, 600, 9, 2, 5, 10000, 0.4, 0.0004, 0.02, 1, 0.9975347626256736, 100, 0.01, 10, 8, 10, 485, 0.001, 28.536135693215339, nan, 86.28940903353768, 1.175, 2.4720980212423829, 16.0, 5.0, 0.51219999999999999, 0.24199141316316447, 0.26804123711340205, 0.609547323007819, 264.5, 0.89239576561827549, 1, 89, 'yes', 0.0, 0.0, 0.0, 0.33490912114669097, 0.00084196574642944491, 0.50935564985834947, 0.56119327043703215, 0.55924726177626238, 0.021598201508998167, 0.1, 'yes', 0.08, 5, 0.0001
22, 'fluid', 0.0, 0.0, 0.0, 0.0, 1000, 10, 4, 6, 100000, 0.1, 0.0001, 0.01, 1, 0.9954310692176109, 100, 0.80000000000000004, 20, 7, 10, 0, 0.001, 11.198552020265257, 14.862500000000001, 15.400372054568003, 36.035714285714285, 2.9241719596064657, 20.0, 0.0, nan, nan, nan, nan, nan, nan, 13, 5083, 'yes', nan, nan, nan, 0.33490912114669097, 0.00084196574642944491, 0.50935564985834947, 0.56119327043703215, 0.55924726177626238, 0.021598201508998167, 0.1, 'yes', 0.02, 2, 0.0001
23, 'fluid', 5.5, 0.82502837589601175, 2.2869301838975407, 0.13336767431484997, 400, 2, 6, 8, 100000, 0.6, 0.0002, 0.06, 1, 0.9972644299033949, 100, 0.01, 10, 8, 10, 199, 0.001, 27.30193236714976, nan, 84.476833416293346, 0.82499999999999996, 2.5074566695162979, 15.5, 6.0, 0.70855000000000001, 0.38691682850471465, 0.1306532663316583, 0.76409115848220344, 52.0, -0.4014944334768546, 2, 57, 'yes', 0.0, 0.0, 0.0, 0.33427019924430662, 0.0008186817349195313, 0.49511121340403563, 0.55655122591455408, 0.55398981221686761, 0.021667578559187738, 0.05, 'yes', 0.06, 4, 0.0001
24, 'fluid', 0.0, 0.0, 0.0, 0.0, 1000, 3, 1, 6, 10000, 0.8, 0.001, 0.01, 1, 0.9977663686865654, 100, 0.40000000000000002, 10, 9, 10, 0, 0.0001, 10.914527630917526, 12.262499999999999, 17.441147378832838, 26.133333333333333, 2.0585557487635269, 10.0, 0.0, nan, nan, nan, nan, nan, nan, 5, 2236, 'yes', nan, nan, nan, 0.33427019924430662, 0.0008186817349195313, 0.49511121340403563, 0.55655122591455408, 0.55398981221686761, 0.021667578559187738, 0.5, 'yes', 0.04, 4, 0.0001
25, 'fluid', 36.5, 0.47590602118987135, 2.0257132312511743, 2.412152698868951, 600, 2, 8, 6, 10000, 0.8, 0.0006, 0.08, 1, 0.9907277360085079, 100, 0.050000000000000003, 20, 10, 10, 1879, 0.005, 12.181833717850123, nan, 84.296088414509455, 1.085, 2.5773626945072343, 16.0, 12.0, 0.17070000000000002, 0.16096479573217048, 0.32943054816391698, 0.51164495262581866, 1249.0, 2.757937763850435, 10, 202, 'yes', 0.0, 0.0, 0.0, 0.34914477631591889, 0.00081351925967601427, 0.49898017339810141, 0.55757919723726479, 0.5572311058070073, 0.024042200773739187, 0.05, 'yes', 0.06, 6, 0.0001
26, 'fluid', 0.0, 0.0, 0.0, 0.0, 200, 9, 9, 2, 100000, 0.1, 0.0008, 0.08, 1, 0.9919141701163351, 100, 0.01, 10, 6, 10, 0, 0.0, 23.333333333333332, nan, 47.086956521739133, 1.4750000000000001, 2.735989006861157, 20.0, 0.0, nan, nan, nan, nan, nan, nan, 3, 91, 'yes', nan, nan, nan, 0.34914477631591889, 0.00081351925967601427, 0.49898017339810141, 0.55757919723726479, 0.5572311058070073, 0.024042200773739187, 0.3, 'yes', 0.1, 10, 0.0001
27, 'fluid', 0.0, -0.0036293260085630275, -0.013848069022498688, -0.010539149441733064, 800, 8, 3, 1, 10000, 0.4, 0.0006, 0.01, 1, 0.9934826749834534, 100, 0.40000000000000002, 15, 10, 10, 8, 0.0005, 15.727139385405515, 24.333333333333336, 23.649955035971225, 17.983333333333334, 2.1598411846070613, 12.0, 2.0, 0.90000000000000002, 0.90671934203399152, 0.25, 0.4375, 5.0, 0.0, 11, 2672, 'yes', 0.0, 0.0, 0.0, 0.33692535134327828, 0.0008117765783007164, 0.49785175827361816, 0.56268934106193091, 0.56618640758073724, 0.023104225183801952, 0.05, 'yes', 0.04, 6, 0.0001
28, 'fluid', 40.5, 7.4011189813680858, 5.1043963911182431, 5.5625719397138127, 600, 2, 1, 7, 100000, 0.6, 0.0004, 0.1, 1, 0.9918270488694082, 100, 0.20000000000000001, 15, 10, 10, 673, 0.0005, 17.647442600591042, 47.388888888888886, 75.455936146598845, 11.083333333333332, 1.9469676984430473, 10.0, 3.0, 0.34334999999999999, 0.10732302379408298, 0.4947994056463596, 0.028943102064613757, 667.5, 0.70699684610683911, 12, 1692, 'yes', 0.0, 0.0, 0.0, 0.3492401484841553, 0.00081084959973072167, 0.48383354782473942, 0.56648208964805902, 0.56204267586058831, 0.026491548141178635, 0.5, 'yes', 0.1, 8, 0.0001
29, 'fluid', 0.0, 0.0, 0.0, 0.0, 200, 2, 1, 7, 40000, 0.8, 0.0002, 0.06, 1, 0.9935884877274331, 100, 0.40000000000000002, 15, 7, 10, 0, 0.0, 14.354409118176365, 11.935483870967742, 24.699052489096104, 6.4380952380952383, 1.9677006652624036, 10.0, 0.0, nan, nan, nan, nan, nan, nan, 5, 663, 'yes', nan, nan, nan, 0.3492401484841553, 0.00081084959973072167, 0.48383354782473942, 0.56648208964805902, 0.56204267586058831, 0.026491548141178635, 0.2, 'yes', 0.1, 6, 0.0001
30, 'fluid', 0.0, 0.0, 0.0, 0.0, 1000, 3, 9, 4, 10000, 0.2, 0.001, 0.08, 1, 0.9928592293625608, 100, 0.90000000000000002, 20, 9, 10, 0, 0.0, 10.073029468091438, 11.898268398268398, 14.58528122717312, 26.222222222222221, 2.649256250149838, 16.0, 0.0, nan, nan, nan, nan, nan, nan, 14, 4721, 'yes', nan, nan, nan, 0.3492401484841553, 0.00081084959973072167, 0.48383354782473942, 0.56648208964805902, 0.56204267586058831, 0.026491548141178635, 0.1, 'yes', 0.08, 4, 0.0001
31, 'fluid', 0.0, 0.001690466435796685, -0.00041335648380841188, -0.00041335648380841014, 400, 6, 5, 7, 40000, 0.2, 0.0008, 0.08, 1, 0.9967028035623308, 100, 1.0, 20, 8, 10, 0, 0.0, 15.101469644002751, 11.844512195121951, 58.355834975084022, 24.703125, 2.8797088174868168, 18.0, 0.5, 1.0, 1.0, 0.0, 0.0, 1.0, 0.0, 19, 3997, 'yes', nan, nan, nan, 0.34573049810619061, 0.00080648190513815958, 0.48470205927032134, 0.56476161874749919, 0.55963491856470093, 0.027304496612357003, 0.05, 'yes', 0.06, 8, 0.0001
32, 'fluid', 0.0, 0.0, 0.0, 0.0, 1000, 2, 8, 10, 100000, 0.1, 0.0001, 0.06, 1, 0.9945475275742605, 100, 0.20000000000000001, 15, 10, 10, 0, 0.0005, 27.44799186944989, 23.875, 43.073452102803735, 22.0, 2.7772217481693682, 20.0, 0.0, nan, nan, nan, nan, nan, nan, 7, 3258, 'yes', nan, nan, nan, 0.34573049810619061, 0.00080648190513815958, 0.48470205927032134, 0.56476161874749919, 0.55963491856470093, 0.027304496612357003, 0.4, 'yes', 0.08, 7, 0.0001
33, 'fluid', 6.0, 0.24663196307449198, 0.48069701828374889, 0.43347977032993512, 800, 7, 3, 7, 20000, 0.2, 0.001, 0.02, 1, 0.990544068852063, 100, 0.02, 20, 6, 10, 347, 0.0, 44.721824408468244, nan, 82.100911251980975, 4.0708333333333329, 2.7122594763350625, 17.0, 2.0, 0.99730000000000008, 0.99825097698531573, 0.24927953890489912, 0.4986306388849211, 175.0, 0.0, 1, 486, 'yes', 0.0, 0.0, 0.0, 0.33756148475702247, 0.00081518438247484633, 0.48644036210684272, 0.56450872163006482, 0.56019511888276874, 0.026492701376432851, 0.1, 'yes', 0.1, 9, 0.0001
34, 'fluid', -6.5, 2.1582549328731631, -0.95644398256403207, -0.35703091221672878, 1000, 5, 8, 7, 40000, 0.8, 0.0008, 0.01, 1, 0.9988637818335985, 100, 0.02, 15, 6, 10, 1348, 0.0, 7.9521018435163802, nan, 88.164753245124473, 1.3111111111111111, 2.8793627005960385, 20.0, 7.5, 0.38240000000000002, 0.15594276086915926, 0.24517804154302669, 0.65009007885761949, 685.5, 1.2949423563898284, 3, 120, 'yes', 0.066666666666666652, 0.125, 0.066666666666666652, 0.34616819613398914, 0.00082032119748691337, 0.49239663027152519, 0.56428381675695127, 0.55865939332849146, 0.025530542054544695, 0.4, 'yes', 0.04, 9, 0.0001
35, 'fluid', 2.0, 0.48567208310293353, 0.50879983351711289, 0.1864550604486972, 400, 8, 5, 9, 20000, 0.2, 0.0006, 0.08, 1, 0.9910638701240665, 100, 0.040000000000000001, 20, 5, 10, 610, 0.005, 12.596593755217899, nan, 82.175784637426688, 1.365, 2.9879058456957885, 22.0, 12.0, 0.70355000000000001, 0.50662325071636416, 0.091803278688524587, 0.88155155366384008, 114.0, 0.52384672938206633, 1, 135, 'yes', 0.0, 0.0, 0.0, 0.33722119864306982, 0.00081635236230644538, 0.49261794992185953, 0.56150562103608803, 0.55944087717278357, 0.02621573323487213, 0.05, 'yes', 0.04, 8, 0.0001
36, 'fluid', 13.0, 2.6992027826733178, 3.0964912865118848, -0.38304452512397802, 400, 6, 6, 9, 20000, 0.2, 0.0004, 0.02, 1, 0.996889466735037, 100, 0.080000000000000002, 15, 7, 10, 1003, 0.001, 10.458446299151205, 34.333333333333336, 83.579423508145709, 1.8857142857142857, 2.9016080461220932, 21.0, 16.5, 0.24970000000000001, 0.33259342954286464, 0.24576271186440679, 0.75687375251109323, 469.5, 3.1093968235769593, 6, 205, 'yes', 0.030303030303030276, 0.058823529411764719, 0.030303030303030276, 0.33015204656268482, 0.00080838365822003813, 0.49427893816884699, 0.5600587698973114, 0.55834238833246974, 0.02553696076606039, 0.1, 'yes', 0.06, 6, 0.0001
37, 'fluid', 0.5, 0.056007292502127937, -0.0062659680612291158, -0.0039001483008212767, 800, 7, 9, 10, 20000, 0.1, 0.0006, 0.1, 1, 0.9987827135826158, 100, 0.0074999999999999997, 10, 6, 10, 7, 0.0005, 24.882352941176471, nan, 74.762422360248451, 4.8000000000000007, 3.2038779507404609, 26.0, 1.0, 1.0, 1.0, 0.7857142857142857, 0.0, 9.0, 0.0, 3, 298, 'yes', 0.0, 0.0, 0.0, 0.32111393979124037, 0.00080392335846171019, 0.48723280422827886, 0.55924853434097743, 0.55882861690752883, 0.026488521892677728, 0.4, 'yes', 0.08, 2, 0.0001
38, 'fluid', 0.0, 0.0, 0.0, 0.0, 1000, 5, 2, 2, 100000, 0.1, 0.002, 0.1, 1, 0.9975979337735466, 100, 0.0074999999999999997, 20, 7, 10, 0, 0.0001, 46.944444444444443, nan, 29.388888888888889, 2.3714285714285714, 2.0965459959872872, 9.0, 0.0, nan, nan, nan, nan, nan, nan, 0, 342, 'yes', nan, nan, nan, 0.32111393979124037, 0.00080392335846171019, 0.48723280422827886, 0.55924853434097743, 0.55882861690752883, 0.026488521892677728, 0.3, 'yes', 0.02, 2, 0.0001
39, 'fluid', 0.0, 0.0, 0.0, 0.0, 400, 7, 2, 7, 80000, 0.6, 0.002, 0.02, 1, 0.9974751855329248, 100, 0.0074999999999999997, 15, 8, 10, 0, 0.0001, 24.714285714285715, nan, 35.96153846153846, 1.4666666666666668, 2.5838306735626544, 16.0, 0.0, nan, nan, nan, nan, nan, nan, 0, 183, 'yes', nan, nan, nan, 0.32111393979124037, 0.00080392335846171019, 0.48723280422827886, 0.55924853434097743, 0.55882861690752883, 0.026488521892677728, 0.5, 'yes', 0.08, 10, 0.0001
40, 'fluid', 20.0, 0.60723899670766457, 0.9010595855959167, 2.3889756265866424, 800, 7, 9, 2, 100000, 0.4, 0.0008, 0.01, 1, 0.9956840265059891, 100, 0.02, 10, 7, 10, 1087, 0.0005, 13.099403611647897, nan, 86.712264400839501, 1.6000000000000001, 2.5678520761749164, 17.5, 6.0, 0.58105000000000007, 0.5259776098014467, 0.17617295308187672, 0.71314982255124815, 402.0, 0.635331815580918, 0, 113, 'yes', 0.0, 0.0, 0.0, 0.31993927720897558, 0.00080829658097900526, 0.48465721595700995, 0.55691310279312223, 0.56392292925006704, 0.025560574584030316, 0.1, 'yes', 0.04, 3, 0.0001
41, 'fluid', 0.0, 0.0, 0.0, 0.0, 600, 9, 8, 9, 100000, 0.2, 0.002, 0.02, 1, 0.9947564488472163, 100, 0.01, 20, 6, 10, 0, 0.0001, 37.950000000000003, nan, 34.017857142857146, 2.7000000000000002, 3.2180502563022655, 26.0, 0.0, nan, nan, nan, nan, nan, nan, 0, 335, 'yes', nan, nan, nan, 0.31993927720897558, 0.00080829658097900526, 0.48465721595700995, 0.55691310279312223, 0.56392292925006704, 0.025560574584030316, 0.2, 'yes', 0.08, 9, 0.0001
42, 'fluid', 0.0, 0.0, 0.0, 0.0, 1000, 9, 1, 8, 40000, 0.4, 0.002, 0.02, 1, 0.9913445115994722, 100, 0.80000000000000004, 15, 6, 10, 0, 0.001, 8.4533208562231437, 8.1866666666666656, 11.919388105878308, 38.716666666666669, 2.5090116958218607, 18.0, 0.0, nan, nan, nan, nan, nan, nan, 7, 3530, 'yes', nan, nan, nan, 0.31993927720897558, 0.00080829658097900526, 0.48465721595700995, 0.55691310279312223, 0.56392292925006704, 0.025560574584030316, 0.1, 'yes', 0.04, 1, 0.0001
43, 'fluid', 9.0, 1.1552489283954372, -0.7912819678593408, 1.7291844382941832, 400, 8, 6, 3, 10000, 0.6, 0.002, 0.06, 1, 0.9936995521678104, 100, 0.080000000000000002, 20, 7, 10, 571, 0.0, 9.9542953835473789, 46.0, 79.920242788703092, 2.157142857142857, 2.7302301573408427, 17.0, 21.5, 0.38205, 0.28649839549828277, 0.096322241681260939, 0.8778886159687016, 121.0, 1.4651553430496345, 5, 329, 'yes', 0.023255813953488413, 0.045454545454545414, 0.023255813953488413, 0.32453838184282857, 0.0008335431402409397, 0.48585991143301077, 0.55484399969628218, 0.56375660537537409, 0.026019814337105682, 0.4, 'yes', 0.01, 7, 0.0001
44, 'fluid', -11.0, -0.84774400823270923, 0.10357402665545834, -0.74314873863930586, 600, 4, 3, 7, 20000, 0.2, 0.002, 0.04, 1, 0.9905898534005274, 100, 0.10000000000000001, 20, 9, 10, 673, 0.0005, 14.56226492567956, 41.0, 82.037600644449952, 3.6916666666666664, 2.5767215965485182, 14.0, 12.0, 0.54339999999999999, 0.33361389793248269, 0.13150074294205052, 0.84664959694273523, 169.0, 1.1075680847261276, 5, 679, 'yes', 0.0, 0.0, 0.0, 0.31885435103500254, 0.00085364901584848317, 0.48813284383719663, 0.55529259273297593, 0.56331754519488231, 0.025550784941522936, 0.05, 'yes', 0.08, 1, 0.0001
45, 'fluid', 0.0, 0.0, 0.0, 0.0, 200, 10, 8, 9, 80000, 0.6, 0.0002, 0.08, 1, 0.998474026761755, 100, 0.80000000000000004, 10, 6, 10, 0, 0.0005, 5.5225622003997898, 6.060493827160494, 8.8007495315427864, 8.9749999999999996, 3.2694222779755688, 27.0, 0.0, nan, nan, nan, nan, nan, nan, 3, 553, 'yes', nan, nan, nan, 0.31885435103500254, 0.00085364901584848317, 0.48813284383719663, 0.55529259273297593, 0.56331754519488231, 0.025550784941522936, 0.3, 'yes', 0.06, 8, 0.0001
46, 'fluid', 0.0, 0.0, 0.0, 0.0, 800, 3, 5, 5, 100000, 0.8, 0.0001, 0.1, 1, 0.9985034943781326, 100, 0.90000000000000002, 10, 6, 10, 0, 0.0, 5.4202807156125559, 5.3117647058823527, 8.4253913043478263, 29.899999999999999, 2.5373221560946799, 13.0, 0.0, nan, nan, nan, nan, nan, nan, 5, 1715, 'yes', nan, nan, nan, 0.31885435103500254, 0.00085364901584848317, 0.48813284383719663, 0.55529259273297593, 0.56331754519488231, 0.025550784941522936, 0.4, 'yes', 0.02, 10, 0.0001
47, 'fluid', 0.0, 0.0, 0.0, 0.0, 200, 4, 2, 9, 10000, 0.1, 0.0002, 0.01, 1, 0.9906611602868446, 100, 0.69999999999999996, 20, 9, 10, 0, 0.0005, 12.78887468833889, 13.87797619047619, 17.532254958598113, 5.3194444444444446, 2.5040575553247253, 15.0, 0.0, nan, nan, nan, nan, nan, nan, 11, 951, 'yes', nan, nan, nan, 0.31885435103500254, 0.00085364901584848317, 0.48813284383719663, 0.55529259273297593, 0.56331754519488231, 0.025550784941522936, 0.1, 'yes', 0.04, 7, 0.0001
48, 'fluid', -8.0, -0.52289676690703857, 0.17096601701261704, -1.6465636192959607, 800, 3, 9, 3, 100000, 0.6, 0.001, 0.08, 1, 0.9944858559739119, 100, 0.050000000000000003, 10, 7, 10, 2333, 0.005, 9.4176410100163768, nan, 86.65080724160029, 4.0, 2.5653760161941634, 15.0, 14.0, 0.19869999999999999, 0.10451615413710713, 0.28696956708101157, 0.64037056716569762, 1298.0, 2.6088485109048776, 5, 286, 'yes', 0.0, 0.0, 0.0, 0.32777960549022611, 0.00085863842583235343, 0.49384321087106497, 0.55631946908671981, 0.56696725890071931, 0.025797441226352576, 0.05, 'yes', 0.08, 10, 0.0001
49, 'fluid', -3.0, 0.13960763508019092, -0.41085432324916304, 0.29667882888542429, 200, 6, 2, 5, 80000, 0.2, 0.001, 0.06, 1, 0.9965385539171616, 100, 0.070000000000000007, 20, 6, 10, 299, 0.001, 20.138271604938272, nan, 80.276036008070776, 1.7958333333333334, 2.4414692489403675, 13.0, 11.0, 0.36354999999999998, 0.2381534960091497, 0.17892976588628762, 0.74789262937029044, 112.5, 1.3668849108930754, 5, 210, 'yes', 0.090909090909090828, 0.16666666666666663, 0.090909090909090939, 0.32147502160364422, 0.00086316040909857931, 0.49516167550000967, 0.55916534965517384, 0.56311353189232194, 0.026137935842209886, 0.3, 'yes', 0.04, 4, 0.0001
50, 'fluid', 4.0, 0.71402401597809728, 1.4977967214864947, 1.7033523503024526, 600, 3, 5, 3, 80000, 0.6, 0.001, 0.08, 1, 0.9984179532825204, 100, 0.080000000000000002, 15, 6, 10, 1206, 0.001, 4.8734843845682789, 37.0, 81.778320985527216, 2.8722222222222222, 2.3375118309457061, 11.0, 22.5, 0.4607, 0.22307583116085183, 0.070066334991708126, 0.90320837185132041, 176.5, 1.0723084632033515, 3, 269, 'yes', 0.066666666666666652, 0.125, 0.066666666666666652, 0.32432078672327735, 0.00086754704992366588, 0.49821286245475105, 0.55712444729685895, 0.55904187291772955, 0.027086509745740131, 0.1, 'yes', 0.02, 2, 0.0001
51, 'fluid', 0.0, 0.0, 0.0, 0.0, 600, 1, 8, 5, 100000, 0.4, 0.0006, 0.1, 1, 0.9985849248358154, 100, 0.69999999999999996, 20, 6, 10, 0, 0.0, 12.488507958369617, 15.472727272727273, 20.005308794903556, 24.154166666666669, 2.3286811987317106, 14.0, 0.0, nan, nan, nan, nan, nan, nan, 11, 2964, 'yes', nan, nan, nan, 0.32432078672327735, 0.00086754704992366588, 0.49821286245475105, 0.55712444729685895, 0.55904187291772955, 0.027086509745740131, 0.3, 'yes', 0.08, 8, 0.0001
52, 'fluid', -6.5, -1.8641768906786851, -0.8764628245017505, -0.31472454662908689, 400, 5, 4, 8, 40000, 0.6, 0.0004, 0.02, 1, 0.9972411821186904, 100, 0.040000000000000001, 15, 8, 10, 1593, 0.0, 17.99912510936133, 69.0, 89.287846968552529, 0.84999999999999998, 2.7099970451691151, 17.0, 7.0, 0.28480000000000005, 0.18184108498560214, 0.34337727558066539, 0.49793713581737242, 1100.0, 1.7987280458551855, 6, 103, 'yes', 0.0, 0.0, 0.0, 0.3245957145114946, 0.00086337060995903914, 0.49845686736091588, 0.55352831754271603, 0.55862412154656904, 0.026369765526816469, 0.5, 'yes', 0.02, 5, 0.0001
53, 'fluid', 1.0, 0.025046228516488522, -0.0012810883485356028, -0.0012810883485355751, 800, 10, 1, 3, 20000, 0.4, 0.0006, 0.04, 1, 0.9914665068530321, 100, 0.69999999999999996, 10, 6, 10, 0, 0.001, 6.4421116692674705, 7.8805031446540879, 6.4909641873278243, 32.450000000000003, 2.2311997480250243, 14.0, 0.5, 1.0, 1.0, 0.0, 0.0, 3.0, 0.0, 8, 1995, 'yes', nan, nan, nan, 0.3214884898492521, 0.00086290674249986507, 0.49761635620032807, 0.55295945405484503, 0.55902165061007769, 0.026183374702852674, 0.2, 'yes', 0.02, 7, 0.0001
54, 'fluid', 0.0, 0.0, 0.0, 0.0, 1000, 4, 8, 8, 80000, 0.4, 0.0004, 0.02, 1, 0.9955777231516526, 100, 0.80000000000000004, 15, 9, 10, 0, 0.0001, 8.354439014181553, 8.9420289855072461, 12.125262526252625, 32.88148148148148, 2.9403951278803562, 20.0, 0.0, nan, nan, nan, nan, nan, nan, 7, 4515, 'yes', nan, nan, nan, 0.3214884898492521, 0.00086290674249986507, 0.49761635620032807, 0.55295945405484503, 0.55902165061007769, 0.026183374702852674, 0.3, 'yes', 0.02, 8, 0.0001
55, 'fluid', -7.0, 0.008267252726007257, -1.9231125324119063, 0.11410856953286697, 600, 1, 10, 5, 100000, 0.2, 0.001, 0.1, 1, 0.9970525826445077, 100, 0.050000000000000003, 20, 6, 10, 1007, 0.005, 15.697610030216438, nan, 84.315799790904336, 3.0499999999999998, 2.3702846072136223, 16.0, 14.5, 0.28084999999999999, 0.34049993487159708, 0.21449851042701093, 0.75308168563876743, 454.5, 2.6711753927725939, 7, 389, 'yes', 0.034482758620689724, 0.066666666666666652, 0.034482758620689613, 0.31712257800909122, 0.00086691780060353131, 0.50503877513078343, 0.55297469158565615, 0.56015094834957635, 0.026831828194287033, 0.5, 'yes', 0.1, 9, 0.0001
56, 'fluid', 1.5, 0.011806607259192026, 0.026579086865760049, 0.021899277242694831, 400, 3, 7, 8, 100000, 0.4, 0.0001, 0.1, 1, 0.998305036065257, 100, 0.40000000000000002, 20, 9, 10, 11, 0.005, 17.844107944154871, 17.660714285714285, 29.216206342247553, 10.300000000000001, 2.8214128083830525, 18.0, 3.0, 0.93910000000000005, 0.9596869017605173, 0.13636363636363635, 0.60363636363636364, 3.5, 0.24669110010907933, 12, 1854, 'yes', 0.66666666666666674, 0.80000000000000004, 0.66666666666666674, 0.31350672237984667, 0.00085655025212012152, 0.5041612637600581, 0.5519869910851527, 0.5595499916748804, 0.027639672580870925, 0.05, 'yes', 0.1, 8, 0.0001
57, 'fluid', 1.5, 0.0093547495213477383, 0.063824209020220568, 0.22916987383475629, 200, 9, 3, 10, 40000, 0.2, 0.0004, 0.04, 1, 0.9952945824447132, 100, 0.40000000000000002, 20, 6, 10, 36, 0.005, 17.940794376679193, 22.694444444444443, 26.037343470483005, 7.6416666666666666, 2.948362146121001, 22.0, 6.0, 0.88380000000000003, 0.8481057331415407, 0.083333333333333329, 0.80736646510456034, 7.5, 0.35002901128373554, 11, 930, 'yes', 0.33333333333333326, 0.5, 0.33333333333333337, 0.30909205561407743, 0.00085056481849512589, 0.50168220017105603, 0.54839662231229402, 0.55840140741973288, 0.027531946062224519, 0.2, 'yes', 0.04, 8, 0.0001
58, 'fluid', 0.0, 0.0, 0.0, 0.0, 200, 4, 2, 9, 80000, 0.8, 0.0004, 0.02, 1, 0.9976067321286424, 100, 0.40000000000000002, 10, 5, 10, 0, 0.0, 10.185850619520508, 11.083333333333332, 16.932159882654933, 9.8399999999999999, 2.4884439639538822, 15.0, 0.0, nan, nan, nan, nan, nan, nan, 4, 510, 'yes', nan, nan, nan, 0.30909205561407743, 0.00085056481849512589, 0.50168220017105603, 0.54839662231229402, 0.55840140741973288, 0.027531946062224519, 0.4, 'yes', 0.06, 10, 0.0001
59, 'fluid', 1.5, -0.074700271455178324, 1.047275153929391, 0.28787013583997556, 200, 7, 10, 1, 20000, 0.4, 0.002, 0.06, 1, 0.9939033955039326, 100, 0.059999999999999998, 20, 6, 10, 288, 0.0, 26.119788488916008, nan, 81.371653636579012, 1.325, 2.3057521497727782, 18.0, 7.0, 0.77564999999999995, 0.67956821556069402, 0.13194444444444445, 0.81582110587024803, 80.5, 0.49968866506245624, 5, 159, 'yes', 0.0, 0.0, 0.0, 0.30745727974657344, 0.00086208472229459484, 0.50257315038304695, 0.54871809424913187, 0.55218810730130652, 0.028068235229086646, 0.5, 'yes', 0.08, 10, 0.0001
60, 'fluid', 36.0, 4.227037334202036, 3.251066357166426, 4.6360331958906116, 400, 4, 10, 3, 100000, 0.4, 0.0004, 0.04, 1, 0.9908744318807721, 100, 0.5, 15, 8, 10, 345, 0.0005, 13.443212438593363, 21.612500000000001, 67.978652983804437, 14.399999999999999, 2.7015280284397427, 17.0, 7.5, 0.15594999999999998, 0.21241683695285746, 0.44782608695652176, 0.1398701768093486, 316.0, 2.1507004363924711, 13, 1745, 'yes', 0.066666666666666652, 0.125, 0.066666666666666652, 0.30869164609830069, 0.00086259755013153722, 0.49807596957768929, 0.548503103926128, 0.5580746752166883, 0.028127434280577186, 0.2, 'yes', 0.08, 2, 0.0001
61, 'fluid', 9.5, 1.0734868187880693, -0.42384236765178684, 2.1127234397930579, 800, 6, 7, 5, 10000, 0.8, 0.001, 0.08, 1, 0.9976252224468242, 100, 0.10000000000000001, 20, 7, 10, 3443, 0.001, 7.578448275862069, 54.5, 83.953098608951876, 2.6357142857142857, 2.8432562424085295, 18.0, 26.5, 0.30095000000000005, 0.18670397532133282, 0.13534708103398199, 0.87457787964498446, 826.5, 2.1321153857057031, 9, 392, 'yes', 0.018867924528301883, 0.03703703703703709, 0.018867924528301883, 0.31557295031380933, 0.00086603833512822364, 0.49973435166932545, 0.54850462076164719, 0.55658311139809391, 0.028479614356876386, 0.2, 'yes', 0.02, 1, 0.0001
62, 'fluid', 0.0, 0.0, 0.0, 0.0, 800, 6, 8, 1, 40000, 0.6, 0.0001, 0.1, 1, 0.9948437258452762, 100, 0.59999999999999998, 10, 9, 10, 0, 0.0001, 7.5045976454336012, 7.375, 11.633305988515175, 22.238888888888887, 2.3985574778304981, 15.0, 0.0, nan, nan, nan, nan, nan, nan, 6, 1984, 'yes', nan, nan, nan, 0.31557295031380933, 0.00086603833512822364, 0.49973435166932545, 0.54850462076164719, 0.55658311139809391, 0.028479614356876386, 0.3, 'yes', 0.06, 10, 0.0001
63, 'fluid', 9.0, 2.2344036153406428, 0.35146091093580267, -0.075724525989837588, 800, 5, 8, 5, 10000, 0.8, 0.0002, 0.02, 1, 0.9919126224461309, 100, 0.01, 20, 9, 10, 676, 0.0005, 27.302612349287543, nan, 89.321727104631805, 0.98333333333333339, 2.8382449525524951, 18.0, 3.0, 0.61224999999999996, 0.55240906227414877, 0.30843195266272189, 0.45556200036796146, 443.5, 0.52750413031784937, 1, 176, 'yes', 0.0, 0.0, 0.0, 0.31931924631931102, 0.00085691942419272786, 0.49937621273452237, 0.54892635274136103, 0.55553969455400298, 0.027984028720411225, 0.1, 'yes', 0.08, 2, 0.0001
64, 'fluid', 0.0, 0.0, 0.0, 0.0, 400, 2, 4, 5, 40000, 0.4, 0.0001, 0.08, 1, 0.9987373908157406, 100, 1.0, 10, 5, 10, 0, 0.0005, 4.7747533983219617, 5.0520833333333339, 6.9686539643515673, 18.760000000000002, 2.3382757779429344, 11.0, 0.0, nan, nan, nan, nan, nan, nan, 7, 946, 'yes', nan, nan, nan, 0.31931924631931102, 0.00085691942419272786, 0.49937621273452237, 0.54892635274136103, 0.55553969455400298, 0.027984028720411225, 0.1, 'yes', 0.1, 7, 0.0001
65, 'fluid', -8.0, -1.7838564991843953, -0.053214522834352351, -3.2607233573482972, 600, 10, 7, 7, 100000, 0.6, 0.0008, 0.08, 1, 0.9909916441187342, 100, 0.080000000000000002, 20, 8, 10, 2791, 0.0005, 8.6533411922427934, nan, 87.800158601169102, 0.98124999999999996, 3.0760478324234981, 24.0, 12.0, 0.33940000000000003, 0.16554066954612701, 0.20601934790397708, 0.75444468904216022, 1135.0, 1.8451745639684898, 8, 154, 'yes', 0.0, 0.0, 0.0, 0.32340521689205826, 0.00085792824849595557, 0.49815899007106307, 0.54819807452454528, 0.55299626467070273, 0.02853316170147115, 0.3, 'yes', 0.02, 5, 0.0001
66, 'fluid', 0.0, 0.0, 0.0, 0.0, 400, 7, 4, 6, 100000, 0.8, 0.0006, 0.1, 1, 0.9921279535165413, 100, 0.0050000000000000001, 15, 7, 10, 0, 0.0001, 6.75, nan, 45.121212121212125, 1.0238095238095237, 2.6709838355428634, 17.0, 0.0, nan, nan, nan, nan, nan, nan, 0, 110, 'yes', nan, nan, nan, 0.32340521689205826, 0.00085792824849595557, 0.49815899007106307, 0.54819807452454528, 0.55299626467070273, 0.02853316170147115, 0.4, 'yes', 0.06, 6, 0.0001
67, 'fluid', 7.5, 2.1197008299610758, 1.5232142139240068, 2.1853887752476879, 1000, 7, 5, 1, 40000, 0.4, 0.0004, 0.04, 1, 0.9945996689716253, 100, 0.050000000000000003, 10, 6, 10, 2238, 0.0, 7.2807139794168094, nan, 85.802991522782989, 3.666666666666667, 2.2793714928133548, 13.0, 17.0, 0.4158, 0.13495846900880148, 0.12198391420911528, 0.85847851538938402, 539.5, 1.2063306684369564, 5, 226, 'yes', 0.0, 0.0, 0.0, 0.32321372755847694, 0.00085295921942373301, 0.49898184565608522, 0.54850515696691582, 0.54969433651446187, 0.028168051087782482, 0.5, 'yes', 0.02, 1, 0.0001
68, 'fluid', -1.5, -0.03350955774857034, -0.093410843301664714, 0.0043856452305400806, 600, 7, 3, 5, 80000, 0.2, 0.0006, 0.04, 1, 0.9929177016603239, 100, 0.20000000000000001, 15, 10, 10, 17, 0.001, 23.210305617054299, 27.279411764705884, 46.943628890193779, 13.226666666666667, 2.6407545415797156, 15.0, 2.0, 0.9849, 0.98987980286711386, 0.23529411764705882, 0.49221453287197231, 9.0, 0.0, 5, 2007, 'yes', 0.0, 0.0, 0.0, 0.31911869638165963, 0.00085348005579437411, 0.49811730930036868, 0.54782478714925809, 0.54965877342226976, 0.027974079686853587, 0.1, 'yes', 0.04, 1, 0.0001
69, 'fluid', 0.0, 0.0, 0.0, 0.0, 200, 6, 3, 9, 80000, 0.6, 0.001, 0.04, 1, 0.9904365794318608, 100, 0.69999999999999996, 10, 7, 10, 0, 0.0001, 6.2705661547729665, 6.3560606060606055, 9.506738544474393, 6.6714285714285717, 2.800674261782897, 18.0, 0.0, nan, nan, nan, nan, nan, nan, 5, 464, 'yes', nan, nan, nan, 0.31911869638165963, 0.00085348005579437411, 0.49811730930036868, 0.54782478714925809, 0.54965877342226976, 0.027974079686853587, 0.05, 'yes', 0.08, 7, 0.0001
70, 'fluid', 0.0, -0.0003729089677242392, -0.0003729089677242392, 0.0020040514011357147, 200, 8, 8, 2, 40000, 0.4, 0.0001, 0.08, 1, 0.9951830169038232, 100, 0.80000000000000004, 15, 8, 10, 0, 0.0001, 12.855988283792581, 13.830882352941178, 12.174455050577006, 10.237500000000001, 2.7004542700292822, 18.0, 0.5, 1.0, 1.0, 0.0, 0.0, 1.0, 0.0, 12, 1246, 'yes', nan, nan, nan, 0.32090883876221027, 0.00085269388315552599, 0.4989333770879768, 0.54786699281323292, 0.54807166534656948, 0.028148586317334499, 0.05, 'yes', 0.06, 0, 0.0001
71, 'fluid', 0.0, 0.00050602606436178643, 0.020589515496881872, 0.0010202376363052656, 1000, 9, 9, 4, 100000, 0.4, 0.002, 0.1, 1, 0.9914260784142946, 100, 0.5, 10, 7, 10, 2, 0.0001, 9.3132974342386223, 8.4090909090909101, 13.768689859363434, 30.950000000000003, 3.0213114330719542, 22.0, 1.0, 1.0, 1.0, 0.5, 0.0, 2.0, 0.0, 8, 2090, 'yes', 0.0, 0.0, 0.0, 0.31850771990572174, 0.00087750581631090667, 0.49696169266561036, 0.55147745670979997, 0.54545915198922945, 0.027546231496923014, 0.2, 'yes', 0.02, 4, 0.0001
72, 'fluid', 12.5, 0.60532222396064839, 1.6464332252735119, 0.89106450315384933, 400, 7, 5, 10, 40000, 0.2, 0.0004, 0.01, 1, 0.9912362758391653, 100, 0.10000000000000001, 15, 8, 10, 871, 0.001, 12.461660988451838, 67.0, 82.355025191075498, 3.0625, 3.0354858463981564, 22.0, 18.0, 0.49970000000000003, 0.32391808076035222, 0.1079219288174512, 0.88854725899561438, 197.0, 1.6102608567735621, 8, 370, 'yes', 0.05555555555555558, 0.10526315789473684, 0.05555555555555558, 0.31522220572565718, 0.00087336853459214574, 0.49810730665245417, 0.55152730193825217, 0.54430059497510341, 0.027053928396325672, 0.1, 'yes', 0.02, 9, 0.0001
73, 'fluid', 137.0, 21.43078226856295, 29.582817149594206, 23.939454108299998, 800, 8, 4, 7, 40000, 0.6, 0.002, 0.1, 1, 0.998733346860762, 100, 0.5, 20, 8, 10, 4265, 0.0, 12.236380635743679, 18.048387096774192, 78.152156388268764, 20.856249999999999, 2.8903294240911643, 19.0, 12.5, 0.25824999999999998, 0.19070623754260985, 0.23317702227432591, 0.6878309899465932, 2105.5, 2.1589545289077803, 18, 3515, 'yes', 0.040000000000000036, 0.076923076923076872, 0.040000000000000036, 0.31873785765107504, 0.0008778501872577873, 0.49891919918477629, 0.55297097933769102, 0.54599584678115798, 0.027711047379599247, 0.4, 'yes', 0.08, 9, 0.0001
74, 'fluid', 0.0, 0.0, 0.0, 0.0, 1000, 7, 8, 2, 100000, 0.4, 0.0001, 0.02, 1, 0.9950650285238266, 100, 1.0, 10, 6, 10, 0, 0.001, 4.6806473959317341, 5.484375, 6.7649216405468486, 41.766666666666666, 2.6842701815612227, 17.0, 0.0, nan, nan, nan, nan, nan, nan, 5, 2634, 'yes', nan, nan, nan, 0.31873785765107504, 0.0008778501872577873, 0.49891919918477629, 0.55297097933769102, 0.54599584678115798, 0.027711047379599247, 0.4, 'yes', 0.04, 7, 0.0001
75, 'fluid', -8.0, 0.36275697123164363, 0.63078196729985336, -0.76159054938101178, 400, 2, 7, 10, 10000, 0.1, 0.0002, 0.01, 1, 0.993196473324092, 100, 0.10000000000000001, 15, 6, 10, 505, 0.0, 13.828133763916037, nan, 81.833182728849962, 3.4333333333333336, 2.6556075577648706, 19.0, 11.0, 0.39805000000000001, 0.22022691806295325, 0.16732673267326734, 0.77018478493553322, 174.0, 1.3179830116357283, 8, 314, 'yes', 0.090909090909090828, 0.16666666666666663, 0.090909090909090939, 0.31413168842934452, 0.00087569629696568915, 0.49692776812664013, 0.55128822665776023, 0.54737350942000207, 0.027269057828369837, 0.2, 'yes', 0.06, 5, 0.0001
76, 'fluid', 4.0, 0.45404091041644534, -0.36443332952136132, -0.7522901844529315, 400, 10, 10, 7, 10000, 0.1, 0.0006, 0.02, 1, 0.9931658217885339, 100, 0.089999999999999997, 20, 6, 10, 1036, 0.001, 12.408679354326033, 67.200000000000003, 82.935935537097109, 2.0541666666666667, 3.2179328613253988, 27.0, 17.0, 0.41039999999999999, 0.37313762699876013, 0.099420849420849416, 0.85641621092813658, 208.5, 1.1535365916905191, 3, 248, 'yes', 0.0, 0.0, 0.0, 0.30971397077249324, 0.00087341358250827813, 0.49786185545195238, 0.55117680619493703, 0.54731451720373592, 0.026956913879434854, 0.1, 'yes', 0.1, 5, 0.0001
77, 'fluid', 0.0, 0.010411484880502808, 0.00091814704313392115, 0.0034643513616005595, 200, 8, 5, 3, 100000, 0.2, 0.0001, 0.1, 1, 0.9983814968435264, 100, 0.59999999999999998, 20, 7, 10, 4, 0.0005, 14.660395661451515, 18.5, 22.320972644376901, 6.1178571428571429, 2.6930349067567283, 16.0, 0.5, 1.0, 1.0, 0.0, 0.0, 4.0, 0.0, 14, 843, 'yes', 1.0, 1.0, 1.0, 0.30814041863968211, 0.00086600062468480639, 0.49773489091644857, 0.54970223343585156, 0.54391802375515175, 0.026892902983573989, 0.5, 'yes', 0.1, 5, 0.0001
78, 'fluid', 5.0, 0.59948195524127534, 0.20941742568377819, 0.35577725116988645, 400, 4, 7, 5, 100000, 0.6, 0.002, 0.02, 1, 0.9900397624680725, 100, 0.01, 20, 5, 10, 76, 0.0, 56.62619047619048, nan, 80.091666666666669, 1.4649999999999999, 2.687176555203612, 16.0, 2.0, 0.92815000000000003, 0.94808177669693938, 0.25, 0.46127346875961833, 43.5, 0.0, 1, 145, 'yes', 0.0, 0.0, 0.0, 0.30972501533551111, 0.00087993891477860739, 0.50099981174374308, 0.55006135178503801, 0.54195549259970222, 0.026436664267997231, 0.2, 'yes', 0.1, 0, 0.0001
79, 'fluid', 0.0, -0.00050000000000000044, 0.03657706190353166, -0.00050000000000000044, 800, 4, 5, 5, 10000, 0.2, 0.001, 0.1, 1, 0.9962267712004023, 100, 0.40000000000000002, 10, 8, 10, 0, 0.005, 11.11018047998699, 12.097222222222221, 12.486610058785107, 21.325000000000003, 2.629720375819919, 14.0, 0.5, 1.0, 1.0, 0.0, 0.0, 1.0, 0.0, 5, 1633, 'yes', nan, nan, nan, 0.3079688267433337, 0.00088120895131066595, 0.49941584484184653, 0.55160003371327149, 0.54118376788367717, 0.026645135003280654, 0.3, 'yes', 0.06, 5, 0.0001
80, 'fluid', 15.5, 1.9212509191261233, 3.6719665668562982, -3.6810860933563276, 800, 6, 5, 9, 10000, 0.8, 0.0008, 0.06, 1, 0.9985149190832855, 100, 0.10000000000000001, 20, 10, 10, 3709, 0.0005, 6.0866347499245519, 43.75, 83.869377668808568, 2.3774999999999999, 2.9442430395309098, 20.0, 37.5, 0.38919999999999999, 0.22499118453166378, 0.063629010514963599, 0.93139472247308963, 500.0, 1.8148016636945312, 9, 513, 'yes', 0.040000000000000036, 0.076923076923076872, 0.040000000000000036, 0.31300373212327237, 0.00088103340066841493, 0.49945845667149674, 0.55154506767648293, 0.54053054727532424, 0.026976105221037178, 0.3, 'yes', 0.01, 7, 0.0001
81, 'fluid', 5.0, 0.45534529285043135, -0.20332194459612296, 0.063660707325581711, 800, 1, 8, 8, 80000, 0.6, 0.0002, 0.08, 1, 0.9959087296826725, 100, 0.01, 10, 5, 10, 603, 0.0001, 8.8998886104149264, 87.0, 87.739830254991404, 0.44999999999999996, 1.8420569451122168, 9.0, 7.0, 0.4667, 0.15619867963630035, 0.18490878938640132, 0.69382399810874529, 235.0, 0.50787798357183989, 1, 21, 'yes', 0.0, 0.0, 0.0, 0.31574506428158527, 0.00087606121978915012, 0.49834664912966403, 0.55060254008278819, 0.53906131366885646, 0.027054886153417518, 0.2, 'yes', 0.04, 6, 0.0001
82, 'fluid', 0.0, -0.00038915411808704281, 0.0049406322202101283, 0.0013224984437736342, 800, 4, 9, 6, 10000, 0.4, 0.0002, 0.06, 1, 0.9909917563482961, 100, 0.10000000000000001, 10, 8, 10, 0, 0.0001, 28.111312838410019, 46.200000000000003, 75.591549295774655, 20.162500000000001, 2.8874855773900023, 19.0, 0.5, 1.0, 1.0, 0.0, 0.0, 2.0, 0.0, 4, 1652, 'yes', nan, nan, nan, 0.31391382989050876, 0.00087142224006552741, 0.49633046861170227, 0.5506621736036712, 0.53859922235105828, 0.027118219866002019, 0.05, 'yes', 0.01, 3, 0.0001
83, 'fluid', 10.0, 1.3041207837669511, 1.1147476864945851, 3.0790039291965634, 200, 6, 2, 3, 10000, 0.8, 0.0006, 0.1, 1, 0.9910776137013181, 100, 0.080000000000000002, 10, 5, 10, 466, 0.005, 7.1354512735326692, 22.0, 78.862750341164755, 2.5999999999999996, 2.2870886534412187, 11.0, 9.0, 0.41700000000000004, 0.20327559421530367, 0.20922746781115881, 0.73345653810592293, 198.5, 1.4244456943188462, 3, 139, 'yes', 0.0, 0.0, 0.0, 0.3207833242584115, 0.00086951611915064484, 0.49350015469877284, 0.55231141228119496, 0.53722407945150885, 0.027262536800995461, 0.5, 'yes', 0.1, 8, 0.0001
84, 'fluid', -3.5, 1.0908934456233794, -0.58599132088648531, -1.3631336327602384, 400, 3, 2, 1, 40000, 0.8, 0.0008, 0.08, 1, 0.9989004002415846, 100, 0.059999999999999998, 10, 6, 10, 990, 0.0005, 8.3065156610883744, 39.25, 83.802191431387328, 2.1500000000000004, 1.6655659760521353, 6.0, 12.5, 0.50685000000000002, 0.18813738638357264, 0.12575757575757576, 0.84193884805141206, 230.5, 0.67169604815331896, 5, 133, 'yes', 0.040000000000000036, 0.076923076923076872, 0.040000000000000036, 0.32510030238947712, 0.000870612142866423, 0.49460451343448053, 0.55177716103787577, 0.53761241686229566, 0.027435479208775912, 0.1, 'yes', 0.01, 10, 0.0001
85, 'fluid', 28.0, -1.1871761402782539, 3.1845053837798361, -0.29738903367898217, 600, 5, 9, 8, 20000, 0.8, 0.0001, 0.04, 1, 0.9919413117122097, 100, 0.10000000000000001, 15, 7, 10, 3072, 0.0001, 6.1971496437054636, 68.0, 87.114813586329547, 3.9047619047619047, 3.0317379485560401, 22.0, 18.5, 0.41289999999999999, 0.18828480086380139, 0.125, 0.86831487631611481, 738.5, 1.4800560395771338, 8, 430, 'yes', 0.081081081081081141, 0.15000000000000002, 0.08108108108108103, 0.32978581506557775, 0.00086431286748799995, 0.49431652777194868, 0.55127251827070378, 0.53885321857531376, 0.027476225262032715, 0.5, 'yes', 0.08, 5, 0.0001
86, 'fluid', 18.0, 1.3167600946994646, 0.42581270646238778, 1.4020224529705878, 800, 10, 3, 8, 10000, 0.1, 0.0004, 0.01, 1, 0.9928529562409135, 100, 0.080000000000000002, 10, 7, 10, 608, 0.005, 14.071168358053605, 36.666666666666664, 80.919118666717097, 9.2285714285714278, 2.8959532385355118, 21.0, 13.0, 0.30004999999999998, 0.15802099206293224, 0.16447368421052633, 0.73895091011968339, 212.0, 1.2605035774064342, 8, 694, 'yes', 0.15384615384615374, 0.26666666666666672, 0.15384615384615385, 0.32574218936952348, 0.00086174636467057871, 0.4949237778830447, 0.55036367790795371, 0.53938289907077397, 0.027024372086683558, 0.1, 'yes', 0.06, 4, 0.0001
87, 'fluid', 6.0, 1.6203320147599385, -0.021172062557726079, 0.26224351281252645, 400, 8, 8, 7, 100000, 0.2, 0.0008, 0.04, 1, 0.9940192501430624, 100, 0.02, 15, 7, 10, 280, 0.0005, 39.095794392523359, nan, 78.144877891512849, 1.5619047619047619, 3.0590757900102172, 23.0, 6.0, 0.58200000000000007, 0.46904769056384815, 0.17142857142857143, 0.71362010745822868, 109.0, 0.84344474870356489, 1, 160, 'yes', 0.0, 0.0, 0.0, 0.32256949262464973, 0.00086188688110982981, 0.49496679249948305, 0.55009262023928507, 0.539611937945916, 0.026738607853641575, 0.1, 'yes', 0.06, 8, 0.0001
88, 'fluid', 17.0, 2.6577269894243187, 1.5209695990116643, 2.0206113565142303, 400, 8, 6, 4, 40000, 0.2, 0.001, 0.02, 1, 0.9959988207267007, 100, 0.10000000000000001, 15, 10, 10, 984, 0.0005, 13.155699731678686, 37.25, 81.788794008305473, 2.6699999999999999, 2.8267481401783101, 18.0, 12.0, 0.32635000000000003, 0.18315819088130181, 0.20833333333333334, 0.73776991664436142, 413.5, 1.7681053099502813, 6, 405, 'yes', 0.16666666666666674, 0.2857142857142857, 0.16666666666666663, 0.31970571366132688, 0.00086429137643144309, 0.4954945148356823, 0.54971091247055148, 0.53898676980150406, 0.026534295089191667, 0.05, 'yes', 0.08, 4, 0.0001
89, 'fluid', 0.0, 0.0, 0.0, 0.0, 400, 5, 1, 7, 100000, 0.2, 0.0008, 0.1, 1, 0.9939270651399676, 100, 0.0050000000000000001, 20, 8, 10, 0, 0.005, 45.333333333333336, nan, 44.678160919540232, 0.78750000000000009, 2.3329980593049426, 13.0, 0.0, nan, nan, nan, nan, nan, nan, 0, 128, 'yes', nan, nan, nan, 0.31970571366132688, 0.00086429137643144309, 0.4954945148356823, 0.54971091247055148, 0.53898676980150406, 0.026534295089191667, 0.4, 'yes', 0.08, 9, 0.0001
90, 'fluid', 3.0, 0.19117179218639091, 0.16177201288215404, 0.054873505479867468, 600, 5, 6, 9, 40000, 0.1, 0.0002, 0.04, 1, 0.9905855056201228, 100, 0.0074999999999999997, 20, 6, 10, 119, 0.0001, 52.00730593607306, nan, 83.236453201970448, 1.125, 2.8426340788443403, 20.0, 2.0, 0.68569999999999998, 0.62048090446143944, 0.34453781512605042, 0.27078106152424958, 91.0, 0.0, 0, 130, 'yes', 0.0, 0.0, 0.0, 0.31603189528864917, 0.00086292593766438836, 0.49708648472184769, 0.55058644252981981, 0.54065462430145117, 0.026655434020969034, 0.05, 'yes', 0.01, 6, 0.0001
91, 'fluid', 1.0, 0.091787560800584478, 0.043506149209549483, 0.049082392067222536, 800, 8, 3, 1, 10000, 0.6, 0.001, 0.08, 1, 0.9909574677196442, 100, 0.69999999999999996, 20, 6, 10, 12, 0.0005, 12.352221231437532, 15.992592592592594, 17.069901397695958, 31.9375, 2.1528906820853617, 12.0, 3.0, 0.80905000000000005, 0.76608862159322477, 0.25, 0.58654729109274562, 6.0, -0.11953157346477228, 11, 3906, 'yes', 0.33333333333333326, 0.5, 0.33333333333333337, 0.3155508899294262, 0.00086452141727463394, 0.49758850496553947, 0.55146627229437262, 0.53912402637560075, 0.027059854650614022, 0.2, 'yes', 0.1, 2, 0.0001
92, 'fluid', 0.0, -0.00042485283024333576, -0.0015542242373176585, -0.0015542242373176723, 400, 4, 2, 5, 10000, 0.1, 0.0004, 0.02, 1, 0.9917868210868523, 100, 0.0050000000000000001, 20, 10, 10, 3, 0.0, 44.333333333333336, nan, 59.10526315789474, 0.5, 2.2742421946995464, 11.0, 2.0, 0.90000000000000002, 0.92389810934537309, 0.33333333333333331, 0.44444444444444442, 2.0, 0.0, 0, 101, 'yes', 0.0, 0.0, 0.0, 0.31216446442178214, 0.00085888026132647079, 0.49968658787438003, 0.55310716081503952, 0.54057519661817555, 0.026721208431351409, 0.1, 'yes', 0.1, 5, 0.0001
93, 'fluid', 0.0, 0.0, 0.0, 0.0, 1000, 2, 6, 3, 40000, 0.6, 0.002, 0.08, 1, 0.9963738482636454, 100, 0.40000000000000002, 10, 6, 10, 0, 0.0, 11.625689699891614, 8.7678571428571423, 17.289022695692449, 20.041666666666664, 2.2917160359508135, 11.0, 0.0, nan, nan, nan, nan, nan, nan, 7, 1185, 'yes', nan, nan, nan, 0.31216446442178214, 0.00085888026132647079, 0.49968658787438003, 0.55310716081503952, 0.54057519661817555, 0.026721208431351409, 0.5, 'yes', 0.01, 5, 0.0001
94, 'fluid', 11.5, -0.0058091908187272168, 0.41453276960574748, 0.023990039611891945, 800, 1, 10, 1, 20000, 0.4, 0.0002, 0.01, 1, 0.9964288909750768, 100, 0.0074999999999999997, 10, 8, 10, 283, 0.001, 31.914882772680937, nan, 86.354563219222698, 1.34375, 1.8221444873595414, 12.0, 4.0, 0.43220000000000003, 0.17179421456512584, 0.33568904593639576, 0.42139876687388428, 197.0, 0.77099674721418698, 1, 107, 'yes', 0.0, 0.0, 0.0, 0.31186885428430638, 0.00085697723494464564, 0.49981377684401773, 0.55178770945130695, 0.53618830827058628, 0.02642102232280686, 0.3, 'yes', 0.01, 5, 0.0001
95, 'fluid', 6.5, 0.40320106848224313, 0.65153049288379705, 0.53637587668541542, 1000, 3, 8, 3, 80000, 0.1, 0.002, 0.02, 1, 0.9975764360221074, 100, 0.20000000000000001, 20, 8, 10, 489, 0.0, 28.891797810029296, 30.625, 76.84681654177075, 25.728124999999999, 2.5202050352464536, 14.0, 13.0, 0.21820000000000001, 0.30943633000753057, 0.28834355828220859, 0.64584969616250931, 279.5, 2.7673817912692149, 14, 4240, 'yes', 0.076923076923076872, 0.1428571428571429, 0.076923076923076872, 0.30856579037258847, 0.00086741063137179999, 0.5001745661506346, 0.55070843572430384, 0.53579269374080174, 0.026117653309231739, 0.3, 'yes', 0.02, 7, 0.0001
96, 'fluid', 74.5, 10.608683045989295, 15.884781738308462, 13.301727454573054, 1000, 3, 5, 8, 40000, 0.6, 0.0002, 0.01, 1, 0.9936211243918089, 100, 0.089999999999999997, 10, 6, 10, 1155, 0.0001, 11.218149321665702, 46.100000000000001, 81.660208021923268, 14.691666666666666, 2.7090469867940268, 16.0, 11.0, 0.35975000000000001, 0.14996746820128087, 0.19696969696969696, 0.74070576508710206, 431.0, 1.0273449958997216, 6, 921, 'yes', 0.18181818181818188, 0.30769230769230771, 0.18181818181818177, 0.3119875818874896, 0.00086433978779207376, 0.50116075269237104, 0.55143135873909632, 0.53513414432949036, 0.025822404487919694, 0.4, 'yes', 0.04, 9, 0.0001
97, 'fluid', 0.0, 0.2175018879231061, -1.5349671619474279, 0.66764920235883807, 200, 1, 6, 3, 80000, 0.6, 0.0001, 0.04, 1, 0.9957527647979977, 100, 0.040000000000000001, 10, 7, 10, 1052, 0.0001, 7.3378048780487806, 24.0, 85.267040310985678, 0.52142857142857146, 2.0208357087661026, 9.5, 10.0, 0.25380000000000003, 0.13226890182688439, 0.22243346007604561, 0.60587886243655042, 473.5, 1.4348844798427436, 3, 39, 'yes', 0.0, 0.0, 0.0, 0.31358836628054015, 0.00085530471874136328, 0.50198129604359942, 0.55033494663775828, 0.53569925292244225, 0.025747158714064113, 0.1, 'yes', 0.1, 3, 0.0001
98, 'fluid', 5.5, 0.40034185371745323, 0.16023290622457509, 1.5144014102425665, 1000, 7, 3, 4, 80000, 0.8, 0.0002, 0.06, 1, 0.9910863754733346, 100, 0.0050000000000000001, 20, 6, 10, 297, 0.0, 36.752422480620154, nan, 82.493367565254601, 0.9458333333333333, 2.4841608746605894, 14.0, 4.0, 0.76719999999999999, 0.73069246523828002, 0.18518518518518517, 0.67409734072831407, 124.5, 0.28160461991847541, 0, 113, 'yes', 0.0, 0.0, 0.0, 0.31606153809809734, 0.00085084273433483142, 0.50358504987372821, 0.54762405426748761, 0.53539591364100325, 0.025818228148308465, 0.4, 'yes', 0.01, 2, 0.0001
