RowID, sim, motion, D, ind.prod, biomass.prod, res.inflow, res.types, max.res.val, barrier.width, barrier.height, logseries.a, starting.seed, lower.limit, FlowRate, Width, Height, Viscosity, N, immigration.rate, resource.tau, particle.tau, individual.tau, resource.concentration, shannons.resource.diversity, resource.richness, S, simpson.e, e.var, berger.parker, inv.simp.D, N.max, skew, avg.per.capita.growth, avg.per.capita.maint, tracer.particles, resource.particles
0 , 0 , fluid , 2 , 14.25 , 1.81750894592 , 200 , 2 , 4000 , 0.0 , 0.0 , 0.991265638984 , 160 , 50 , 1.0 , 6 , 9 , 1 , 63.25 , 2 , 4.45294617673 , 6.0 , 6.42047037735 , 8.31481481481 , 0.692944720839 , 2.0 , 17.25 , 0.62425 , 0.678860712679 , 0.112187090572 , 0.90586724331 , 11.0 , 1.33408802973 , 0.303789445758 , 0.00571173240532 , 6.0 , 890.75
1 , 0 , fluid , 2 , 19.25 , 2.22593147979 , 200 , 2 , 4000 , 0.0 , 0.0 , 0.991265638984 , 160 , 40 , 0.75 , 6 , 9 , 1 , 75.75 , 2 , 5.802294922 , 7.0 , 8.54524473935 , 7.97685185185 , 0.692348443856 , 2.0 , 15.75 , 0.526175 , 0.629101457058 , 0.183068783069 , 0.866972568802 , 19.5 , 1.72951664405 , 0.292503966119 , 0.00578996694104 , 5.25 , 872.5
2 , 0 , fluid , 2 , 44.5 , 8.845896261 , 200 , 2 , 4000 , 0.0 , 0.0 , 0.991265638984 , 160 , 40 , 0.5 , 6 , 9 , 1 , 182.5 , 2 , 8.27121719534 , 11.0 , 15.6812881107 , 7.71759259259 , 0.692269133425 , 2.0 , 12.0 , 0.35155 , 0.394646903153 , 0.407367610354 , 0.703128218726 , 82.75 , 2.10447127282 , 0.348490504293 , 0.00350491467137 , 6.0 , 832.5
3 , 0 , fluid , 2 , 411.75 , 56.7864414296 , 200 , 2 , 4000 , 0.0 , 0.0 , 0.991265638984 , 160 , 20 , 0.25 , 6 , 9 , 1 , 2455.75 , 2 , 12.9518018256 , 21.0 , 33.5678457644 , 5.73611111111 , 0.692719694035 , 2.0 , 23.5 , 0.095525 , 0.150951895523 , 0.376318078114 , 0.537260402233 , 1516.0 , 3.90564399381 , 0.397818148783 , 0.00478210341747 , 6.25 , 614.75
4 , 0 , fluid , 2 , 876.5 , 60.4513154803 , 200 , 2 , 4000 , 0.0 , 0.0 , 0.991265638984 , 160 , 20 , 0.1 , 6 , 9 , 1 , 9823.0 , 2 , 19.8781473007 , 52.0 , 87.1290520947 , 2.43981481481 , 0.691611582421 , 2.0 , 26.25 , 0.13485 , 0.111043633929 , 0.525115487851 , 0.507898906866 , 6815.0 , 3.54000700437 , 0.355544284092 , 0.00368122225575 , 6.0 , 272.25
5 , 0 , fluid , 2 , 492.25 , 28.1789140917 , 200 , 2 , 4000 , 0.0 , 0.0 , 0.991265638984 , 160 , 10 , 0.075 , 6 , 9 , 1 , 5639.5 , 2 , 21.7571824068 , 69.375 , 105.296033053 , 3.16203703704 , 0.6907596458 , 2.0 , 16.5 , 0.105925 , 0.0955823114488 , 0.684262283178 , 0.384745113628 , 4121.75 , 3.27433597433 , 0.382942436487 , 0.00288158427721 , 5.75 , 361.25
6 , 0 , fluid , 2 , 401.5 , 32.2848623985 , 200 , 2 , 4000 , 0.0 , 0.0 , 0.991265638984 , 160 , 10 , 0.05 , 6 , 9 , 1 , 5037.0 , 2 , 23.9105966181 , 103.875 , 232.30138026 , 2.9537037037 , 0.692420464857 , 2.0 , 11.25 , 0.172275 , 0.0853818293533 , 0.529641478657 , 0.41755451993 , 3614.75 , 2.36101564792 , 0.355530730959 , 0.00265023299907 , 3.75 , 323.0
7 , 0 , fluid , 2 , 568.0 , 23.4451659901 , 200 , 2 , 4000 , 0.0 , 0.0 , 0.991265638984 , 160 , 10 , 0.025 , 6 , 9 , 1 , 9281.25 , 2 , 46.2185274868 , 207.475 , 569.470721613 , 1.85185185185 , 0.689146168952 , 2.0 , 9.0 , 0.15155 , 0.0661740915102 , 0.840251031013 , 0.206194989434 , 7985.75 , 2.2352640006 , 0.344134615018 , 0.00167373348915 , 6.25 , 209.25
8 , 0 , fluid , 2 , 301.75 , 12.4212266133 , 200 , 2 , 4000 , 0.0 , 0.0 , 0.991265638984 , 160 , 5 , 0.01 , 6 , 9 , 1 , 4797.0 , 2 , 31.6878620904 , 517.5 , 1738.06401717 , 0.615740740741 , 0.676980341244 , 2.0 , 4.0 , 0.271225 , 0.0498546663775 , 0.641083492722 , 0.00175025965331 , 4793.5 , 1.08944197859 , 0.331564372578 , 0.00176762176082 , 3.75 , 71.5
9 , 1 , fluid , 2 , 11.0 , 1.76231974689 , 300 , 16 , 4000 , 0.0 , 0.0 , 0.947895742663 , 20 , 50 , 1.0 , 5 , 7 , 1 , 49.25 , 2 , 3.77373560867 , 5.0 , 5.42035057924 , 241.571428571 , 2.76728248694 , 16.0 , 11.5 , 0.56135 , 0.647483736667 , 0.22533151016 , 0.842469004546 , 14.25 , 1.58495757105 , 0.366178183388 , 0.00556193842619 , 5.0 , 1130.75
10 , 1 , fluid , 2 , 12.0 , 1.68466194017 , 300 , 16 , 4000 , 0.0 , 0.0 , 0.947895742663 , 20 , 40 , 0.75 , 5 , 7 , 1 , 55.25 , 2 , 4.8661789664 , 6.0 , 7.33634225006 , 235.607142857 , 2.76440157815 , 16.0 , 10.75 , 0.4764 , 0.548431655193 , 0.277730489746 , 0.781070232864 , 20.25 , 1.75229839937 , 0.35112854918 , 0.00460512737285 , 4.25 , 1097.75
11 , 1 , fluid , 2 , 28.5 , 4.32370753073 , 300 , 16 , 4000 , 0.0 , 0.0 , 0.947895742663 , 20 , 40 , 0.5 , 5 , 7 , 1 , 141.25 , 2 , 7.03192758222 , 9.0 , 12.3251444905 , 225.842857143 , 2.76750838713 , 16.0 , 16.5 , 0.381475 , 0.482497590243 , 0.305543530544 , 0.827096987599 , 47.5 , 2.21330048154 , 0.364804500691 , 0.00557443377635 , 4.75 , 1045.5
12 , 1 , fluid , 2 , 428.25 , 69.8768113886 , 300 , 16 , 4000 , 0.0 , 0.0 , 0.947895742663 , 20 , 20 , 0.25 , 5 , 7 , 1 , 2225.25 , 2 , 11.1334114209 , 18.0 , 34.2540418119 , 179.364285714 , 2.76187032756 , 16.0 , 25.25 , 0.129275 , 0.143631013184 , 0.353468754849 , 0.662950011966 , 1176.0 , 3.56664630117 , 0.407859693638 , 0.00453597758165 , 4.75 , 834.5
13 , 1 , fluid , 2 , 758.5 , 63.0002460872 , 300 , 16 , 4000 , 0.0 , 0.0 , 0.947895742663 , 20 , 20 , 0.1 , 5 , 7 , 1 , 7030.75 , 2 , 16.2212260624 , 43.0 , 82.5967578342 , 99.0428571429 , 2.75312657601 , 16.0 , 24.25 , 0.072725 , 0.119498173485 , 0.590993242428 , 0.369712031062 , 5527.25 , 4.23840074017 , 0.449791755092 , 0.00237849029984 , 4.25 , 462.5
14 , 1 , fluid , 2 , 723.75 , 47.9453921805 , 300 , 16 , 4000 , 0.0 , 0.0 , 0.947895742663 , 20 , 10 , 0.075 , 5 , 7 , 1 , 8011.25 , 2 , 18.269294204 , 57.65 , 101.436527002 , 94.4857142857 , 2.75285126728 , 16.0 , 20.5 , 0.08335 , 0.110464817159 , 0.801723450566 , 0.343163096178 , 5694.5 , 3.66823767996 , 0.453305671469 , 0.00211520497898 , 5.75 , 442.75
15 , 1 , fluid , 2 , 0.0 , 0.0 , 300 , 16 , 4000 , 0.0 , 0.0 , 0.947895742663 , 20 , 10 , 0.05 , 5 , 7 , 1 , 0.0 , 2 , nan , nan , nan , 6.88571428571 , 2.43803631455 , 15.0 , 0.0 , nan , nan , nan , nan , nan , nan , nan , nan , 0.0 , 34.0
16 , 1 , fluid , 2 , 0.0 , 0.0 , 300 , 16 , 4000 , 0.0 , 0.0 , 0.947895742663 , 20 , 10 , 0.025 , 5 , 7 , 1 , 0.0 , 2 , nan , nan , nan , 2.02857142857 , 1.73512645696 , 6.0 , 0.0 , nan , nan , nan , nan , nan , nan , nan , nan , 0.0 , 9.0
17 , 1 , fluid , 2 , 0.0 , 0.0 , 300 , 16 , 4000 , 0.0 , 0.0 , 0.947895742663 , 20 , 5 , 0.01 , 5 , 7 , 1 , 0.0 , 2 , nan , nan , nan , 0.828571428571 , 1.38629436112 , 4.0 , 0.0 , nan , nan , nan , nan , nan , nan , nan , nan , 0.0 , 4.0
18 , 2 , fluid , 2 , 56.75 , 9.40852639466 , 400 , 2 , 1000 , 0.0 , 0.0 , 0.901823890796 , 20 , 50 , 1.0 , 9 , 5 , 1 , 281.75 , 4 , 6.53510510634 , 8.0 , 9.93816627907 , 29.4111111111 , 0.692901518699 , 2.0 , 29.0 , 0.39885 , 0.446475634406 , 0.13932142342 , 0.911433200425 , 54.5 , 2.34907698672 , 0.315114713292 , 0.00440208631053 , 8.0 , 2626.5
19 , 2 , fluid , 2 , 199.0 , 39.7836729139 , 400 , 2 , 1000 , 0.0 , 0.0 , 0.901823890796 , 20 , 40 , 0.75 , 9 , 5 , 1 , 803.5 , 4 , 8.50541397065 , 11.0 , 15.9127201734 , 28.3944444444 , 0.692989975963 , 2.0 , 38.25 , 0.152975 , 0.291696604533 , 0.252975454042 , 0.825204270244 , 280.75 , 4.32628990757 , 0.38685255611 , 0.00535523100725 , 7.75 , 2536.75
20 , 2 , fluid , 2 , 845.0 , 174.430902964 , 400 , 2 , 1000 , 0.0 , 0.0 , 0.901823890796 , 20 , 40 , 0.5 , 9 , 5 , 1 , 3386.0 , 4 , 11.4732950685 , 16.0 , 25.9301288108 , 25.7833333333 , 0.693020549569 , 2.0 , 55.0 , 0.080725 , 0.186703555838 , 0.283254553235 , 0.771375366539 , 1238.0 , 4.70761584946 , 0.390242429184 , 0.00518736670479 , 6.5 , 2291.25
21 , 2 , fluid , 2 , 1090.75 , 164.681365117 , 400 , 2 , 1000 , 0.0 , 0.0 , 0.901823890796 , 20 , 20 , 0.25 , 9 , 5 , 1 , 6889.75 , 4 , 17.0288722275 , 32.0 , 46.5277551763 , 20.0722222222 , 0.692737547818 , 2.0 , 51.25 , 0.077275 , 0.137410523792 , 0.290722178627 , 0.717302729457 , 2878.5 , 4.68555376908 , 0.374672754367 , 0.00436895257229 , 7.75 , 1804.5
22 , 2 , fluid , 2 , 1302.0 , 86.9806238547 , 400 , 2 , 1000 , 0.0 , 0.0 , 0.901823890796 , 20 , 20 , 0.1 , 9 , 5 , 1 , 14208.5 , 4 , 29.9090194791 , 79.0 , 113.132042654 , 13.3611111111 , 0.692877543351 , 2.0 , 43.75 , 0.043775 , 0.130875120276 , 0.733962231688 , 0.406829301402 , 10247.75 , 5.57830862855 , 0.37727619542 , 0.00255247345983 , 8.0 , 1215.0
23 , 2 , fluid , 2 , 1226.75 , 84.6726454864 , 400 , 2 , 1000 , 0.0 , 0.0 , 0.901823890796 , 20 , 10 , 0.075 , 9 , 5 , 1 , 14201.75 , 4 , 30.1754903133 , 105.225 , 148.800000941 , 10.9777777778 , 0.691634636194 , 2.0 , 35.75 , 0.0467 , 0.126758528935 , 0.492898739753 , 0.340409893841 , 10568.5 , 5.26212139263 , 0.365668951021 , 0.00234459536392 , 7.25 , 990.0
24 , 2 , fluid , 2 , 828.25 , 41.0688516621 , 400 , 2 , 1000 , 0.0 , 0.0 , 0.901823890796 , 20 , 10 , 0.05 , 9 , 5 , 1 , 12018.25 , 4 , 41.6940747032 , 157.45 , 243.235322759 , 10.3388888889 , 0.692229070763 , 2.0 , 20.5 , 0.118125 , 0.0833703210912 , 0.47839547994 , 0.492804844405 , 7412.75 , 3.09796417844 , 0.338319601802 , 0.00221449006686 , 6.25 , 921.25
25 , 2 , fluid , 2 , 0.0 , 0.0 , 400 , 2 , 1000 , 0.0 , 0.0 , 0.901823890796 , 20 , 10 , 0.025 , 9 , 5 , 1 , 0.0 , 4 , nan , nan , nan , 0.2 , 0.691416077617 , 2.0 , 0.0 , nan , nan , nan , nan , nan , nan , nan , nan , 0.0 , 17.0
26 , 2 , fluid , 2 , 0.0 , 0.0 , 400 , 2 , 1000 , 0.0 , 0.0 , 0.901823890796 , 20 , 5 , 0.01 , 9 , 5 , 1 , 0.0 , 4 , nan , nan , nan , 0.0666666666667 , 0.673011667009 , 2.0 , 0.0 , nan , nan , nan , nan , nan , nan , nan , nan , 0.0 , 5.0
27 , 3 , random_walk , 2 , 3.75 , 0.253644258156 , 400 , 16 , 500 , 0.0 , 0.0 , 0.980518732521 , 10 , 50 , 1.0 , 10 , 6 , 1 , 13.75 , 1 , 0.0 , 0.0 , 0.0 , 70.7666666667 , 2.75671198707 , 16.0 , 4.25 , 0.607275 , 0.64718984886 , 0.7 , 0.54230378578 , 8.75 , 0.726628977213 , 0.395188988975 , 0.00520574088812 , 4.75 , 577.5
28 , 3 , random_walk , 2 , 3.5 , 0.332937964518 , 400 , 16 , 500 , 0.0 , 0.0 , 0.980518732521 , 10 , 40 , 0.75 , 10 , 6 , 1 , 21.5 , 1 , 0.0 , 0.0 , 0.0 , 97.6541666667 , 2.76303459017 , 16.0 , 6.5 , 0.806325 , 0.776770062087 , 0.320741758242 , 0.794712608873 , 6.0 , -0.0999973524877 , 0.279345158715 , 0.00352316132044 , 6.75 , 778.25
29 , 3 , random_walk , 2 , 37.25 , 7.13665406503 , 400 , 16 , 500 , 0.0 , 0.0 , 0.980518732521 , 10 , 40 , 0.5 , 10 , 6 , 1 , 140.0 , 1 , 0.0 , 0.0 , 0.0 , 120.983333333 , 2.76361816516 , 16.0 , 5.0 , 0.329375 , 0.269151364588 , 3.41522505793 , 0.24176088147 , 125.25 , 1.26503774615 , 0.421804953207 , 0.00284181137627 , 7.0 , 977.0
30 , 3 , random_walk , 2 , 54.0 , 10.0593506656 , 400 , 16 , 500 , 0.0 , 0.0 , 0.980518732521 , 10 , 20 , 0.25 , 10 , 6 , 1 , 251.25 , 1 , 0.0 , 0.0 , 0.0 , 232.929166667 , 2.76804741766 , 16.0 , 4.25 , 0.296425 , 0.164283717893 , 0.555758421686 , 0.0582892405138 , 243.75 , 1.11070004855 , 0.495263381609 , 0.00293764839631 , 9.25 , 1869.5
31 , 3 , random_walk , 2 , 80.5 , 13.0385454872 , 400 , 16 , 500 , 0.0 , 0.0 , 0.980518732521 , 10 , 20 , 0.1 , 10 , 6 , 1 , 441.5 , 1 , 0.0 , 0.0 , 0.0 , 471.270833333 , 2.76823322455 , 16.0 , 3.0 , 0.362625 , 0.0887357373416 , 0.977898818674 , 0.0234147470896 , 435.25 , 0.64172941705 , 0.493327814457 , 0.00236361907316 , 10.75 , 3770.75
32 , 3 , random_walk , 2 , 0.0 , 0.0 , 400 , 16 , 500 , 0.0 , 0.0 , 0.980518732521 , 10 , 10 , 0.075 , 10 , 6 , 1 , 0.0 , 1 , nan , nan , 0.0 , 91.7833333333 , 2.75920077514 , 16.0 , 0.0 , nan , nan , nan , nan , nan , nan , nan , nan , 1.0 , 759.0
33 , 3 , random_walk , 2 , 0.0 , 0.0 , 400 , 16 , 500 , 0.0 , 0.0 , 0.980518732521 , 10 , 10 , 0.05 , 10 , 6 , 1 , 0.0 , 1 , nan , nan , nan , 4.58333333333 , 2.62734096227 , 16.0 , 0.0 , nan , nan , nan , nan , nan , nan , nan , nan , 0.0 , 38.0
34 , 3 , random_walk , 2 , 0.0 , 0.0 , 400 , 16 , 500 , 0.0 , 0.0 , 0.980518732521 , 10 , 10 , 0.025 , 10 , 6 , 1 , 0.0 , 1 , nan , nan , 0.0 , 49.65 , 2.75119701985 , 16.0 , 0.0 , nan , nan , nan , nan , nan , nan , nan , nan , 1.0 , 399.0
35 , 3 , random_walk , 2 , 0.0 , 0.0 , 400 , 16 , 500 , 0.0 , 0.0 , 0.980518732521 , 10 , 5 , 0.01 , 10 , 6 , 1 , 0.0 , 1 , nan , nan , nan , 1.2 , 2.16395565688 , 9.0 , 0.0 , nan , nan , nan , nan , nan , nan , nan , nan , 0.0 , 10.0
36 , 4 , fluid , 2 , 28.75 , 5.68284996022 , 200 , 8 , 500 , 0.0 , 0.0 , 0.974668772891 , 20 , 50 , 1.0 , 10 , 8 , 1 , 131.5 , 1 , 7.22107150171 , 9.0 , 10.6945505877 , 63.640625 , 2.07741510568 , 8.0 , 12.0 , 0.40345 , 0.450014882102 , 0.449089003302 , 0.762158767968 , 57.5 , 1.94301453927 , 0.404237099569 , 0.0063962904722 , 9.0 , 1446.75
37 , 4 , fluid , 2 , 105.75 , 21.4034032578 , 200 , 8 , 500 , 0.0 , 0.0 , 0.974668772891 , 20 , 40 , 0.75 , 10 , 8 , 1 , 423.75 , 1 , 9.36994135946 , 12.0 , 16.0512027755 , 61.1875 , 2.07803179861 , 8.0 , 14.5 , 0.297575 , 0.319506244062 , 0.911013575306 , 0.696341274704 , 228.0 , 2.37095610241 , 0.378324155856 , 0.00606662180757 , 9.25 , 1407.5
38 , 4 , fluid , 2 , 410.75 , 68.8624871838 , 200 , 8 , 500 , 0.0 , 0.0 , 0.974668772891 , 20 , 40 , 0.5 , 10 , 8 , 1 , 1871.75 , 1 , 12.8973601104 , 18.0 , 24.9333395919 , 54.959375 , 2.07602599845 , 8.0 , 20.5 , 0.174925 , 0.142635999256 , 0.589044591015 , 0.609336321375 , 1036.5 , 2.80290772279 , 0.407012671485 , 0.00590851637472 , 9.0 , 1241.25
39 , 4 , fluid , 2 , 320.75 , 49.2082490501 , 200 , 8 , 500 , 0.0 , 0.0 , 0.974668772891 , 20 , 20 , 0.25 , 10 , 8 , 1 , 1788.0 , 1 , 22.5897497592 , 35.55 , 44.9816540089 , 54.54375 , 2.075124254 , 8.0 , 16.0 , 0.11565 , 0.149241446312 , 0.755035356136 , 0.377620913053 , 1366.5 , 3.24102826659 , 0.407274976086 , 0.00548209569358 , 7.25 , 1242.75
40 , 4 , fluid , 2 , 542.0 , 49.5066179266 , 200 , 8 , 500 , 0.0 , 0.0 , 0.974668772891 , 20 , 20 , 0.1 , 10 , 8 , 1 , 4814.0 , 1 , 42.6365671572 , 88.0 , 109.049380874 , 37.334375 , 2.07576046817 , 8.0 , 19.5 , 0.123625 , 0.0987307442132 , 0.410040376112 , 0.526629636262 , 2792.75 , 2.78566921796 , 0.402173842591 , 0.00492681127661 , 8.75 , 843.75
41 , 4 , fluid , 2 , 1099.25 , 68.5069225981 , 200 , 8 , 500 , 0.0 , 0.0 , 0.974668772891 , 20 , 10 , 0.075 , 10 , 8 , 1 , 14909.0 , 1 , 49.6602413145 , 117.275 , 134.397197999 , 23.58125 , 2.06823063995 , 8.0 , 24.25 , 0.0985 , 0.0940271558619 , 0.28509335373 , 0.416479777982 , 12135.25 , 3.52104134082 , 0.385357404743 , 0.00367647040616 , 5.5 , 529.0
42 , 4 , fluid , 2 , 675.5 , 34.8440889552 , 200 , 8 , 500 , 0.0 , 0.0 , 0.974668772891 , 20 , 10 , 0.05 , 10 , 8 , 1 , 9011.25 , 1 , 70.5466354825 , 175.375 , 207.668629942 , 29.359375 , 2.07305925613 , 8.0 , 14.75 , 0.0923 , 0.0925397583985 , 1.0046596199 , 0.137867459794 , 8445.0 , 3.29278723772 , 0.376898958383 , 0.00244131815029 , 9.25 , 685.25
43 , 4 , fluid , 2 , 444.25 , 16.1980684811 , 200 , 8 , 500 , 0.0 , 0.0 , 0.974668772891 , 20 , 10 , 0.025 , 10 , 8 , 1 , 7653.5 , 1 , 70.7443062492 , 350.75 , 501.840111292 , 12.490625 , 2.05410420213 , 8.0 , 11.25 , 0.133225 , 0.0768967668223 , 0.621855966367 , 0.237472112737 , 6618.25 , 2.66299902101 , 0.356690998096 , 0.00208018455213 , 9.25 , 284.25
44 , 4 , fluid , 2 , 0.0 , 0.0 , 200 , 8 , 500 , 0.0 , 0.0 , 0.974668772891 , 20 , 5 , 0.01 , 10 , 8 , 1 , 0.0 , 1 , nan , nan , nan , 0.1375 , 0.636514168295 , 2.0 , 0.0 , nan , nan , nan , nan , nan , nan , nan , nan , 0.0 , 3.0
45 , 5 , fluid , 2 , 0.0 , 0.0 , 300 , 4 , 1000 , 0.0 , 0.0 , 0.941662576329 , 160 , 50 , 1.0 , 8 , 9 , 1 , 0.0 , 0 , 5.79781110661 , 7.0 , 10.3190168818 , 37.5138888889 , 1.38544983148 , 4.0 , 0.0 , nan , nan , nan , nan , nan , nan , nan , nan , 7.0 , 1765.0
46 , 5 , fluid , 2 , 0.0 , 0.174244225973 , 300 , 4 , 1000 , 0.0 , 0.0 , 0.941662576329 , 160 , 40 , 0.75 , 8 , 9 , 1 , 3.0 , 0 , 7.57106984485 , 10.0 , 23.1247545339 , 35.3541666667 , 1.38434529687 , 4.0 , 0.5 , 1.0 , 1.0 , 0.0 , 0.0 , 6.0 , 0.0 , 0.464972465009 , 0.00176214756732 , 9.0 , 1764.5
47 , 5 , fluid , 2 , 0.0 , 0.0 , 300 , 4 , 1000 , 0.0 , 0.0 , 0.941662576329 , 160 , 40 , 0.5 , 8 , 9 , 1 , 0.0 , 0 , 10.3566360798 , 14.0 , 21.2479379139 , 35.6527777778 , 1.38603494611 , 4.0 , 0.0 , nan , nan , nan , nan , nan , nan , nan , nan , 8.0 , 1694.0
48 , 5 , fluid , 2 , 443.75 , 79.9130242303 , 300 , 4 , 1000 , 0.0 , 0.0 , 0.941662576329 , 160 , 20 , 0.25 , 8 , 9 , 1 , 2082.5 , 0 , 18.2042939621 , 28.0 , 139.184400861 , 29.2118055556 , 1.38473768028 , 4.0 , 9.0 , 0.1169 , 0.117097673857 , 0.878133629484 , 0.0118174689503 , 2070.5 , 2.44975040877 , 0.477893209902 , 0.00299817224962 , 7.25 , 1429.0
49 , 5 , fluid , 2 , 552.0 , 59.5203005376 , 300 , 4 , 1000 , 0.0 , 0.0 , 0.941662576329 , 160 , 20 , 0.1 , 8 , 9 , 1 , 4614.0 , 0 , 37.0965702024 , 70.0 , 364.11740416 , 25.3611111111 , 1.38485012437 , 4.0 , 13.5 , 0.078775 , 0.131128755266 , 0.800052422923 , 0.0067840668249 , 4598.5 , 3.21996633968 , 0.465959073313 , 0.00191066318451 , 7.75 , 1215.0
50 , 5 , fluid , 2 , 622.75 , 53.2825797713 , 300 , 4 , 1000 , 0.0 , 0.0 , 0.941662576329 , 160 , 10 , 0.075 , 8 , 9 , 1 , 6636.25 , 0 , 49.789697669 , 93.425 , 429.968830673 , 23.9965277778 , 1.38274544684 , 4.0 , 9.75 , 0.1061 , 0.090155597152 , 0.744844920788 , 0.016509800783 , 6577.5 , 2.61144945324 , 0.475581558699 , 0.00141469066651 , 5.5 , 1155.5
51 , 5 , fluid , 2 , 678.25 , 35.4898200967 , 300 , 4 , 1000 , 0.0 , 0.0 , 0.941662576329 , 160 , 10 , 0.05 , 8 , 9 , 1 , 9670.5 , 0 , 61.7074449221 , 139.625 , 530.49608248 , 20.6145833333 , 1.38432482879 , 4.0 , 12.0 , 0.086525 , 0.101785542886 , 0.661134185321 , 0.00317364833385 , 9656.5 , 2.99433124673 , 0.465409567514 , 0.00181342284457 , 7.5 , 1015.25
52 , 5 , fluid , 2 , 272.75 , 24.147910891 , 300 , 4 , 1000 , 0.0 , 0.0 , 0.941662576329 , 160 , 10 , 0.025 , 8 , 9 , 1 , 2463.0 , 0 , 65.4682214657 , 279.0 , 1104.61440224 , 10.6284722222 , 1.37906713833 , 4.0 , 6.0 , 0.30065 , 0.078094958762 , 0.84314958985 , 0.00414571740131 , 2456.75 , 1.33333255633 , 0.480926476606 , 0.00742207547563 , 7.5 , 507.25
53 , 5 , fluid , 2 , 343.0 , 13.7103102552 , 300 , 4 , 1000 , 0.0 , 0.0 , 0.941662576329 , 160 , 5 , 0.01 , 8 , 9 , 1 , 5903.0 , 0 , 136.513258381 , 696.45 , 1225.19307552 , 5.875 , 1.36688931777 , 4.0 , 4.5 , 0.2378 , 0.0506771221321 , 0.697995052199 , 0.00144208498283 , 5898.75 , 1.28766537262 , 0.465147737067 , 0.00179816726738 , 6.25 , 283.25
54 , 6 , fluid , 2 , 0.0 , 0.0 , 300 , 8 , 2000 , 0.0 , 0.0 , 0.901399755211 , 160 , 50 , 1.0 , 5 , 10 , 1 , 0.0 , 0 , 3.72832914573 , 5.0 , 5.40057915058 , 81.24 , 2.07838466026 , 8.0 , 0.0 , nan , nan , nan , nan , nan , nan , nan , nan , 5.0 , 1132.0
55 , 6 , fluid , 2 , 0.0 , 0.0 , 300 , 8 , 2000 , 0.0 , 0.0 , 0.901399755211 , 160 , 40 , 0.75 , 5 , 10 , 1 , 0.0 , 0 , 4.80613985219 , 6.0 , 7.3046989721 , 78.78 , 2.07652329539 , 8.0 , 0.0 , nan , nan , nan , nan , nan , nan , nan , nan , 4.0 , 1111.0
56 , 6 , fluid , 2 , 0.0 , 0.0 , 300 , 8 , 2000 , 0.0 , 0.0 , 0.901399755211 , 160 , 40 , 0.5 , 5 , 10 , 1 , 0.0 , 0 , 6.86925110132 , 9.0 , 11.1586174242 , 73.82 , 2.07546259552 , 8.0 , 0.0 , nan , nan , nan , nan , nan , nan , nan , nan , 5.0 , 1085.0
57 , 6 , fluid , 2 , 511.75 , 102.378932728 , 300 , 8 , 2000 , 0.0 , 0.0 , 0.901399755211 , 160 , 20 , 0.25 , 5 , 10 , 1 , 2252.5 , 0 , 11.5537833294 , 18.0 , 115.754911717 , 56.825 , 2.07186543936 , 8.0 , 14.75 , 0.07825 , 0.155877900605 , 0.734556806985 , 0.050253796671 , 2201.25 , 3.37428095025 , 0.471027528079 , 0.00520665100271 , 4.75 , 798.5
58 , 6 , fluid , 2 , 406.25 , 47.9542442033 , 300 , 8 , 2000 , 0.0 , 0.0 , 0.901399755211 , 160 , 20 , 0.1 , 5 , 10 , 1 , 2843.0 , 0 , 21.8891892227 , 43.0 , 304.200262199 , 48.47 , 2.07349857417 , 8.0 , 10.0 , 0.134175 , 0.107573165815 , 0.882988221305 , 0.0501360638839 , 2764.75 , 2.50165942518 , 0.494478923803 , 0.00485173805272 , 4.75 , 693.25
59 , 6 , fluid , 2 , 295.25 , 39.0007453733 , 300 , 8 , 2000 , 0.0 , 0.0 , 0.901399755211 , 160 , 10 , 0.075 , 5 , 10 , 1 , 1811.5 , 0 , 30.2580030352 , 57.5 , 304.555914834 , 49.69 , 2.07489830611 , 8.0 , 6.5 , 0.240175 , 0.0867400126468 , 1.00562562419 , 0.103464851889 , 1672.25 , 1.5670018837 , 0.660101100175 , 0.0122858495795 , 4.75 , 706.75
60 , 6 , fluid , 2 , 437.25 , 37.8192982336 , 300 , 8 , 2000 , 0.0 , 0.0 , 0.901399755211 , 160 , 10 , 0.05 , 5 , 10 , 1 , 4585.0 , 0 , 26.3848218565 , 86.0 , 444.558220084 , 28.235 , 2.06892790955 , 8.0 , 8.75 , 0.1385 , 0.0903288600446 , 0.839545026765 , 0.00469001330497 , 4574.0 , 2.3161440164 , 0.468528805162 , 0.00492917362422 , 5.25 , 396.0
61 , 6 , fluid , 2 , 812.0 , 40.2529419107 , 300 , 8 , 2000 , 0.0 , 0.0 , 0.901399755211 , 160 , 10 , 0.025 , 5 , 10 , 1 , 10994.5 , 0 , 38.3184162111 , 171.575 , 1017.18447448 , 20.155 , 2.05427999571 , 8.0 , 13.75 , 0.0809 , 0.103808503459 , 0.634428677313 , 0.0754857476937 , 10597.75 , 3.23523414696 , 0.34111620098 , 0.00239121297398 , 3.0 , 299.75
62 , 6 , fluid , 2 , 213.25 , 15.1647956534 , 300 , 8 , 2000 , 0.0 , 0.0 , 0.901399755211 , 160 , 5 , 0.01 , 5 , 10 , 1 , 2413.25 , 0 , 60.549597855 , 427.95 , 1311.15897462 , 17.385 , 2.05272553073 , 8.0 , 3.75 , 0.300775 , 0.0580660108131 , 0.708316253067 , 0.0028679520521 , 2410.0 , 0.952350062261 , 0.493945052633 , 0.00415957543732 , 3.75 , 233.5
63 , 7 , fluid , 2 , 0.0 , 0.0 , 300 , 1 , 500 , 0.0 , 0.0 , 0.917957879879 , 10 , 50 , 1.0 , 5 , 6 , 1 , 0.0 , 0 , 3.70447564721 , 5.0 , 5.45161290323 , 0.0 , 0.0 , 1.0 , 0.0 , nan , nan , nan , nan , nan , nan , nan , nan , 5.0 , 1142.0
64 , 7 , fluid , 2 , 0.0 , 0.0 , 300 , 1 , 500 , 0.0 , 0.0 , 0.917957879879 , 10 , 40 , 0.75 , 5 , 6 , 1 , 0.0 , 0 , 4.68861788618 , 6.0 , 6.51851851852 , 0.0 , 0.0 , 1.0 , 0.0 , nan , nan , nan , nan , nan , nan , nan , nan , 4.0 , 1092.0
65 , 7 , fluid , 2 , 0.0 , 0.000580718002988 , 300 , 1 , 500 , 0.0 , 0.0 , 0.917957879879 , 10 , 40 , 0.5 , 5 , 6 , 1 , 0.0 , 0 , 6.20218579235 , 9.0 , 7.73684210526 , 0.0 , 0.0 , 1.0 , 0.0 , nan , nan , nan , nan , nan , nan , nan , nan , 5.0 , 1038.0
66 , 7 , fluid , 2 , 886.25 , 166.628006964 , 300 , 1 , 500 , 0.0 , 0.0 , 0.917957879879 , 10 , 20 , 0.25 , 5 , 6 , 1 , 4275.0 , 0 , 10.7112169503 , 18.0 , 117.070828821 , 0.0 , 0.0 , 1.0 , 20.0 , 0.0528 , 0.186262864295 , 0.822098813349 , 0.0130859269021 , 4247.5 , 4.10232873938 , 0.256607948576 , 0.00173506191315 , 3.75 , 720.0
67 , 7 , fluid , 2 , 0.0 , 0.0 , 300 , 1 , 500 , 0.0 , 0.0 , 0.917957879879 , 10 , 20 , 0.1 , 5 , 6 , 1 , 0.0 , 0 , nan , nan , nan , 0.0 , 0.0 , 1.0 , 0.0 , nan , nan , nan , nan , nan , nan , nan , nan , 0.0 , 61.0
68 , 7 , fluid , 2 , 389.0 , 45.6416184021 , 300 , 1 , 500 , 0.0 , 0.0 , 0.917957879879 , 10 , 10 , 0.075 , 5 , 6 , 1 , 2869.25 , 0 , 22.2326483386 , 57.475 , 325.573719653 , 0.0 , 0.0 , 1.0 , 9.0 , 0.134075 , 0.102940479612 , 0.776574052296 , 0.00678990856084 , 2859.25 , 2.37578531922 , 0.389330914982 , 0.00696416199659 , 4.75 , 497.75
69 , 7 , fluid , 2 , 0.0 , 0.0 , 300 , 1 , 500 , 0.0 , 0.0 , 0.917957879879 , 10 , 10 , 0.05 , 5 , 6 , 1 , 0.0 , 0 , nan , nan , nan , 0.0 , 0.0 , 1.0 , 0.0 , nan , nan , nan , nan , nan , nan , nan , nan , 1.0 , 24.0
70 , 7 , fluid , 2 , 380.25 , 27.6250042138 , 300 , 1 , 500 , 0.0 , 0.0 , 0.917957879879 , 10 , 10 , 0.025 , 5 , 6 , 1 , 4276.75 , 0 , 37.0192260804 , 171.55 , 935.51013132 , 0.0 , 0.0 , 1.0 , 7.5 , 0.138975 , 0.0789756534996 , 0.694905210214 , 0.0155357887491 , 4248.75 , 2.14258838675 , 0.358687266729 , 0.00431926793013 , 4.75 , 314.75
71 , 7 , fluid , 2 , 0.0 , 0.0 , 300 , 1 , 500 , 0.0 , 0.0 , 0.917957879879 , 10 , 5 , 0.01 , 5 , 6 , 1 , 0.0 , 0 , nan , nan , nan , 0.0 , 0.0 , 1.0 , 0.0 , nan , nan , nan , nan , nan , nan , nan , nan , 0.0 , 5.0
72 , 8 , fluid , 2 , 42.75 , 4.67019735054 , 300 , 4 , 500 , 0.0 , 0.0 , 0.961120698567 , 80 , 50 , 1.0 , 7 , 9 , 1 , 162.75 , 4 , 5.14543036129 , 7.0 , 7.85788376254 , 36.7380952381 , 1.38566173852 , 4.0 , 28.5 , 0.4482 , 0.531233666869 , 0.114762688292 , 0.914033328419 , 32.0 , 2.27739079907 , 0.310614696627 , 0.00497047774761 , 7.0 , 1552.0
73 , 8 , fluid , 2 , 49.5 , 7.64208171157 , 300 , 4 , 500 , 0.0 , 0.0 , 0.961120698567 , 80 , 40 , 0.75 , 7 , 9 , 1 , 216.75 , 4 , 6.68549850153 , 9.0 , 10.2156237855 , 36.5873015873 , 1.38405436321 , 4.0 , 28.75 , 0.34185 , 0.492084350303 , 0.146642045 , 0.86355583261 , 64.75 , 3.06801941181 , 0.309133610441 , 0.00477126361267 , 8.25 , 1505.75
74 , 8 , fluid , 2 , 219.0 , 43.5973212874 , 300 , 4 , 500 , 0.0 , 0.0 , 0.961120698567 , 80 , 40 , 0.5 , 7 , 9 , 1 , 974.25 , 4 , 9.53296878415 , 13.0 , 19.2606261977 , 33.0714285714 , 1.38468991574 , 4.0 , 33.5 , 0.164775 , 0.323468125725 , 0.612275273557 , 0.745238013888 , 431.25 , 4.05529029329 , 0.371116766171 , 0.00568051045253 , 5.75 , 1416.0
75 , 8 , fluid , 2 , 565.0 , 87.4193642141 , 300 , 4 , 500 , 0.0 , 0.0 , 0.961120698567 , 80 , 20 , 0.25 , 7 , 9 , 1 , 3448.25 , 4 , 14.2190271487 , 25.0 , 37.3677521197 , 27.0634920635 , 1.38507657752 , 4.0 , 38.0 , 0.106925 , 0.169314427511 , 0.816088008022 , 0.711872230065 , 1841.0 , 4.85578250603 , 0.391414942414 , 0.00574275686392 , 6.75 , 1123.0
76 , 8 , fluid , 2 , 802.5 , 68.6780355642 , 300 , 4 , 500 , 0.0 , 0.0 , 0.961120698567 , 80 , 20 , 0.1 , 7 , 9 , 1 , 7784.25 , 4 , 26.6145036025 , 61.0 , 93.6106065406 , 18.8888888889 , 1.38383930107 , 4.0 , 39.0 , 0.0814 , 0.115482740685 , 0.439863984673 , 0.626735855593 , 4003.75 , 4.52360729316 , 0.297450497876 , 0.00346914968873 , 5.25 , 782.25
77 , 8 , fluid , 2 , 939.75 , 62.9458881967 , 300 , 4 , 500 , 0.0 , 0.0 , 0.961120698567 , 80 , 10 , 0.075 , 7 , 9 , 1 , 11940.75 , 4 , 27.1148179567 , 81.275 , 118.011006651 , 13.003968254 , 1.38206047496 , 4.0 , 33.25 , 0.0895 , 0.0986558029812 , 0.528681862347 , 0.566729237819 , 7235.0 , 4.27647927321 , 0.313224755945 , 0.00275202542925 , 7.25 , 562.5
78 , 8 , fluid , 2 , 895.25 , 35.1025490224 , 300 , 4 , 500 , 0.0 , 0.0 , 0.961120698567 , 80 , 10 , 0.05 , 7 , 9 , 1 , 14167.75 , 4 , 29.1217333976 , 121.725 , 184.551246849 , 9.26984126984 , 1.3750550398 , 4.0 , 24.5 , 0.0861 , 0.103842655975 , 0.200511054277 , 0.457459394378 , 10610.0 , 4.165174209 , 0.390192391605 , 0.00346872276719 , 6.0 , 395.0
79 , 8 , fluid , 2 , 641.0 , 31.7628360609 , 300 , 4 , 500 , 0.0 , 0.0 , 0.961120698567 , 80 , 10 , 0.025 , 7 , 9 , 1 , 9109.0 , 4 , 38.7022521182 , 243.3 , 540.549958755 , 6.54761904762 , 1.3749437228 , 4.0 , 14.5 , 0.113625 , 0.0884106401417 , 0.496717404213 , 0.356510955353 , 6131.0 , 2.76584327863 , 0.423862483182 , 0.00265390948822 , 5.75 , 264.25
80 , 8 , fluid , 2 , 0.0 , 0.0 , 300 , 4 , 500 , 0.0 , 0.0 , 0.961120698567 , 80 , 5 , 0.01 , 7 , 9 , 1 , 0.0 , 4 , nan , nan , nan , 0.15873015873 , 1.05492016799 , 3.0 , 0.0 , nan , nan , nan , nan , nan , nan , nan , nan , 0.0 , 5.0
81 , 9 , fluid , 2 , 8.25 , 1.03716809029 , 200 , 16 , 8000 , 0.0 , 0.0 , 0.936667786418 , 80 , 50 , 1.0 , 7 , 9 , 1 , 39.0 , 1 , 5.1419527897 , 7.0 , 7.95185662021 , 121.115079365 , 2.76563530025 , 16.0 , 9.75 , 0.654375 , 0.660213104086 , 0.166290565227 , 0.836701904254 , 10.5 , 0.936921186701 , 0.328926549965 , 0.00648092075449 , 7.0 , 1028.25
82 , 9 , fluid , 2 , 19.0 , 3.45947686051 , 200 , 16 , 8000 , 0.0 , 0.0 , 0.936667786418 , 80 , 40 , 0.75 , 7 , 9 , 1 , 93.75 , 1 , 6.69562288582 , 9.0 , 10.2825922913 , 120.265873016 , 2.76420411164 , 16.0 , 9.75 , 0.5334 , 0.47889878254 , 0.335611638706 , 0.801590372327 , 30.25 , 1.1597485403 , 0.334571804122 , 0.00648828379438 , 6.25 , 1008.5
83 , 9 , fluid , 2 , 44.5 , 8.88422751136 , 200 , 16 , 8000 , 0.0 , 0.0 , 0.936667786418 , 80 , 40 , 0.5 , 7 , 9 , 1 , 209.75 , 1 , 9.73061182742 , 13.0 , 17.4489198686 , 114.015873016 , 2.76564007642 , 16.0 , 9.25 , 0.360475 , 0.328526920626 , 0.396103542483 , 0.679391438706 , 98.0 , 1.56172986476 , 0.407868463787 , 0.00593438679145 , 8.5 , 976.5
84 , 9 , fluid , 2 , 278.5 , 37.5402373713 , 200 , 16 , 8000 , 0.0 , 0.0 , 0.936667786418 , 80 , 20 , 0.25 , 7 , 9 , 1 , 1552.0 , 1 , 16.8360312636 , 25.0 , 33.1239002721 , 101.813492063 , 2.76239461749 , 16.0 , 13.5 , 0.16075 , 0.125211993932 , 0.692644185879 , 0.50012892866 , 953.5 , 2.32580150069 , 0.431380038424 , 0.00509664207697 , 6.5 , 857.25
85 , 9 , fluid , 2 , 422.5 , 42.1425287697 , 200 , 16 , 8000 , 0.0 , 0.0 , 0.936667786418 , 80 , 20 , 0.1 , 7 , 9 , 1 , 3634.5 , 1 , 30.7658609678 , 61.0 , 92.1578628067 , 78.8333333333 , 2.76156029321 , 16.0 , 14.25 , 0.1411 , 0.099937372583 , 0.594382650521 , 0.38907469997 , 2503.75 , 2.70159805715 , 0.414054994556 , 0.00482204417889 , 5.0 , 653.0
86 , 9 , fluid , 2 , 334.75 , 28.8454837339 , 200 , 16 , 8000 , 0.0 , 0.0 , 0.936667786418 , 80 , 10 , 0.075 , 7 , 9 , 1 , 3117.0 , 1 , 34.6862726487 , 81.325 , 131.453466356 , 70.4404761905 , 2.75735252674 , 16.0 , 12.75 , 0.13355 , 0.0976632660877 , 0.604576234824 , 0.365189413784 , 2249.0 , 2.4610169379 , 0.370025191386 , 0.00449557811369 , 4.25 , 605.25
87 , 9 , fluid , 2 , 285.5 , 15.1186183822 , 200 , 16 , 8000 , 0.0 , 0.0 , 0.936667786418 , 80 , 10 , 0.05 , 7 , 9 , 1 , 3895.25 , 1 , 56.8877974881 , 121.525 , 242.403613165 , 78.4682539683 , 2.76013815582 , 16.0 , 9.5 , 0.16965 , 0.0823333372098 , 0.476074289367 , 0.308775086141 , 3114.25 , 2.18205801757 , 0.337726417928 , 0.00250512498614 , 4.75 , 647.0
88 , 9 , fluid , 2 , 682.25 , 26.0561497527 , 200 , 16 , 8000 , 0.0 , 0.0 , 0.936667786418 , 80 , 10 , 0.025 , 7 , 9 , 1 , 12897.5 , 1 , 77.0128589428 , 243.0 , 696.785461325 , 44.3928571429 , 2.74450628333 , 16.0 , 10.25 , 0.103175 , 0.078193329441 , 0.894228888965 , 0.01172478887 , 12809.0 , 2.68689263124 , 0.429557879197 , 0.00104000936206 , 7.5 , 377.25
89 , 9 , fluid , 2 , 296.25 , 10.6865399665 , 200 , 16 , 8000 , 0.0 , 0.0 , 0.936667786418 , 80 , 5 , 0.01 , 7 , 9 , 1 , 5347.5 , 1 , 81.9420867803 , 606.8 , 1195.11285092 , 15.0317460317 , 2.70174907146 , 16.0 , 6.0 , 0.186125 , 0.0642251515313 , 0.663940375535 , 0.0297456818421 , 5286.5 , 1.72635405716 , 0.334493376466 , 0.00143305836089 , 5.0 , 137.75
90 , 10 , fluid , 2 , 57.25 , 12.5398104608 , 300 , 2 , 8000 , 0.0 , 0.0 , 0.900979068994 , 10 , 50 , 1.0 , 9 , 5 , 1 , 253.25 , 2 , 6.53267067416 , 8.0 , 10.4668825456 , 21.6 , 0.692732714725 , 2.0 , 19.5 , 0.2724 , 0.37253490141 , 0.337818624555 , 0.786551434375 , 101.0 , 2.90750934682 , 0.398510766344 , 0.00523877469251 , 8.0 , 1965.5
91 , 10 , fluid , 2 , 71.0 , 13.3852270881 , 300 , 2 , 8000 , 0.0 , 0.0 , 0.900979068994 , 10 , 40 , 0.75 , 9 , 5 , 1 , 320.25 , 2 , 8.53412741263 , 11.0 , 13.3507727483 , 21.5611111111 , 0.693061770227 , 2.0 , 22.5 , 0.401875 , 0.37870872089 , 0.169977566546 , 0.888086790953 , 67.5 , 1.73521502652 , 0.34828400576 , 0.00515962260598 , 8.0 , 1944.75
92 , 10 , fluid , 2 , 565.75 , 110.052331461 , 300 , 2 , 8000 , 0.0 , 0.0 , 0.900979068994 , 10 , 40 , 0.5 , 9 , 5 , 1 , 2319.25 , 2 , 11.5143839707 , 16.0 , 23.41973968 , 19.6611111111 , 0.692730954051 , 2.0 , 33.5 , 0.138525 , 0.164635114537 , 0.429030529793 , 0.658358260987 , 1167.75 , 3.41920356587 , 0.382807806253 , 0.00430938543318 , 6.75 , 1750.75
93 , 10 , fluid , 2 , 0.0 , 0.0 , 300 , 2 , 8000 , 0.0 , 0.0 , 0.900979068994 , 10 , 20 , 0.25 , 9 , 5 , 1 , 0.0 , 2 , nan , nan , nan , 1.42222222222 , 0.693117133988 , 2.0 , 0.0 , nan , nan , nan , nan , nan , nan , nan , nan , 0.0 , 129.0
94 , 10 , fluid , 2 , 769.25 , 61.6167045063 , 300 , 2 , 8000 , 0.0 , 0.0 , 0.900979068994 , 10 , 20 , 0.1 , 9 , 5 , 1 , 8325.5 , 2 , 32.2402266511 , 79.0 , 98.1238701291 , 12.3444444444 , 0.692713517893 , 2.0 , 22.25 , 0.087325 , 0.106487660856 , 0.62025555075 , 0.353193326114 , 6490.75 , 3.7499030809 , 0.405190512554 , 0.00294997896981 , 7.5 , 1107.5
95 , 10 , fluid , 2 , 1085.0 , 47.8332392023 , 300 , 2 , 8000 , 0.0 , 0.0 , 0.900979068994 , 10 , 10 , 0.075 , 9 , 5 , 1 , 15152.75 , 2 , 32.5116936475 , 105.225 , 132.711886649 , 6.08333333333 , 0.69274884846 , 2.0 , 27.25 , 0.08645 , 0.0940073539314 , 0.367502303159 , 0.4977890289 , 8290.75 , 3.60067024774 , 0.423887802441 , 0.00295921349044 , 10.75 , 542.5
96 , 10 , fluid , 2 , 0.0 , 0.0 , 300 , 2 , 8000 , 0.0 , 0.0 , 0.900979068994 , 10 , 10 , 0.05 , 9 , 5 , 1 , 0.0 , 2 , nan , nan , nan , 0.377777777778 , 0.659152503823 , 2.0 , 0.0 , nan , nan , nan , nan , nan , nan , nan , nan , 0.0 , 27.0
97 , 10 , fluid , 2 , 548.0 , 30.9044812636 , 300 , 2 , 8000 , 0.0 , 0.0 , 0.900979068994 , 10 , 10 , 0.025 , 9 , 5 , 1 , 7872.5 , 2 , 59.1430600222 , 314.875 , 460.63188553 , 6.81666666667 , 0.691788613432 , 2.0 , 13.75 , 0.128425 , 0.0823343039655 , 0.47515435119 , 0.350493494591 , 5730.25 , 2.65443417318 , 0.398499687891 , 0.00201877229852 , 4.5 , 600.75
98 , 10 , fluid , 2 , 0.0 , 0.0 , 300 , 2 , 8000 , 0.0 , 0.0 , 0.900979068994 , 10 , 5 , 0.01 , 9 , 5 , 1 , 0.0 , 2 , nan , nan , nan , 0.0888888888889 , 0.500402423538 , 2.0 , 0.0 , nan , nan , nan , nan , nan , nan , nan , nan , 0.0 , 5.0
99 , 11 , fluid , 2 , 37.75 , 5.76388695713 , 400 , 4 , 1000 , 0.0 , 0.0 , 0.910275019149 , 20 , 50 , 1.0 , 9 , 9 , 1 , 155.5 , 2 , 6.53811072312 , 8.0 , 10.4403559235 , 48.3179012346 , 1.38582480128 , 4.0 , 19.75 , 0.316775 , 0.535752804457 , 0.523631069513 , 0.799831725504 , 66.5 , 3.41454505028 , 0.342921431792 , 0.00510555016199 , 8.0 , 2611.5
100 , 11 , fluid , 2 , 71.25 , 12.5914477328 , 400 , 4 , 1000 , 0.0 , 0.0 , 0.910275019149 , 20 , 40 , 0.75 , 9 , 9 , 1 , 289.75 , 2 , 8.53371958705 , 11.0 , 13.6180927797 , 47.5277777778 , 1.38554991992 , 4.0 , 21.75 , 0.3044 , 0.412238695503 , 0.427890367493 , 0.783448771931 , 123.0 , 2.86923639238 , 0.350776415006 , 0.00528594281514 , 6.75 , 2548.25
101 , 11 , fluid , 2 , 491.75 , 90.9005104388 , 400 , 4 , 1000 , 0.0 , 0.0 , 0.910275019149 , 20 , 40 , 0.5 , 9 , 9 , 1 , 2179.0 , 2 , 12.0772507685 , 16.0 , 24.0775097569 , 43.9012345679 , 1.38564960019 , 4.0 , 35.5 , 0.1092 , 0.179462383349 , 0.540293692205 , 0.695911496763 , 1008.0 , 4.1766160233 , 0.388369610869 , 0.00467739426715 , 9.5 , 2384.75
102 , 11 , fluid , 2 , 1007.0 , 131.951657389 , 400 , 4 , 1000 , 0.0 , 0.0 , 0.910275019149 , 20 , 20 , 0.25 , 9 , 9 , 1 , 5976.75 , 2 , 19.0216930831 , 32.0 , 44.5556105738 , 37.012345679 , 1.38619460587 , 4.0 , 35.0 , 0.08645 , 0.127049660949 , 0.729484188207 , 0.584178022761 , 3551.75 , 4.62724150139 , 0.372488316508 , 0.00351561950072 , 9.0 , 1993.25
103 , 11 , fluid , 2 , 1406.25 , 84.4229116095 , 400 , 4 , 1000 , 0.0 , 0.0 , 0.910275019149 , 20 , 20 , 0.1 , 9 , 9 , 1 , 17842.0 , 2 , 34.5864758935 , 79.0 , 109.364452803 , 24.9475308642 , 1.38541419543 , 4.0 , 28.25 , 0.081625 , 0.0882342666176 , 0.406995061925 , 0.463439317625 , 12034.75 , 3.939714016 , 0.37048390821 , 0.0025162019658 , 5.75 , 1344.25
104 , 11 , fluid , 2 , 1299.25 , 77.290927761 , 400 , 4 , 1000 , 0.0 , 0.0 , 0.910275019149 , 20 , 10 , 0.075 , 9 , 9 , 1 , 17470.25 , 2 , 39.7324147203 , 105.2 , 130.71060387 , 21.8672839506 , 1.38351418415 , 4.0 , 29.25 , 0.074475 , 0.0966985653211 , 0.700168518327 , 0.399812864228 , 13036.0 , 4.33671823964 , 0.369818222525 , 0.00255879304887 , 6.25 , 1170.5
105 , 11 , fluid , 2 , 1204.5 , 60.4383757436 , 400 , 4 , 1000 , 0.0 , 0.0 , 0.910275019149 , 20 , 10 , 0.05 , 9 , 9 , 1 , 17005.0 , 2 , 46.3210134058 , 157.425 , 243.498316557 , 14.9938271605 , 1.38010857747 , 4.0 , 23.75 , 0.074375 , 0.087869000809 , 0.803334304774 , 0.310967478096 , 13252.0 , 4.09511370353 , 0.384706375682 , 0.00255424615222 , 9.25 , 823.0
106 , 11 , fluid , 2 , 0.0 , 0.0 , 400 , 4 , 1000 , 0.0 , 0.0 , 0.910275019149 , 20 , 10 , 0.025 , 9 , 9 , 1 , 0.0 , 2 , nan , nan , nan , 0.296296296296 , 1.27703425947 , 4.0 , 0.0 , nan , nan , nan , nan , nan , nan , nan , nan , 0.0 , 14.0
107 , 11 , fluid , 2 , 0.0 , 0.0 , 400 , 4 , 1000 , 0.0 , 0.0 , 0.910275019149 , 20 , 5 , 0.01 , 9 , 9 , 1 , 0.0 , 2 , nan , nan , nan , 0.20987654321 , 0.99502699018 , 3.0 , 0.0 , nan , nan , nan , nan , nan , nan , nan , nan , 0.0 , 9.0
108 , 12 , random_walk , 2 , 4.0 , 0.480695016908 , 400 , 4 , 8000 , 0.0 , 0.0 , 0.954352655816 , 20 , 50 , 1.0 , 7 , 7 , 1 , 20.75 , 2 , 0.0 , 0.0 , 0.0 , 35.3571428571 , 1.38487912214 , 4.0 , 9.0 , 0.678175 , 0.76393747016 , 0.209325396825 , 0.798541187372 , 6.0 , 1.2167195342 , 0.291315407966 , 0.00518666339572 , 4.5 , 1143.5
109 , 12 , random_walk , 2 , 14.0 , 2.25139461666 , 400 , 4 , 8000 , 0.0 , 0.0 , 0.954352655816 , 20 , 40 , 0.75 , 7 , 7 , 1 , 51.0 , 2 , 0.0 , 0.0 , 0.0 , 22.556122449 , 1.384497072 , 4.0 , 9.75 , 0.48495 , 0.596663882765 , 0.815187094311 , 0.680426982105 , 27.5 , 1.65873111456 , 0.364445147117 , 0.00528657155502 , 3.25 , 736.0
110 , 12 , random_walk , 2 , 18.0 , 3.14397961202 , 400 , 4 , 8000 , 0.0 , 0.0 , 0.954352655816 , 20 , 40 , 0.5 , 7 , 7 , 1 , 66.25 , 2 , 0.0 , 0.0 , 0.0 , 26.5663265306 , 1.38508169595 , 4.0 , 7.0 , 0.321775 , 0.37557960246 , 0.506142506143 , 0.446604659472 , 49.75 , 1.66061337005 , 0.391312726702 , 0.00447341610949 , 4.5 , 850.0
111 , 12 , random_walk , 2 , 33.0 , 6.71236029207 , 400 , 4 , 8000 , 0.0 , 0.0 , 0.954352655816 , 20 , 20 , 0.25 , 7 , 7 , 1 , 133.5 , 2 , 0.0 , 0.0 , 0.0 , 37.8928571429 , 1.38450355687 , 4.0 , 5.5 , 0.251475 , 0.213075818521 , 0.912359600254 , 0.170014620731 , 121.75 , 1.50405130635 , 0.344239711823 , 0.00183120240691 , 7.75 , 1247.0
112 , 12 , random_walk , 2 , 67.75 , 9.79986965896 , 400 , 4 , 8000 , 0.0 , 0.0 , 0.954352655816 , 20 , 20 , 0.1 , 7 , 7 , 1 , 367.75 , 2 , 0.0 , 0.0 , 0.0 , 116.668367347 , 1.38550147936 , 4.0 , 3.5 , 0.327775 , 0.10484926288 , 0.968351149698 , 0.0249655462242 , 363.5 , 0.840389960916 , 0.408028810472 , 0.00199999636979 , 12.25 , 3749.0
113 , 12 , random_walk , 2 , 0.0 , 0.0 , 400 , 4 , 8000 , 0.0 , 0.0 , 0.954352655816 , 20 , 10 , 0.075 , 7 , 7 , 1 , 0.0 , 2 , nan , nan , 0.0 , 39.9591836735 , 1.38561216064 , 4.0 , 0.0 , nan , nan , nan , nan , nan , nan , nan , nan , 0.0 , 1274.0
114 , 12 , random_walk , 2 , 0.0 , 0.0 , 400 , 4 , 8000 , 0.0 , 0.0 , 0.954352655816 , 20 , 10 , 0.05 , 7 , 7 , 1 , 0.0 , 2 , nan , nan , 0.0 , 39.0612244898 , 1.38420119112 , 4.0 , 0.0 , nan , nan , nan , nan , nan , nan , nan , nan , 2.0 , 1283.0
115 , 12 , random_walk , 2 , 0.0 , 0.0 , 400 , 4 , 8000 , 0.0 , 0.0 , 0.954352655816 , 20 , 10 , 0.025 , 7 , 7 , 1 , 0.0 , 2 , nan , nan , nan , 0.244897959184 , 1.27302833659 , 4.0 , 0.0 , nan , nan , nan , nan , nan , nan , nan , nan , 0.0 , 9.0
116 , 12 , random_walk , 2 , 0.0 , 0.0 , 400 , 4 , 8000 , 0.0 , 0.0 , 0.954352655816 , 20 , 5 , 0.01 , 7 , 7 , 1 , 0.0 , 2 , nan , nan , nan , 0.183673469388 , 1.21488965395 , 4.0 , 0.0 , nan , nan , nan , nan , nan , nan , nan , nan , 0.0 , 9.0
117 , 13 , random_walk , 2 , 2.75 , 0.248212728501 , 100 , 16 , 1000 , 0.0 , 0.0 , 0.907022624652 , 40 , 50 , 1.0 , 9 , 8 , 1 , 17.25 , 1 , 0.0 , 0.0 , 0.0 , 40.4340277778 , 2.75287353933 , 16.0 , 5.75 , 0.5921 , 0.672176096752 , 0.315257352941 , 0.688065855671 , 8.0 , 1.07874693211 , 0.385853545053 , 0.00621820492462 , 5.75 , 392.75
118 , 13 , random_walk , 2 , 8.0 , 1.0178380529 , 100 , 16 , 1000 , 0.0 , 0.0 , 0.907022624652 , 40 , 40 , 0.75 , 9 , 8 , 1 , 38.25 , 1 , 0.0 , 0.0 , 0.0 , 29.84375 , 2.73947976221 , 16.0 , 7.5 , 0.66295 , 0.706637371876 , 0.242040050063 , 0.783059720771 , 12.5 , 0.993444146417 , 0.381873958662 , 0.00577208145404 , 5.0 , 290.25
119 , 13 , random_walk , 2 , 31.0 , 5.70537992772 , 100 , 16 , 1000 , 0.0 , 0.0 , 0.907022624652 , 40 , 40 , 0.5 , 9 , 8 , 1 , 127.0 , 1 , 0.0 , 0.0 , 0.0 , 46.1875 , 2.75689913851 , 16.0 , 6.0 , 0.499575 , 0.348099453554 , 1.02590399899 , 0.641936116124 , 59.5 , 0.775547938911 , 0.439653093942 , 0.00818266663922 , 5.75 , 441.0
120 , 13 , random_walk , 2 , 57.0 , 8.79529417065 , 100 , 16 , 1000 , 0.0 , 0.0 , 0.907022624652 , 40 , 20 , 0.25 , 9 , 8 , 1 , 286.0 , 1 , 0.0 , 0.0 , 0.0 , 64.3993055556 , 2.75981084244 , 16.0 , 7.25 , 0.4027 , 0.344995879836 , 0.496228528933 , 0.604825189125 , 146.75 , 1.42171347277 , 0.321060554137 , 0.00416780895611 , 9.0 , 606.5
121 , 13 , random_walk , 2 , 88.0 , 8.07221144493 , 100 , 16 , 1000 , 0.0 , 0.0 , 0.907022624652 , 40 , 20 , 0.1 , 9 , 8 , 1 , 819.5 , 1 , 0.0 , 0.0 , 0.0 , 138.736111111 , 2.76308570668 , 16.0 , 3.5 , 0.442325 , 0.3413965563 , 1.73500620247 , 0.0345697284322 , 807.75 , 0.926432348937 , 0.130041902166 , 0.00205899491542 , 10.5 , 1331.5
122 , 13 , random_walk , 2 , 89.0 , 7.29971871781 , 100 , 16 , 1000 , 0.0 , 0.0 , 0.907022624652 , 40 , 10 , 0.075 , 9 , 8 , 1 , 851.0 , 1 , 0.0 , 0.0 , 0.0 , 167.899305556 , 2.76623318757 , 16.0 , 4.75 , 0.3281 , 0.133623465897 , 1.11755502633 , 0.241608677364 , 676.25 , 1.12770083196 , 0.173496843588 , 0.00182530950021 , 9.5 , 1625.0
123 , 13 , random_walk , 2 , 85.5 , 7.27683772564 , 100 , 16 , 1000 , 0.0 , 0.0 , 0.907022624652 , 40 , 10 , 0.05 , 9 , 8 , 1 , 702.25 , 1 , 0.0 , 0.0 , 0.0 , 156.416666667 , 2.76233571225 , 16.0 , 2.5 , 0.64505 , 0.555317681642 , 0.517695225828 , 0.0613730526021 , 691.25 , 0.567021515283 , 0.246463082098 , 0.00285131171852 , 19.0 , 1494.25
124 , 13 , random_walk , 2 , 191.5 , 6.96611643089 , 100 , 16 , 1000 , 0.0 , 0.0 , 0.907022624652 , 40 , 10 , 0.025 , 9 , 8 , 1 , 3056.75 , 1 , 0.0 , 0.0 , 0.0 , 4.18055555556 , 1.86993210233 , 9.75 , 3.25 , 0.446525 , 0.293829972298 , 0.724338713441 , 0.00266200131394 , 3053.0 , 0.840450557513 , 0.312034709883 , 0.00205193313679 , 22.0 , 41.5
125 , 13 , random_walk , 2 , 0.0 , 0.0 , 100 , 16 , 1000 , 0.0 , 0.0 , 0.907022624652 , 40 , 5 , 0.01 , 9 , 8 , 1 , 0.0 , 1 , nan , nan , nan , 0.208333333333 , 0.69314718056 , 2.0 , 0.0 , nan , nan , nan , nan , nan , nan , nan , nan , 0.0 , 2.0
126 , 14 , random_walk , 2 , 0.0 , 0.0 , 400 , 4 , 2000 , 0.0 , 0.0 , 0.933574980351 , 10 , 50 , 1.0 , 6 , 9 , 1 , 0.0 , 0 , 0.0 , 0.0 , 0.0 , 11.537037037 , 1.37976389629 , 4.0 , 0.0 , nan , nan , nan , nan , nan , nan , nan , nan , 5.0 , 418.0
127 , 14 , random_walk , 2 , 5.0 , 1.08021115574 , 400 , 4 , 2000 , 0.0 , 0.0 , 0.933574980351 , 10 , 40 , 0.75 , 6 , 9 , 1 , 22.0 , 0 , 0.0 , 0.0 , 0.0 , 19.0555555556 , 1.38398327801 , 4.0 , 2.0 , 0.8444 , 0.822540894314 , 0.61556036556 , 0.318753396675 , 16.5 , -0.117582615084 , 0.41290844624 , 0.00448404155338 , 3.0 , 677.25
128 , 14 , random_walk , 2 , 26.75 , 4.74544502591 , 400 , 4 , 2000 , 0.0 , 0.0 , 0.933574980351 , 10 , 40 , 0.5 , 6 , 9 , 1 , 95.5 , 0 , 0.0 , 0.0 , 0.0 , 16.5416666667 , 1.38301425158 , 4.0 , 1.25 , 0.876375 , 0.77329027884 , 1.65198264125 , 0.00270262287335 , 95.25 , 0.0 , 0.491191780199 , 0.00227086415186 , 5.75 , 605.5
129 , 14 , random_walk , 2 , 6.0 , 0.636549575885 , 400 , 4 , 2000 , 0.0 , 0.0 , 0.933574980351 , 10 , 20 , 0.25 , 6 , 9 , 1 , 39.6666666667 , 0 , 0.0 , 0.0 , 0.0 , 42.1172839506 , 1.38570532575 , 4.0 , 0.666666666667 , 1.0 , 1.0 , 1.7037037037 , 0.0 , 59.5 , 0.0 , 0.182118587036 , 0.00727671160557 , 8.66666666667 , 1510.66666667
130 , 14 , random_walk , 2 , 26.75 , 3.82137216074 , 400 , 4 , 2000 , 0.0 , 0.0 , 0.933574980351 , 10 , 20 , 0.1 , 6 , 9 , 1 , 219.0 , 0 , 0.0 , 0.0 , 0.0 , 95.2777777778 , 1.3859744692 , 4.0 , 1.5 , 0.834825 , 0.772464645074 , 0.441385344841 , 0.00443189971301 , 218.0 , 0.176764479978 , 0.25518784319 , 0.00272166635314 , 6.75 , 3404.5
131 , 14 , random_walk , 2 , 123.5 , 24.4713396221 , 400 , 4 , 2000 , 0.0 , 0.0 , 0.933574980351 , 10 , 10 , 0.075 , 6 , 9 , 1 , 491.75 , 0 , 0.0 , 0.0 , 0.0 , 196.949074074 , 1.38517094416 , 4.0 , 4.0 , 0.294975 , 0.109169195512 , 0.637684296649 , 0.0258057461822 , 485.5 , 1.03851978953 , 0.451610025502 , 0.00641750795344 , 11.5 , 7171.5
132 , 14 , random_walk , 2 , 164.0 , 24.8164100072 , 400 , 4 , 2000 , 0.0 , 0.0 , 0.933574980351 , 10 , 10 , 0.05 , 6 , 9 , 1 , 937.0 , 0 , 0.0 , 0.0 , 0.0 , 181.518518519 , 1.38094356195 , 4.0 , 6.0 , 0.1848 , 0.10239255275 , 0.933117626823 , 0.0271784494906 , 926.5 , 1.74018943418 , 0.313911585876 , 0.00820085124392 , 12.25 , 6244.0
133 , 14 , random_walk , 2 , 0.0 , 0.0 , 400 , 4 , 2000 , 0.0 , 0.0 , 0.933574980351 , 10 , 10 , 0.025 , 6 , 9 , 1 , 0.0 , 0 , nan , nan , 0.0 , 12.2777777778 , 1.38462901068 , 4.0 , 0.0 , nan , nan , nan , nan , nan , nan , nan , nan , 2.0 , 444.0
134 , 14 , random_walk , 2 , 0.0 , 0.0 , 400 , 4 , 2000 , 0.0 , 0.0 , 0.933574980351 , 10 , 5 , 0.01 , 6 , 9 , 1 , 0.0 , 0 , nan , nan , nan , 0.12962962963 , 1.32966134885 , 4.0 , 0.0 , nan , nan , nan , nan , nan , nan , nan , nan , 0.0 , 6.0
135 , 15 , fluid , 2 , 75.5 , 10.9266803914 , 200 , 8 , 2000 , 0.0 , 0.0 , 0.937306778616 , 40 , 50 , 1.0 , 10 , 6 , 1 , 328.5 , 4 , 7.22256011871 , 9.0 , 10.7907047147 , 85.4375 , 2.0764940696 , 8.0 , 36.0 , 0.313575 , 0.451182367636 , 0.215194562288 , 0.88821389907 , 79.0 , 3.13171610865 , 0.3445905713 , 0.00655741044604 , 9.0 , 1440.75
136 , 15 , fluid , 2 , 148.0 , 24.9546807782 , 200 , 8 , 2000 , 0.0 , 0.0 , 0.937306778616 , 40 , 40 , 0.75 , 10 , 6 , 1 , 662.25 , 4 , 9.33442187142 , 12.0 , 16.0779786863 , 81.1958333333 , 2.07695014829 , 8.0 , 40.5 , 0.2247 , 0.339818273609 , 0.150257557116 , 0.886534005933 , 153.25 , 3.26909931347 , 0.351798725384 , 0.00604504814407 , 9.0 , 1396.5
137 , 15 , fluid , 2 , 721.5 , 112.450195277 , 200 , 8 , 2000 , 0.0 , 0.0 , 0.937306778616 , 40 , 40 , 0.5 , 10 , 6 , 1 , 3647.25 , 4 , 12.2961128552 , 18.0 , 24.4508052175 , 64.3333333333 , 2.07445551964 , 8.0 , 51.75 , 0.068875 , 0.197224324594 , 0.317887547556 , 0.643556629216 , 2107.5 , 5.49074973568 , 0.409959760986 , 0.00646665923625 , 8.0 , 1094.0
138 , 15 , fluid , 2 , 715.75 , 82.5484327175 , 200 , 8 , 2000 , 0.0 , 0.0 , 0.937306778616 , 40 , 20 , 0.25 , 10 , 6 , 1 , 5438.0 , 4 , 17.9301135985 , 35.4125 , 46.5913231805 , 50.025 , 2.07628702474 , 8.0 , 49.5 , 0.102425 , 0.149869179899 , 0.220294678481 , 0.74556036643 , 2013.0 , 4.16321717206 , 0.383452983937 , 0.00490137971672 , 7.75 , 852.0
139 , 15 , fluid , 2 , 633.25 , 42.4473278195 , 200 , 8 , 2000 , 0.0 , 0.0 , 0.937306778616 , 40 , 20 , 0.1 , 10 , 6 , 1 , 8059.75 , 4 , 36.0919825643 , 88.0 , 113.270742217 , 40.4083333333 , 2.07493396776 , 8.0 , 27.25 , 0.092525 , 0.116593291377 , 0.731325547578 , 0.508243232743 , 5568.25 , 3.70455633727 , 0.375203023405 , 0.00306279170868 , 10.75 , 696.0
140 , 15 , fluid , 2 , 631.5 , 35.2607584427 , 200 , 8 , 2000 , 0.0 , 0.0 , 0.937306778616 , 40 , 10 , 0.075 , 10 , 6 , 1 , 8297.5 , 4 , 40.8583495306 , 117.375 , 139.945895997 , 38.8666666667 , 2.07252270587 , 8.0 , 21.25 , 0.107025 , 0.0963491989945 , 0.600299116799 , 0.474165288581 , 5479.25 , 3.35677123619 , 0.314336886947 , 0.00258343055892 , 8.0 , 670.0
141 , 15 , fluid , 2 , 554.25 , 34.4629273892 , 200 , 8 , 2000 , 0.0 , 0.0 , 0.937306778616 , 40 , 10 , 0.05 , 10 , 6 , 1 , 6571.0 , 4 , 42.7231712531 , 175.525 , 198.014465305 , 31.3666666667 , 2.07269317484 , 8.0 , 19.75 , 0.07035 , 0.12535089092 , 0.947507015575 , 0.233712141013 , 5579.75 , 3.93535957817 , 0.365452229748 , 0.00311251873677 , 11.25 , 534.5
142 , 15 , fluid , 2 , 0.0 , 0.0 , 200 , 8 , 2000 , 0.0 , 0.0 , 0.937306778616 , 40 , 10 , 0.025 , 10 , 6 , 1 , 0.0 , 4 , nan , nan , nan , 0.6 , 1.67262544615 , 6.0 , 0.0 , nan , nan , nan , nan , nan , nan , nan , nan , 0.0 , 11.0
143 , 15 , fluid , 2 , 0.0 , 0.0 , 200 , 8 , 2000 , 0.0 , 0.0 , 0.937306778616 , 40 , 5 , 0.01 , 10 , 6 , 1 , 0.0 , 4 , nan , nan , nan , 0.116666666667 , 0.69314718056 , 2.0 , 0.0 , nan , nan , nan , nan , nan , nan , nan , nan , 0.0 , 2.0
144 , 16 , random_walk , 2 , 3.25 , 0.375684082853 , 100 , 8 , 2000 , 0.0 , 0.0 , 0.980301367759 , 10 , 50 , 1.0 , 7 , 9 , 1 , 18.5 , 2 , 0.0 , 0.0 , 0.0 , 14.6904761905 , 2.06599946885 , 8.0 , 7.0 , 0.770325 , 0.786924323815 , 0.574786324786 , 0.794246292644 , 5.75 , 0.636828887724 , 0.354477202082 , 0.00375385158317 , 4.75 , 255.75
145 , 16 , random_walk , 2 , 5.0 , 0.354349818506 , 100 , 8 , 2000 , 0.0 , 0.0 , 0.980301367759 , 10 , 40 , 0.75 , 7 , 9 , 1 , 31.75 , 2 , 0.0 , 0.0 , 0.0 , 16.3928571429 , 2.06441433431 , 8.0 , 10.25 , 0.601375 , 0.695444799571 , 0.175164473684 , 0.833902389197 , 9.5 , 1.42852184956 , 0.353009974396 , 0.00472582694572 , 6.25 , 293.25
146 , 16 , random_walk , 2 , 16.25 , 2.22046454756 , 100 , 8 , 2000 , 0.0 , 0.0 , 0.980301367759 , 10 , 40 , 0.5 , 7 , 9 , 1 , 78.25 , 2 , 0.0 , 0.0 , 0.0 , 20.2380952381 , 2.06971760109 , 8.0 , 5.75 , 0.3876 , 0.435611219885 , 0.67698539886 , 0.409527228785 , 66.25 , 1.40529361766 , 0.392749396139 , 0.00367512794809 , 9.0 , 361.25
147 , 16 , random_walk , 2 , 30.75 , 4.69403162883 , 100 , 8 , 2000 , 0.0 , 0.0 , 0.980301367759 , 10 , 20 , 0.25 , 7 , 9 , 1 , 152.75 , 2 , 0.0 , 0.0 , 0.0 , 38.7341269841 , 2.07373711328 , 8.0 , 6.5 , 0.31825 , 0.219085790693 , 0.686736002338 , 0.472492647409 , 100.5 , 1.41365329719 , 0.447891950683 , 0.00560229355848 , 6.75 , 691.25
148 , 16 , random_walk , 2 , 55.25 , 8.75716119677 , 100 , 8 , 2000 , 0.0 , 0.0 , 0.980301367759 , 10 , 20 , 0.1 , 7 , 9 , 1 , 309.75 , 2 , 0.0 , 0.0 , 0.0 , 54.8055555556 , 2.04543202062 , 8.0 , 4.5 , 0.2626 , 0.134277353133 , 0.620889715494 , 0.0468557734674 , 304.5 , 1.23863077861 , 0.424226894538 , 0.0042049954066 , 10.75 , 959.0
149 , 16 , random_walk , 2 , 36.25 , 3.40637729785 , 100 , 8 , 2000 , 0.0 , 0.0 , 0.980301367759 , 10 , 10 , 0.075 , 7 , 9 , 1 , 267.0 , 2 , 0.0 , 0.0 , 0.0 , 114.98015873 , 2.07853886701 , 8.0 , 4.0 , 0.42975 , 0.207804958365 , 0.958345986241 , 0.273314591332 , 208.0 , 0.752877351745 , 0.417241724653 , 0.0038443969938 , 5.25 , 2079.5
150 , 16 , random_walk , 2 , 0.0 , 0.0 , 100 , 8 , 2000 , 0.0 , 0.0 , 0.980301367759 , 10 , 10 , 0.05 , 7 , 9 , 1 , 0.0 , 2 , nan , nan , nan , 0.492063492063 , 1.54982604588 , 5.0 , 0.0 , nan , nan , nan , nan , nan , nan , nan , nan , 1.0 , 7.0
151 , 16 , random_walk , 2 , 0.0 , 0.0 , 100 , 8 , 2000 , 0.0 , 0.0 , 0.980301367759 , 10 , 10 , 0.025 , 7 , 9 , 1 , 0.0 , 2 , nan , nan , nan , 0.444444444444 , 1.32966134885 , 4.0 , 0.0 , nan , nan , nan , nan , nan , nan , nan , nan , 0.0 , 6.0
152 , 16 , random_walk , 2 , 0.0 , 0.0 , 100 , 8 , 2000 , 0.0 , 0.0 , 0.980301367759 , 10 , 5 , 0.01 , 7 , 9 , 1 , 0.0 , 2 , nan , nan , nan , 0.0793650793651 , 0.0 , 1.0 , 0.0 , nan , nan , nan , nan , nan , nan , nan , nan , 0.0 , 1.0
153 , 17 , fluid , 2 , 45.5 , 5.90365419066 , 100 , 8 , 500 , 0.0 , 0.0 , 0.965645252921 , 160 , 50 , 1.0 , 9 , 8 , 1 , 213.25 , 4 , 6.49613936709 , 8.0 , 9.73697433269 , 31.8368055556 , 2.0735550148 , 8.0 , 27.75 , 0.34625 , 0.432179832885 , 0.20673138276 , 0.891825684769 , 53.0 , 2.83368305612 , 0.294568654431 , 0.00499990616254 , 8.0 , 652.75
154 , 17 , fluid , 2 , 94.25 , 16.987688911 , 100 , 8 , 500 , 0.0 , 0.0 , 0.965645252921 , 160 , 40 , 0.75 , 9 , 8 , 1 , 445.0 , 4 , 8.38913331897 , 11.0 , 13.4029446621 , 30.1944444444 , 2.07304118375 , 8.0 , 33.0 , 0.267225 , 0.42010487814 , 0.407064480148 , 0.850063642628 , 143.75 , 3.47025172651 , 0.325575574487 , 0.00431672099126 , 7.0 , 623.25
155 , 17 , fluid , 2 , 246.75 , 37.5086362921 , 100 , 8 , 500 , 0.0 , 0.0 , 0.965645252921 , 160 , 40 , 0.5 , 9 , 8 , 1 , 1197.0 , 4 , 11.4334176388 , 16.0 , 20.9263891928 , 26.4097222222 , 2.07157127095 , 8.0 , 39.5 , 0.115675 , 0.270052284466 , 0.294395935196 , 0.777505170699 , 444.5 , 4.2152065099 , 0.363017138708 , 0.00417423385546 , 9.75 , 534.0
156 , 17 , fluid , 2 , 358.5 , 41.1211777013 , 100 , 8 , 500 , 0.0 , 0.0 , 0.965645252921 , 160 , 20 , 0.25 , 9 , 8 , 1 , 2407.25 , 4 , 17.0644187971 , 32.0 , 42.0024953867 , 19.7256944444 , 2.07161721825 , 8.0 , 35.5 , 0.130025 , 0.17841250044 , 0.382778300303 , 0.695965802544 , 892.5 , 3.46600753655 , 0.374748003335 , 0.00296969849463 , 7.0 , 410.75
157 , 17 , fluid , 2 , 407.0 , 32.1467490409 , 100 , 8 , 500 , 0.0 , 0.0 , 0.965645252921 , 160 , 20 , 0.1 , 9 , 8 , 1 , 4531.5 , 4 , 27.6072591978 , 79.0 , 103.021230812 , 13.2465277778 , 2.06560821933 , 8.0 , 24.25 , 0.099975 , 0.122284398464 , 0.57337544586 , 0.535414584225 , 2692.5 , 3.55897067299 , 0.397976255137 , 0.00274949105092 , 7.5 , 271.25
158 , 17 , fluid , 2 , 318.25 , 19.6172474978 , 100 , 8 , 500 , 0.0 , 0.0 , 0.965645252921 , 160 , 10 , 0.075 , 9 , 8 , 1 , 4561.5 , 4 , 37.636130395 , 105.35 , 131.163527882 , 15.6423611111 , 2.05954199364 , 8.0 , 17.25 , 0.144625 , 0.103007859876 , 0.489306250475 , 0.531307645219 , 2598.25 , 2.80630528067 , 0.3798337512 , 0.00183353396701 , 8.0 , 322.5
159 , 17 , fluid , 2 , 407.5 , 19.3308727033 , 100 , 8 , 500 , 0.0 , 0.0 , 0.965645252921 , 160 , 10 , 0.05 , 9 , 8 , 1 , 6320.0 , 4 , 53.0994763395 , 157.525 , 191.884875916 , 15.53125 , 2.06526038702 , 8.0 , 17.0 , 0.0885 , 0.112879291736 , 0.833799940877 , 0.228522209071 , 5381.5 , 3.43649350808 , 0.380335634927 , 0.0015810630051 , 11.0 , 318.5
160 , 17 , fluid , 2 , 357.25 , 14.1712236925 , 100 , 8 , 500 , 0.0 , 0.0 , 0.965645252921 , 160 , 10 , 0.025 , 9 , 8 , 1 , 5874.75 , 4 , 85.7432639642 , 314.475 , 451.07038915 , 11.9791666667 , 2.05833700546 , 8.0 , 8.5 , 0.148825 , 0.0751942779928 , 0.828021885185 , 0.152725696655 , 5307.75 , 2.29314151712 , 0.355459235457 , 0.00143857363212 , 6.5 , 236.75
161 , 17 , fluid , 2 , 135.75 , 3.86394455988 , 100 , 8 , 500 , 0.0 , 0.0 , 0.965645252921 , 160 , 5 , 0.01 , 9 , 8 , 1 , 2531.5 , 4 , 100.07044098 , 786.3 , 873.443394124 , 5.67361111111 , 2.03052833728 , 8.0 , 4.0 , 0.3093 , 0.064465216786 , 0.668215317366 , 0.128448956317 , 2283.5 , 0.973632283927 , 0.394475206732 , 0.00146924385266 , 9.0 , 120.25
162 , 18 , random_walk , 2 , 4.75 , 0.416498374666 , 100 , 8 , 500 , 0.0 , 0.0 , 0.946693421257 , 20 , 50 , 1.0 , 7 , 5 , 1 , 17.25 , 2 , 0.0 , 0.0 , 0.0 , 18.5285714286 , 2.06098877703 , 8.0 , 5.5 , 0.738825 , 0.787367374809 , 0.293085655315 , 0.743619274094 , 6.75 , 0.850583238555 , 0.370663264392 , 0.00508272508847 , 3.25 , 181.25
163 , 18 , random_walk , 2 , 3.0 , 0.424391506023 , 100 , 8 , 500 , 0.0 , 0.0 , 0.946693421257 , 20 , 40 , 0.75 , 7 , 5 , 1 , 17.75 , 2 , 0.0 , 0.0 , 0.0 , 15.5142857143 , 2.03825216388 , 8.0 , 5.25 , 0.521575 , 0.661188007265 , 0.705555555556 , 0.593712384259 , 9.5 , 1.33036202787 , 0.370934091578 , 0.00428141932703 , 4.5 , 164.0
164 , 18 , random_walk , 2 , 16.0 , 2.27578770501 , 100 , 8 , 500 , 0.0 , 0.0 , 0.946693421257 , 20 , 40 , 0.5 , 7 , 5 , 1 , 52.75 , 2 , 0.0 , 0.0 , 0.0 , 26.6142857143 , 2.06230877801 , 8.0 , 6.25 , 0.489025 , 0.558185616477 , 1.09865878169 , 0.62571759524 , 32.0 , 1.40046668853 , 0.397748896767 , 0.00371772635291 , 6.25 , 269.0
165 , 18 , random_walk , 2 , 19.25 , 2.12845780682 , 100 , 8 , 500 , 0.0 , 0.0 , 0.946693421257 , 20 , 20 , 0.25 , 7 , 5 , 1 , 85.75 , 2 , 0.0 , 0.0 , 0.0 , 29.0285714286 , 2.07032641995 , 8.0 , 5.25 , 0.44895 , 0.350596455907 , 0.598788652909 , 0.399459971661 , 60.75 , 0.924638024147 , 0.342471600089 , 0.00279148132076 , 5.25 , 295.25
166 , 18 , random_walk , 2 , 60.25 , 9.58043055473 , 100 , 8 , 500 , 0.0 , 0.0 , 0.946693421257 , 20 , 20 , 0.1 , 7 , 5 , 1 , 305.75 , 2 , 0.0 , 0.0 , 0.0 , 75.8714285714 , 2.07520188228 , 8.0 , 3.5 , 0.491825 , 0.229179115617 , 0.377308184292 , 0.333467122043 , 243.0 , 0.444521983245 , 0.435048382174 , 0.00317903001104 , 7.75 , 753.25
167 , 18 , random_walk , 2 , 117.5 , 12.2136320037 , 100 , 8 , 500 , 0.0 , 0.0 , 0.946693421257 , 20 , 10 , 0.075 , 7 , 5 , 1 , 892.5 , 2 , 0.0 , 0.0 , 0.0 , 30.2928571429 , 1.97468377879 , 7.5 , 5.0 , 0.3026 , 0.0937247963309 , 0.991222797351 , 0.2226719863 , 780.75 , 1.2622288175 , 0.400211360583 , 0.00312097235967 , 8.0 , 293.5
168 , 18 , random_walk , 2 , 0.0 , 0.0 , 100 , 8 , 500 , 0.0 , 0.0 , 0.946693421257 , 20 , 10 , 0.05 , 7 , 5 , 1 , 0.0 , 2 , nan , nan , 0.0 , 24.1142857143 , 2.06724857113 , 8.0 , 0.0 , nan , nan , nan , nan , nan , nan , nan , nan , 2.0 , 226.0
169 , 18 , random_walk , 2 , 0.0 , 0.0 , 100 , 8 , 500 , 0.0 , 0.0 , 0.946693421257 , 20 , 10 , 0.025 , 7 , 5 , 1 , 0.0 , 2 , nan , nan , nan , 0.228571428571 , 0.69314718056 , 2.0 , 0.0 , nan , nan , nan , nan , nan , nan , nan , nan , 0.0 , 2.0
170 , 18 , random_walk , 2 , 0.0 , 0.0 , 100 , 8 , 500 , 0.0 , 0.0 , 0.946693421257 , 20 , 5 , 0.01 , 7 , 5 , 1 , 0.0 , 2 , nan , nan , nan , 0.0285714285714 , 0.69314718056 , 2.0 , 0.0 , nan , nan , nan , nan , nan , nan , nan , nan , 0.0 , 2.0
171 , 19 , fluid , 2 , 30.75 , 5.00838530477 , 300 , 1 , 500 , 0.0 , 0.0 , 0.987962666552 , 20 , 50 , 1.0 , 6 , 10 , 1 , 132.5 , 4 , 4.45395955908 , 6.0 , 7.3635415747 , 0.0 , 0.0 , 1.0 , 23.5 , 0.397375 , 0.537588794029 , 0.2433764226 , 0.879098179018 , 33.75 , 2.48904546948 , 0.297457656844 , 0.00565779838395 , 6.0 , 1344.25
172 , 19 , fluid , 2 , 43.75 , 6.47594115213 , 300 , 1 , 500 , 0.0 , 0.0 , 0.987962666552 , 20 , 40 , 0.75 , 6 , 10 , 1 , 186.75 , 4 , 5.79645212193 , 7.0 , 9.44788826457 , 0.0 , 0.0 , 1.0 , 23.5 , 0.353525 , 0.478932141544 , 0.128318486891 , 0.857687466565 , 56.25 , 2.66382910341 , 0.296576402585 , 0.00567823919826 , 5.75 , 1313.75
173 , 19 , fluid , 2 , 69.25 , 13.3670584195 , 300 , 1 , 500 , 0.0 , 0.0 , 0.987962666552 , 20 , 40 , 0.5 , 6 , 10 , 1 , 328.5 , 4 , 8.3714347739 , 11.0 , 15.899640514 , 0.0 , 0.0 , 1.0 , 24.75 , 0.3002 , 0.391431268141 , 0.265863128973 , 0.838053714968 , 103.5 , 2.67998883074 , 0.315900211844 , 0.00545746937283 , 4.75 , 1235.0
174 , 19 , fluid , 2 , 738.0 , 128.190260603 , 300 , 1 , 500 , 0.0 , 0.0 , 0.987962666552 , 20 , 20 , 0.25 , 6 , 10 , 1 , 3733.25 , 4 , 12.965925647 , 21.0 , 39.3459480612 , 0.0 , 0.0 , 1.0 , 36.75 , 0.051675 , 0.172959221576 , 0.513821035131 , 0.422800524437 , 2581.75 , 5.33143661359 , 0.433031054426 , 0.0049858820155 , 6.5 , 959.75
175 , 19 , fluid , 2 , 914.5 , 59.5772391358 , 300 , 1 , 500 , 0.0 , 0.0 , 0.987962666552 , 20 , 20 , 0.1 , 6 , 10 , 1 , 10109.25 , 4 , 20.1300321132 , 52.0 , 100.228517334 , 0.0 , 0.0 , 1.0 , 33.5 , 0.052175 , 0.135399727529 , 0.966494856475 , 0.342287958593 , 8369.0 , 5.17211825976 , 0.402815618679 , 0.00333891985144 , 2.75 , 476.75
176 , 19 , fluid , 2 , 0.0 , 0.0 , 300 , 1 , 500 , 0.0 , 0.0 , 0.987962666552 , 20 , 10 , 0.075 , 6 , 10 , 1 , 0.0 , 4 , nan , nan , nan , 0.0 , 0.0 , 1.0 , 0.0 , nan , nan , nan , nan , nan , nan , nan , nan , 0.0 , 47.0
177 , 19 , fluid , 2 , 0.0 , 0.0 , 300 , 1 , 500 , 0.0 , 0.0 , 0.987962666552 , 20 , 10 , 0.05 , 6 , 10 , 1 , 0.0 , 4 , nan , nan , nan , 0.0 , 0.0 , 1.0 , 0.0 , nan , nan , nan , nan , nan , nan , nan , nan , 0.0 , 33.0
178 , 19 , fluid , 2 , 0.0 , 0.0 , 300 , 1 , 500 , 0.0 , 0.0 , 0.987962666552 , 20 , 10 , 0.025 , 6 , 10 , 1 , 0.0 , 4 , nan , nan , nan , 0.0 , 0.0 , 1.0 , 0.0 , nan , nan , nan , nan , nan , nan , nan , nan , 0.0 , 21.0
179 , 19 , fluid , 2 , 0.0 , 0.0 , 300 , 1 , 500 , 0.0 , 0.0 , 0.987962666552 , 20 , 5 , 0.01 , 6 , 10 , 1 , 0.0 , 4 , nan , nan , nan , 0.0 , 0.0 , 1.0 , 0.0 , nan , nan , nan , nan , nan , nan , nan , nan , 0.0 , 6.0
180 , 20 , fluid , 2 , 32.25 , 5.05910548599 , 100 , 2 , 1000 , 0.0 , 0.0 , 0.972432195152 , 80 , 50 , 1.0 , 6 , 7 , 1 , 127.25 , 4 , 4.45639739433 , 6.0 , 7.35182288069 , 5.31547619048 , 0.692725450724 , 2.0 , 23.5 , 0.4846 , 0.561685724985 , 0.117884267001 , 0.90281030764 , 26.25 , 1.86383941514 , 0.365868608368 , 0.00548324630628 , 6.0 , 445.0
181 , 20 , fluid , 2 , 47.25 , 8.23688460967 , 100 , 2 , 1000 , 0.0 , 0.0 , 0.972432195152 , 80 , 40 , 0.75 , 6 , 7 , 1 , 198.75 , 4 , 5.78204419349 , 7.0 , 10.2990876349 , 5.11904761905 , 0.692483723774 , 2.0 , 26.5 , 0.42865 , 0.50515219467 , 0.181688466119 , 0.903158893109 , 40.5 , 1.85065228803 , 0.358417653565 , 0.00590840939022 , 5.25 , 425.25
182 , 20 , fluid , 2 , 169.75 , 31.5992200443 , 100 , 2 , 1000 , 0.0 , 0.0 , 0.972432195152 , 80 , 40 , 0.5 , 6 , 7 , 1 , 706.25 , 4 , 7.77444251066 , 11.0 , 18.0724490787 , 4.41071428571 , 0.690489051431 , 2.0 , 28.75 , 0.2418 , 0.292458810918 , 0.353060039757 , 0.82923298736 , 226.25 , 2.6459848448 , 0.390328836443 , 0.0054424316928 , 6.0 , 392.0
183 , 20 , fluid , 2 , 273.75 , 40.8106632661 , 100 , 2 , 1000 , 0.0 , 0.0 , 0.972432195152 , 80 , 20 , 0.25 , 6 , 7 , 1 , 1660.25 , 4 , 11.0905632318 , 21.0 , 33.4670970212 , 3.4880952381 , 0.691429143376 , 2.0 , 31.0 , 0.1479 , 0.188316156406 , 0.37322950709 , 0.715658522601 , 783.25 , 3.64197424903 , 0.410603488604 , 0.00469783546344 , 6.75 , 291.75
184 , 20 , fluid , 2 , 328.25 , 25.567296068 , 100 , 2 , 1000 , 0.0 , 0.0 , 0.972432195152 , 80 , 20 , 0.1 , 6 , 7 , 1 , 3462.5 , 4 , 15.4786637362 , 52.0 , 80.2859751354 , 1.97023809524 , 0.68699447873 , 2.0 , 23.25 , 0.098575 , 0.139616249733 , 0.89856121805 , 0.543810650596 , 2167.25 , 3.73620119462 , 0.403882804011 , 0.00304841147381 , 5.0 , 153.25
185 , 20 , fluid , 2 , 390.75 , 20.2531251314 , 100 , 2 , 1000 , 0.0 , 0.0 , 0.972432195152 , 80 , 10 , 0.075 , 6 , 7 , 1 , 4224.75 , 4 , 21.1677643365 , 69.475 , 106.160528091 , 1.33928571429 , 0.686518504913 , 2.0 , 19.75 , 0.091 , 0.114100830755 , 0.438494830855 , 0.431613773331 , 3139.75 , 3.88889343793 , 0.429679096815 , 0.00326009070896 , 4.0 , 122.75
186 , 20 , fluid , 2 , 306.25 , 18.2515221233 , 100 , 2 , 1000 , 0.0 , 0.0 , 0.972432195152 , 80 , 10 , 0.05 , 6 , 7 , 1 , 3670.25 , 4 , 25.1171507669 , 103.725 , 163.168022313 , 1.35714285714 , 0.671520239948 , 2.0 , 19.25 , 0.164725 , 0.11718568502 , 0.463672204614 , 0.580280329707 , 1919.75 , 2.60308661121 , 0.370405560645 , 0.00283072146245 , 2.75 , 109.5
187 , 20 , fluid , 2 , 225.0 , 7.66332158857 , 100 , 2 , 1000 , 0.0 , 0.0 , 0.972432195152 , 80 , 10 , 0.025 , 6 , 7 , 1 , 3643.25 , 4 , 36.5913252954 , 207.2 , 344.932074457 , 0.940476190476 , 0.688803603094 , 2.0 , 8.75 , 0.1595 , 0.10281407729 , 0.638149141014 , 0.235373206597 , 3116.0 , 2.24740716346 , 0.326331594083 , 0.00183942252823 , 5.25 , 86.5
188 , 20 , fluid , 2 , 128.5 , 6.07588337892 , 100 , 2 , 1000 , 0.0 , 0.0 , 0.972432195152 , 80 , 5 , 0.01 , 6 , 7 , 1 , 2215.25 , 4 , 54.7975320815 , 517.45 , 855.373115979 , 0.386904761905 , 0.667584025101 , 2.0 , 5.0 , 0.336525 , 0.0710279490412 , 0.611396113831 , 0.315133569212 , 1738.5 , 1.06786262949 , 0.267109050711 , 0.00187724695467 , 9.0 , 35.0
189 , 21 , fluid , 2 , 11.0 , 1.76443076222 , 300 , 8 , 4000 , 0.0 , 0.0 , 0.918287093173 , 80 , 50 , 1.0 , 5 , 6 , 1 , 51.25 , 2 , 3.76827084115 , 5.0 , 5.65659509762 , 132.4 , 2.0761939058 , 8.0 , 12.0 , 0.580325 , 0.645221368817 , 0.225849567394 , 0.851275015838 , 14.0 , 1.29451103064 , 0.329340797018 , 0.00390063672793 , 5.0 , 1136.75
190 , 21 , fluid , 2 , 13.75 , 2.15321741599 , 300 , 8 , 4000 , 0.0 , 0.0 , 0.918287093173 , 80 , 40 , 0.75 , 5 , 6 , 1 , 70.0 , 2 , 4.85023295828 , 6.0 , 8.113303358 , 126.2 , 2.077253318 , 8.0 , 13.5 , 0.4583 , 0.49523128116 , 0.232737439634 , 0.828223694308 , 20.25 , 1.4839290794 , 0.324301021684 , 0.00434246983059 , 4.0 , 1095.75
191 , 21 , fluid , 2 , 35.5 , 5.17441956071 , 300 , 8 , 4000 , 0.0 , 0.0 , 0.918287093173 , 80 , 40 , 0.5 , 5 , 6 , 1 , 164.25 , 2 , 7.03088967304 , 9.0 , 13.456892102 , 122.825 , 2.07637340501 , 8.0 , 11.75 , 0.33285 , 0.460224321927 , 0.75379592369 , 0.640917756347 , 93.25 , 2.21266505276 , 0.294427436349 , 0.00294152036769 , 4.25 , 1063.75
192 , 21 , fluid , 2 , 604.75 , 97.3480440392 , 300 , 8 , 4000 , 0.0 , 0.0 , 0.918287093173 , 80 , 20 , 0.25 , 5 , 6 , 1 , 3333.75 , 2 , 10.7542841661 , 18.0 , 34.8119441238 , 87.775 , 2.0740481557 , 8.0 , 26.0 , 0.157925 , 0.132266629392 , 0.446082250997 , 0.665355940542 , 1798.25 , 3.29364777884 , 0.366775449556 , 0.00321495365752 , 6.0 , 744.25
193 , 21 , fluid , 2 , 772.5 , 78.8923799148 , 300 , 8 , 4000 , 0.0 , 0.0 , 0.918287093173 , 80 , 20 , 0.1 , 5 , 6 , 1 , 6911.25 , 2 , 14.1119997152 , 43.0 , 89.4392358059 , 51.8166666667 , 2.07292496211 , 8.0 , 27.75 , 0.0769 , 0.110751859594 , 0.55617768523 , 0.422148240196 , 5090.5 , 4.14562721234 , 0.414014040964 , 0.00264678861316 , 4.25 , 446.5
194 , 21 , fluid , 2 , 742.0 , 62.7628179232 , 300 , 8 , 4000 , 0.0 , 0.0 , 0.918287093173 , 80 , 10 , 0.075 , 5 , 6 , 1 , 7225.75 , 2 , 16.3165292077 , 57.4 , 137.244143832 , 36.35 , 2.06302861826 , 8.0 , 24.25 , 0.07855 , 0.10879691837 , 0.483730996415 , 0.37608264858 , 5232.5 , 4.11952172304 , 0.438726588242 , 0.00282236354867 , 5.0 , 309.5
195 , 21 , fluid , 2 , 764.25 , 43.4016787488 , 300 , 8 , 4000 , 0.0 , 0.0 , 0.918287093173 , 80 , 10 , 0.05 , 5 , 6 , 1 , 9986.75 , 2 , 20.8643053732 , 86.0 , 178.971720864 , 35.3833333333 , 2.06801892436 , 8.0 , 18.25 , 0.086775 , 0.0895303105321 , 0.773962398971 , 0.312031292253 , 8285.5 , 3.66591995368 , 0.370835869907 , 0.00203263675854 , 2.75 , 304.0
196 , 21 , fluid , 2 , 915.25 , 41.2678684924 , 300 , 8 , 4000 , 0.0 , 0.0 , 0.918287093173 , 80 , 10 , 0.025 , 5 , 6 , 1 , 15157.0 , 2 , 17.4394862292 , 171.4 , 565.115128411 , 14.9916666667 , 2.03887461111 , 8.0 , 12.75 , 0.0946 , 0.0798606559849 , 0.629820804752 , 0.0661349496166 , 14607.0 , 3.04802709781 , 0.361196359227 , 0.00164843706824 , 4.0 , 120.25
197 , 21 , fluid , 2 , 295.5 , 12.2717967956 , 300 , 8 , 4000 , 0.0 , 0.0 , 0.918287093173 , 80 , 5 , 0.01 , 5 , 6 , 1 , 4222.0 , 2 , 14.0781497604 , 427.95 , 1483.22767622 , 2.94166666667 , 1.90106828005 , 7.75 , 7.5 , 0.1423 , 0.0831661781635 , 0.78038633538 , 0.00716849952342 , 4206.5 , 2.12273109691 , 0.468576004444 , 0.00265027047361 , 5.5 , 25.75
198 , 22 , fluid , 2 , 5.25 , 0.737781772116 , 300 , 4 , 8000 , 0.0 , 0.0 , 0.914693148457 , 80 , 50 , 1.0 , 6 , 6 , 1 , 28.5 , 1 , 4.46018111252 , 6.0 , 6.35985238578 , 55.7083333333 , 1.38523541371 , 4.0 , 7.25 , 0.603925 , 0.62342690854 , 0.334334334334 , 0.762329320904 , 10.5 , 0.948141614887 , 0.291166218729 , 0.00632567813837 , 6.0 , 1337.75
199 , 22 , fluid , 2 , 7.75 , 1.4955549698 , 300 , 4 , 8000 , 0.0 , 0.0 , 0.914693148457 , 80 , 40 , 0.75 , 6 , 6 , 1 , 40.75 , 1 , 5.79616066613 , 7.0 , 8.76792196458 , 54.8472222222 , 1.38459549699 , 4.0 , 7.75 , 0.528225 , 0.559087320431 , 0.390454545455 , 0.732202089541 , 16.75 , 1.16264951908 , 0.33314210886 , 0.00680910495617 , 4.5 , 1301.0
200 , 22 , fluid , 2 , 17.0 , 2.95454760869 , 300 , 4 , 8000 , 0.0 , 0.0 , 0.914693148457 , 80 , 40 , 0.5 , 6 , 6 , 1 , 92.5 , 1 , 8.41998315217 , 11.0 , 15.5480276673 , 52.8541666667 , 1.38540632052 , 4.0 , 7.5 , 0.382925 , 0.444813417068 , 0.684977892639 , 0.589150790836 , 57.75 , 1.64905598594 , 0.313887696019 , 0.00637710026603 , 5.0 , 1269.75
201 , 22 , fluid , 2 , 480.0 , 74.9283024174 , 300 , 4 , 8000 , 0.0 , 0.0 , 0.914693148457 , 80 , 20 , 0.25 , 6 , 6 , 1 , 2714.5 , 1 , 13.4129399916 , 21.0 , 38.1446997265 , 39.5486111111 , 1.38453866808 , 4.0 , 25.5 , 0.1248 , 0.160092811542 , 0.911805510149 , 0.542684804943 , 1643.75 , 3.63792863561 , 0.395855036401 , 0.00478760691046 , 5.5 , 973.5
202 , 22 , fluid , 2 , 535.0 , 60.3531866031 , 300 , 4 , 8000 , 0.0 , 0.0 , 0.914693148457 , 80 , 20 , 0.1 , 6 , 6 , 1 , 4753.0 , 1 , 20.4586159707 , 52.0 , 84.51997959 , 31.1041666667 , 1.38458898037 , 4.0 , 20.25 , 0.082875 , 0.12785314076 , 0.40696236658 , 0.298071349151 , 3807.0 , 3.73482202884 , 0.388555805095 , 0.00359558473406 , 7.75 , 745.25
203 , 22 , fluid , 2 , 711.75 , 56.579806706 , 300 , 4 , 8000 , 0.0 , 0.0 , 0.914693148457 , 80 , 10 , 0.075 , 6 , 6 , 1 , 6654.25 , 1 , 22.2206753547 , 69.325 , 112.893959416 , 20.0 , 1.38286410746 , 4.0 , 22.5 , 0.071775 , 0.132949704098 , 0.548639942003 , 0.278104255809 , 4894.5 , 3.91719841001 , 0.429082988994 , 0.00532903309616 , 5.25 , 480.25
