RowID, sim, motion, D, ind.prod, biomass.prod, res.inflow, res.types, max.res.val, barrier.width, barrier.height, logseries.a, starting.seed, lower.limit, FlowRate, Width, Height, Viscosity, N, immigration.rate, resource.tau, particle.tau, individual.tau, resource.concentration, shannons.resource.diversity, resource.richness, S, simpson.e, e.var, berger.parker, inv.simp.D, N.max, skew, avg.per.capita.growth, avg.per.capita.maint, tracer.particles, resource.particles, speciation
0 , 0 , fluid , 2 , 0.0 , 0.0 , 150 , 8 , 200 , 0.1 , 0.1 , 0.990291065793 , 1000 , 50 , 1.0 , 10 , 6 , 10 , 0.0 , 0 , 6.5922609859 , 6.67857142857 , nan , 31.875 , 2.07056166488 , 8.0 , 0.0 , nan , nan , nan , nan , nan , nan , nan , nan , 8.5 , 553.5 , yes
1 , 0 , fluid , 2 , 0.0 , 0.0 , 150 , 8 , 200 , 0.1 , 0.1 , 0.990291065793 , 1000 , 50 , 0.75 , 10 , 6 , 10 , 0.0 , 0 , 8.00748203134 , 7.75 , nan , 29.1 , 2.07038518474 , 8.0 , 0.0 , nan , nan , nan , nan , nan , nan , nan , nan , 3.0 , 514.0 , yes
2 , 0 , fluid , 2 , 2.0 , 0.138717809836 , 150 , 8 , 200 , 0.1 , 0.1 , 0.990291065793 , 1000 , 10 , 0.5 , 10 , 6 , 10 , 69.0 , 0 , 11.0023336814 , 9.4 , 23.9041914225 , 28.175 , 2.07301064167 , 8.0 , 14.0 , 0.37885 , 0.454291508892 , 0.62962962963 , 0.704435165897 , 25.5 , 2.13705858447 , 0.0661186840006 , 0.00215264027902 , 8.5 , 489.0 , yes
3 , 0 , fluid , 2 , 98.5 , 13.7449437592 , 150 , 8 , 200 , 0.1 , 0.1 , 0.990291065793 , 1000 , 4 , 0.25 , 10 , 6 , 10 , 856.5 , 0 , 19.1583301339 , 18.15 , 33.7347223124 , 29.2166666667 , 2.0671559174 , 8.0 , 42.0 , 0.2349 , 0.262733032115 , 0.0694444444444 , 0.891396461371 , 218.0 , 3.33083873747 , 0.232347498336 , 0.00672499890585 , 5.5 , 509.5 , yes
4 , 0 , fluid , 2 , 90.0 , 5.45674595897 , 150 , 8 , 200 , 0.1 , 0.1 , 0.990291065793 , 1000 , 4 , 0.1 , 10 , 6 , 10 , 993.5 , 0 , 32.2980880486 , 33.25 , 91.9843872219 , 17.1583333333 , 2.06970474765 , 8.0 , 19.0 , 0.1263 , 0.192848635433 , 0.237835153923 , 0.485391683775 , 676.5 , 3.69907193492 , 0.180967656462 , 0.00563514257293 , 7.0 , 299.5 , yes
5 , 0 , fluid , 2 , 96.5 , 5.53815655532 , 150 , 8 , 200 , 0.1 , 0.1 , 0.990291065793 , 1000 , 1 , 0.075 , 10 , 6 , 10 , 1206.5 , 0 , 41.2300362976 , nan , 90.6042388332 , 15.6916666667 , 2.06006140217 , 8.0 , 16.5 , 0.21575 , 0.138523567513 , 0.233741753063 , 0.717296553201 , 456.0 , 2.19211849768 , 0.12331974505 , 0.00435839854173 , 13.0 , 262.0 , yes
6 , 0 , fluid , 2 , 95.5 , 8.43509518469 , 150 , 8 , 200 , 0.1 , 0.1 , 0.990291065793 , 1000 , 1 , 0.05 , 10 , 6 , 10 , 925.0 , 0 , 39.4437908766 , 63.5 , 87.4146565544 , 10.8166666667 , 2.06305156664 , 8.0 , 23.0 , 0.2406 , 0.154211371921 , 0.10942408377 , 0.815710629815 , 261.5 , 1.88347892833 , 0.281146669784 , 0.00780069104136 , 3.5 , 194.0 , yes
7 , 0 , fluid , 2 , 0.0 , 0.000175054399478 , 150 , 8 , 200 , 0.1 , 0.1 , 0.990291065793 , 1000 , 1 , 0.025 , 10 , 6 , 10 , 0.0 , 0 , nan , nan , nan , 5.01666666667 , 2.0423965955 , 8.0 , 0.0 , nan , nan , nan , nan , nan , nan , nan , nan , 0.0 , 98.0 , yes
8 , 0 , fluid , 2 , 0.0 , 1.02188196754e-05 , 150 , 8 , 200 , 0.1 , 0.1 , 0.990291065793 , 1000 , 1 , 0.01 , 10 , 6 , 10 , 0.0 , 0 , nan , nan , nan , 2.4 , 1.98421666202 , 8.0 , 0.0 , nan , nan , nan , nan , nan , nan , nan , nan , 0.0 , 43.5 , yes
9 , 1 , fluid , 2 , 0.0 , 0.0 , 150 , 2 , 300 , 0.1 , 0.1 , 0.996033378738 , 100 , 50 , 1.0 , 6 , 7 , 10 , 0.0 , 0 , 3.26660926139 , 3.79166666667 , nan , 3.05952380952 , 0.689697520685 , 2.0 , 0.0 , nan , nan , nan , nan , nan , nan , nan , nan , 3.5 , 238.5 , yes
10 , 1 , fluid , 2 , 0.0 , 0.0 , 150 , 2 , 300 , 0.1 , 0.1 , 0.996033378738 , 100 , 50 , 0.75 , 6 , 7 , 10 , 0.0 , 0 , 3.96142141946 , 4.21428571429 , nan , 2.89285714286 , 0.692860357071 , 2.0 , 0.0 , nan , nan , nan , nan , nan , nan , nan , nan , 2.0 , 239.5 , yes
11 , 1 , fluid , 2 , 0.0 , 0.167300240607 , 150 , 2 , 300 , 0.1 , 0.1 , 0.996033378738 , 100 , 10 , 0.5 , 6 , 7 , 10 , 1.5 , 0 , 5.97780585263 , 7.35 , 10.7632352941 , 2.63095238095 , 0.689869817616 , 2.0 , 0.5 , 1.0 , 1.0 , 0.0 , 0.0 , 3.0 , 0.0 , 0.835421099324 , 0.0173531549515 , 2.0 , 205.0 , yes
12 , 1 , fluid , 2 , 1.0 , 0.0244835119427 , 150 , 2 , 300 , 0.1 , 0.1 , 0.996033378738 , 100 , 4 , 0.25 , 6 , 7 , 10 , 9.0 , 0 , 10.1755174292 , 10.25 , 18.6823593074 , 2.27380952381 , 0.683354111519 , 2.0 , 2.0 , 0.7941 , 0.83027506805 , 0.0 , 0.685185185185 , 8.0 , 0.498783749111 , 0.0624635845696 , 0.00264537854578 , 3.5 , 220.5 , yes
13 , 1 , fluid , 2 , 4.0 , 0.273628183259 , 150 , 2 , 300 , 0.1 , 0.1 , 0.996033378738 , 100 , 4 , 0.1 , 6 , 7 , 10 , 46.0 , 0 , 23.146969697 , 24.875 , 49.9813500728 , 2.28571428571 , 0.690680839598 , 2.0 , 1.5 , 0.356 , 0.160081577557 , 0.0 , 0.0635633270321 , 89.0 , 0.706795120225 , 0.0954436864977 , 0.00550715403319 , 3.5 , 206.5 , yes
14 , 1 , fluid , 2 , 0.5 , 0.00502413815924 , 150 , 2 , 300 , 0.1 , 0.1 , 0.996033378738 , 100 , 1 , 0.075 , 6 , 7 , 10 , 3.0 , 0 , 21.3566666667 , nan , 35.0357142857 , 2.39285714286 , 0.68554019071 , 2.0 , 1.0 , 0.9 , 0.923898109345 , 0.0 , 0.444444444444 , 4.0 , 0.0 , 0.0433831298233 , 0.00229044284615 , 2.0 , 179.0 , yes
15 , 1 , fluid , 2 , 228.0 , 8.12292941384 , 150 , 2 , 300 , 0.1 , 0.1 , 0.996033378738 , 100 , 1 , 0.05 , 6 , 7 , 10 , 3277.5 , 0 , 36.756421586 , nan , 95.6269868048 , 1.77380952381 , 0.689158601771 , 2.0 , 17.5 , 0.0592 , 0.175806262784 , 0.364682539683 , 0.015413188566 , 3251.5 , 3.80191855418 , 0.0837191083664 , 0.00186450253008 , 1.0 , 163.0 , yes
16 , 1 , fluid , 2 , 0.0 , 0.0 , 150 , 2 , 300 , 0.1 , 0.1 , 0.996033378738 , 100 , 1 , 0.025 , 6 , 7 , 10 , 0.0 , 0 , nan , nan , nan , 0.452380952381 , 0.691308190168 , 2.0 , 0.0 , nan , nan , nan , nan , nan , nan , nan , nan , 0.0 , 36.5 , yes
17 , 1 , fluid , 2 , 0.0 , 0.0 , 150 , 2 , 300 , 0.1 , 0.1 , 0.996033378738 , 100 , 1 , 0.01 , 6 , 7 , 10 , 0.0 , 0 , nan , nan , nan , 0.0357142857143 , 0.664830674427 , 2.0 , 0.0 , nan , nan , nan , nan , nan , nan , nan , nan , 0.0 , 2.5 , yes
18 , 2 , fluid , 2 , 0.0 , 0.0 , 200 , 4 , 250 , 0.1 , 0.1 , 0.913735265263 , 500 , 50 , 1.0 , 6 , 6 , 10 , 0.0 , 0 , 3.67871032838 , 3.23529411765 , nan , 16.3472222222 , 1.38238570207 , 4.0 , 0.0 , nan , nan , nan , nan , nan , nan , nan , nan , 4.0 , 407.0 , yes
19 , 2 , fluid , 2 , 0.0 , 0.0 , 200 , 4 , 250 , 0.1 , 0.1 , 0.913735265263 , 500 , 50 , 0.75 , 6 , 6 , 10 , 0.0 , 0 , 5.03733663017 , 4.39130434783 , nan , 17.6944444444 , 1.38534922952 , 4.0 , 0.0 , nan , nan , nan , nan , nan , nan , nan , nan , 5.0 , 419.5 , yes
20 , 2 , fluid , 2 , 0.0 , 0.00627567280266 , 200 , 4 , 250 , 0.1 , 0.1 , 0.913735265263 , 500 , 10 , 0.5 , 6 , 6 , 10 , 3.5 , 0 , 7.13842432082 , 7.225 , 17.7706623681 , 16.8194444444 , 1.38227351002 , 4.0 , 1.5 , 0.8596 , 0.833177907698 , 0.0 , 0.612244897959 , 3.0 , -0.707106781187 , 0.0661314870171 , 0.00294161187834 , 4.5 , 382.0 , yes
21 , 2 , fluid , 2 , 7.0 , 0.652789933133 , 200 , 4 , 250 , 0.1 , 0.1 , 0.913735265263 , 500 , 4 , 0.25 , 6 , 6 , 10 , 79.0 , 0 , 14.5873301435 , 14.75 , 38.628451309 , 26.1111111111 , 1.38451859772 , 4.0 , 5.5 , 0.5917 , 0.454994338349 , 0.0798319327731 , 0.689688429032 , 33.5 , 0.59019255614 , 0.0833590298805 , 0.0022020417372 , 2.0 , 645.5 , yes
22 , 2 , fluid , 2 , 75.0 , 8.69799574268 , 200 , 4 , 250 , 0.1 , 0.1 , 0.913735265263 , 500 , 4 , 0.1 , 6 , 6 , 10 , 624.0 , 0 , 24.3695025938 , 31.125 , 83.499002849 , 13.4583333333 , 1.38164262818 , 4.0 , 18.0 , 0.16575 , 0.175451866225 , 0.188775510204 , 0.649406570032 , 290.0 , 2.40474694131 , 0.374650907093 , 0.00812579301696 , 5.0 , 326.5 , yes
23 , 2 , fluid , 2 , 5.0 , 0.607399212406 , 200 , 4 , 250 , 0.1 , 0.1 , 0.913735265263 , 500 , 1 , 0.075 , 6 , 6 , 10 , 61.5 , 0 , 13.3472222222 , 16.5 , 19.4177691936 , 8.625 , 1.3735397873 , 4.0 , 13.5 , 0.64775 , 0.627752295298 , 0.0538461538462 , 0.853385656692 , 15.5 , 0.910428832531 , 0.0836262811261 , 0.00559782756797 , 1.5 , 202.0 , yes
24 , 2 , fluid , 2 , 100.0 , 7.33046494129 , 200 , 4 , 250 , 0.1 , 0.1 , 0.913735265263 , 500 , 1 , 0.05 , 6 , 6 , 10 , 1085.0 , 0 , 46.0515550239 , 75.0 , 78.8596140501 , 14.5833333333 , 1.38309750644 , 4.0 , 14.5 , 0.1369 , 0.215122718002 , 0.0306324110672 , 0.156978926369 , 1051.5 , 3.11850427624 , 0.0925289494142 , 0.00204753985622 , 3.5 , 348.0 , yes
25 , 2 , fluid , 2 , 33.0 , 1.82325566266 , 200 , 4 , 250 , 0.1 , 0.1 , 0.913735265263 , 500 , 1 , 0.025 , 6 , 6 , 10 , 247.5 , 0 , 32.5833333333 , nan , 113.570221413 , 5.20833333333 , 1.37414031754 , 4.0 , 9.0 , 0.2643 , 0.236514452579 , 0.129337539432 , 0.422479822312 , 189.5 , 2.10883682733 , 0.716345514213 , 0.0155431569517 , 2.5 , 123.0 , yes
26 , 2 , fluid , 2 , 0.0 , 0.0 , 200 , 4 , 250 , 0.1 , 0.1 , 0.913735265263 , 500 , 1 , 0.01 , 6 , 6 , 10 , 0.0 , 0 , nan , nan , nan , 0.930555555556 , 1.33944774696 , 4.0 , 0.0 , nan , nan , nan , nan , nan , nan , nan , nan , 1.0 , 20.5 , yes
27 , 3 , fluid , 2 , 0.0 , 0.0 , 150 , 6 , 100 , 0.1 , 0.1 , 0.942608811318 , 1000 , 50 , 1.0 , 5 , 9 , 10 , 0.0 , 0 , 2.74754962019 , 2.73076923077 , nan , 11.8666666667 , 1.78336202438 , 6.0 , 0.0 , nan , nan , nan , nan , nan , nan , nan , nan , 3.5 , 223.0 , yes
28 , 3 , fluid , 2 , 0.0 , 0.0 , 150 , 6 , 100 , 0.1 , 0.1 , 0.942608811318 , 1000 , 50 , 0.75 , 5 , 9 , 10 , 0.0 , 0 , 3.45399283005 , 3.31818181818 , nan , 11.9666666667 , 1.78206940038 , 6.0 , 0.0 , nan , nan , nan , nan , nan , nan , nan , nan , 3.0 , 208.5 , yes
29 , 3 , fluid , 2 , 0.0 , 0.0 , 150 , 6 , 100 , 0.1 , 0.1 , 0.942608811318 , 1000 , 10 , 0.5 , 5 , 9 , 10 , 0.0 , 0 , 4.81221719457 , nan , nan , 9.41111111111 , 1.78047984483 , 6.0 , 0.0 , nan , nan , nan , nan , nan , nan , nan , nan , 2.0 , 175.0 , yes
30 , 3 , fluid , 2 , 7.0 , 0.45614081418 , 150 , 6 , 100 , 0.1 , 0.1 , 0.942608811318 , 1000 , 4 , 0.25 , 5 , 9 , 10 , 42.5 , 0 , 8.88841675105 , 8.29166666667 , 16.5952335032 , 8.98888888889 , 1.77239557197 , 6.0 , 8.0 , 0.5161 , 0.565024784704 , 0.0 , 0.878892733564 , 22.0 , 2.05916268264 , 0.304309223724 , 0.00651113904509 , 2.0 , 168.0 , yes
31 , 3 , fluid , 2 , 0.0 , 0.000410169674106 , 150 , 6 , 100 , 0.1 , 0.1 , 0.942608811318 , 1000 , 4 , 0.1 , 5 , 9 , 10 , 0.0 , 0 , 23.4383685801 , nan , nan , 8.85555555556 , 1.77879395326 , 6.0 , 0.0 , nan , nan , nan , nan , nan , nan , nan , nan , 1.0 , 163.5 , yes
32 , 3 , fluid , 2 , 21.5 , 1.31239893296 , 150 , 6 , 100 , 0.1 , 0.1 , 0.942608811318 , 1000 , 1 , 0.075 , 5 , 9 , 10 , 242.5 , 0 , 13.6206140351 , 18.0 , 19.4844052123 , 7.37777777778 , 1.77070400171 , 6.0 , 26.5 , 0.3643 , 0.465797942801 , 0.117768595041 , 0.894483938964 , 54.0 , 2.65530080647 , 0.0624927014634 , 0.00328504643322 , 2.5 , 125.0 , yes
33 , 3 , fluid , 2 , 120.0 , 6.7282645425 , 150 , 6 , 100 , 0.1 , 0.1 , 0.942608811318 , 1000 , 1 , 0.05 , 5 , 9 , 10 , 1248.5 , 0 , 24.2810650888 , 29.0 , 59.9846815724 , 4.43333333333 , 1.77094110121 , 6.0 , 13.0 , 0.1859 , 0.130768735704 , 0.273540856031 , 0.586246340306 , 659.0 , 2.14257114622 , 0.370647544243 , 0.00535254209551 , 2.5 , 77.5 , yes
34 , 3 , fluid , 2 , 0.0 , 0.000686036069097 , 150 , 6 , 100 , 0.1 , 0.1 , 0.942608811318 , 1000 , 1 , 0.025 , 5 , 9 , 10 , 1.0 , 0 , 37.9908163265 , nan , 68.0742857143 , 7.91111111111 , 1.78599718656 , 6.0 , 0.5 , 1.0 , 1.0 , 0.0 , 0.0 , 2.0 , 0.0 , 0.0313261421722 , 0.00144130921747 , 1.0 , 149.5 , yes
35 , 3 , fluid , 2 , 0.0 , 0.0 , 150 , 6 , 100 , 0.1 , 0.1 , 0.942608811318 , 1000 , 1 , 0.01 , 5 , 9 , 10 , 0.0 , 0 , nan , nan , nan , 2.51111111111 , 1.68344504191 , 6.0 , 0.0 , nan , nan , nan , nan , nan , nan , nan , nan , 0.0 , 42.0 , yes
36 , 4 , fluid , 2 , 0.0 , 0.0 , 250 , 2 , 150 , 0.1 , 0.1 , 0.991993554683 , 100 , 50 , 1.0 , 10 , 6 , 10 , 0.0 , 0 , 6.33907542059 , 9.55357142857 , nan , 7.85833333333 , 0.693142413128 , 2.0 , 0.0 , nan , nan , nan , nan , nan , nan , nan , nan , 6.0 , 945.5 , yes
37 , 4 , fluid , 2 , 0.0 , 0.0 , 250 , 2 , 150 , 0.1 , 0.1 , 0.991993554683 , 100 , 50 , 0.75 , 10 , 6 , 10 , 0.0 , 0 , 7.26527611004 , nan , nan , 7.23333333333 , 0.690480401639 , 2.0 , 0.0 , nan , nan , nan , nan , nan , nan , nan , nan , 6.0 , 809.0 , yes
38 , 4 , fluid , 2 , 1.5 , 0.525294191261 , 250 , 2 , 150 , 0.1 , 0.1 , 0.991993554683 , 100 , 10 , 0.5 , 10 , 6 , 10 , 16.5 , 0 , 11.4152635262 , 10.7142857143 , 25.9131355932 , 7.46666666667 , 0.692273117099 , 2.0 , 2.0 , 0.3906 , 0.379532437639 , 0.0 , 0.359963269054 , 26.0 , 1.11730586115 , 0.181582473662 , 0.00658782351762 , 6.5 , 867.0 , yes
39 , 4 , fluid , 2 , 1.0 , 0.0691964203303 , 250 , 2 , 150 , 0.1 , 0.1 , 0.991993554683 , 100 , 4 , 0.25 , 10 , 6 , 10 , 13.0 , 0 , 19.9054393425 , 20.25 , 33.0751982499 , 8.25 , 0.693143889998 , 2.0 , 2.5 , 0.82155 , 0.814471591316 , 0.35 , 0.47640625 , 7.5 , -0.264002489609 , 0.060503128144 , 0.0015504491116 , 6.5 , 988.0 , yes
0 , 0 , random_walk , 2 , 0.0 , 0.0 , 100 , 1 , 300 , 0.1 , 0.1 , 0.909873126506 , 500 , 50 , 1.0 , 8 , 6 , 10 , 0.0 , 0 , 0.190618101545 , nan , nan , 0.0 , 0.0 , 1.0 , 0.0 , nan , nan , nan , nan , nan , nan , nan , nan , 6.5 , 58.5 , yes
1 , 0 , random_walk , 2 , 0.0 , 5.37273029908e-05 , 100 , 1 , 300 , 0.1 , 0.1 , 0.909873126506 , 500 , 50 , 0.75 , 8 , 6 , 10 , 0.0 , 0 , 0.244796828543 , nan , nan , 0.0 , 0.0 , 1.0 , 0.0 , nan , nan , nan , nan , nan , nan , nan , nan , 5.0 , 58.0 , yes
2 , 0 , random_walk , 2 , 0.5 , 0.00933876864026 , 100 , 1 , 300 , 0.1 , 0.1 , 0.909873126506 , 500 , 10 , 0.5 , 8 , 6 , 10 , 3.5 , 0 , 1.28444299563 , 7.75 , 14.4297316384 , 0.0 , 0.0 , 1.0 , 1.0 , 1.0 , 1.0 , 1.25 , 0.0 , 3.5 , 0.0 , 0.0652316308531 , 0.00181793749406 , 4.0 , 50.5 , yes
3 , 0 , random_walk , 2 , 0.0 , 0.00369433255964 , 100 , 1 , 300 , 0.1 , 0.1 , 0.909873126506 , 500 , 4 , 0.25 , 8 , 6 , 10 , 2.0 , 0 , 4.03586320875 , 10.25 , 14.3987220447 , 0.0 , 0.0 , 1.0 , 1.5 , 0.8889 , 0.932286320469 , 0.0 , 0.625 , 2.0 , 0.707106781187 , 0.0567973023637 , 0.00584378335232 , 2.5 , 61.0 , yes
4 , 0 , random_walk , 2 , 8.5 , 0.630029341549 , 100 , 1 , 300 , 0.1 , 0.1 , 0.909873126506 , 500 , 4 , 0.1 , 8 , 6 , 10 , 52.0 , 0 , 19.165352479 , 44.4583333333 , 67.3407067495 , 0.0 , 0.0 , 1.0 , 5.5 , 0.5022 , 0.503741248206 , 0.075 , 0.630486111111 , 30.5 , 1.38589272113 , 0.15756517343 , 0.00900960775585 , 5.5 , 91.5 , yes
5 , 0 , random_walk , 2 , 8.0 , 0.502428997243 , 100 , 1 , 300 , 0.1 , 0.1 , 0.909873126506 , 500 , 1 , 0.075 , 8 , 6 , 10 , 42.0 , 0 , 35.0467230444 , nan , 84.355490601 , 0.0 , 0.0 , 1.0 , 2.0 , 0.8625 , 0.711360220162 , 1.13333333333 , 0.270111321151 , 24.5 , -0.348275031191 , 0.0906179825296 , 0.00426619414565 , 4.5 , 141.0 , yes
6 , 0 , random_walk , 2 , 6.5 , 0.708863500091 , 100 , 1 , 300 , 0.1 , 0.1 , 0.909873126506 , 500 , 1 , 0.05 , 8 , 6 , 10 , 92.5 , 0 , 33.9433962264 , nan , 110.581388082 , 0.0 , 0.0 , 1.0 , 5.0 , 0.481 , 0.319006509648 , 0.142201834862 , 0.456833138807 , 65.0 , 0.87955377323 , 0.180054088721 , 0.00814001916399 , 8.5 , 206.0 , yes
7 , 0 , random_walk , 2 , 0.0 , 0.000220735675786 , 100 , 1 , 300 , 0.1 , 0.1 , 0.909873126506 , 500 , 1 , 0.025 , 8 , 6 , 10 , 0.0 , 0 , nan , nan , nan , 0.0 , 0.0 , 1.0 , 0.0 , nan , nan , nan , nan , nan , nan , nan , nan , 1.0 , 94.5 , yes
8 , 0 , random_walk , 2 , 0.0 , 0.0 , 100 , 1 , 300 , 0.1 , 0.1 , 0.909873126506 , 500 , 1 , 0.01 , 8 , 6 , 10 , 0.0 , 0 , nan , nan , nan , 0.0 , 0.0 , 1.0 , 0.0 , nan , nan , nan , nan , nan , nan , nan , nan , 0.0 , 13.0 , yes
9 , 1 , random_walk , 2 , 0.0 , 0.000372793167727 , 200 , 1 , 100 , 0.1 , 0.1 , 0.922831392124 , 500 , 50 , 1.0 , 8 , 7 , 10 , 0.0 , 0 , 0.0470219435737 , 1.57142857143 , nan , 0.0 , 0.0 , 1.0 , 0.0 , nan , nan , nan , nan , nan , nan , nan , nan , 4.0 , 104.0 , yes
10 , 1 , random_walk , 2 , 0.0 , 0.00036543996373 , 200 , 1 , 100 , 0.1 , 0.1 , 0.922831392124 , 500 , 50 , 0.75 , 8 , 7 , 10 , 0.0 , 0 , 0.363278636918 , 3.61538461538 , nan , 0.0 , 0.0 , 1.0 , 0.0 , nan , nan , nan , nan , nan , nan , nan , nan , 4.5 , 92.0 , yes
11 , 1 , random_walk , 2 , 17.0 , 5.06496203746 , 200 , 1 , 100 , 0.1 , 0.1 , 0.922831392124 , 500 , 10 , 0.5 , 8 , 7 , 10 , 50.0 , 0 , 0.846739847592 , 5.92045454545 , 18.0484849539 , 0.0 , 0.0 , 1.0 , 2.0 , 0.68165 , 0.595843841021 , 0.563829787234 , 0.0411951109099 , 49.0 , 0.353553390593 , 0.903830274025 , 0.0470155682178 , 4.0 , 107.0 , yes
12 , 1 , random_walk , 2 , 11.0 , 1.6570211505 , 200 , 1 , 100 , 0.1 , 0.1 , 0.922831392124 , 500 , 4 , 0.25 , 8 , 7 , 10 , 60.5 , 0 , 3.80636086796 , 19.8857142857 , 44.3971631206 , 0.0 , 0.0 , 1.0 , 4.0 , 0.34495 , 0.303114890944 , 0.280821917808 , 0.274958592659 , 51.0 , 1.13315003381 , 0.126090097704 , 0.00650751734156 , 9.0 , 150.0 , yes
13 , 1 , random_walk , 2 , 19.0 , 3.36224062411 , 200 , 1 , 100 , 0.1 , 0.1 , 0.922831392124 , 500 , 4 , 0.1 , 8 , 7 , 10 , 120.0 , 0 , 15.0315145334 , nan , 94.0148515759 , 0.0 , 0.0 , 1.0 , 6.0 , 0.2853 , 0.230777607241 , 0.246666666667 , 0.401772839506 , 86.0 , 1.50424307713 , 0.224808670854 , 0.00509830026854 , 11.5 , 256.5 , yes
14 , 1 , random_walk , 2 , 8.0 , 0.702173649662 , 200 , 1 , 100 , 0.1 , 0.1 , 0.922831392124 , 500 , 1 , 0.075 , 8 , 7 , 10 , 61.5 , 0 , 26.8569090626 , nan , 97.8543874767 , 0.0 , 0.0 , 1.0 , 4.5 , 0.56945 , 0.667044675422 , 0.129411764706 , 0.604915315972 , 35.5 , 1.15973603148 , 0.0904846949925 , 0.00440745702499 , 15.0 , 107.0 , yes
15 , 1 , random_walk , 2 , 43.0 , 5.05294513828 , 200 , 1 , 100 , 0.1 , 0.1 , 0.922831392124 , 500 , 1 , 0.05 , 8 , 7 , 10 , 318.0 , 0 , 35.7532121724 , nan , 100.84004374 , 0.0 , 0.0 , 1.0 , 6.5 , 0.2237 , 0.172023384854 , 0.553956834532 , 0.269740942086 , 270.5 , 1.85315726991 , 0.103148999667 , 0.00350948670233 , 9.5 , 355.0 , yes
16 , 1 , random_walk , 2 , 31.0 , 3.50904873069 , 200 , 1 , 100 , 0.1 , 0.1 , 0.922831392124 , 500 , 1 , 0.025 , 8 , 7 , 10 , 255.5 , 0 , 34.5925531915 , nan , 112.557540288 , 0.0 , 0.0 , 1.0 , 2.5 , 0.46835 , 0.192334746982 , 0.411111111111 , 0.115401764373 , 240.0 , 0.345968263493 , 0.0952489108733 , 0.00265061957627 , 2.0 , 252.0 , yes
17 , 1 , random_walk , 2 , 0.0 , 0.000269455684217 , 200 , 1 , 100 , 0.1 , 0.1 , 0.922831392124 , 500 , 1 , 0.01 , 8 , 7 , 10 , 0.0 , 0 , nan , nan , nan , 0.0 , 0.0 , 1.0 , 0.0 , nan , nan , nan , nan , nan , nan , nan , nan , 1.0 , 67.0 , yes
18 , 2 , fluid , 2 , 0.0 , 0.0 , 100 , 2 , 250 , 0.1 , 0.1 , 0.9461924209 , 1000 , 50 , 1.0 , 10 , 9 , 10 , 0.0 , 0 , 6.76989730424 , 6.48275862069 , nan , 1.95555555556 , 0.692832595084 , 2.0 , 0.0 , nan , nan , nan , nan , nan , nan , nan , nan , 8.0 , 344.0 , yes
19 , 2 , fluid , 2 , 48.0 , 13.582570578 , 100 , 2 , 250 , 0.1 , 0.1 , 0.9461924209 , 1000 , 50 , 0.75 , 10 , 9 , 10 , 139.0 , 0 , 9.14885173275 , 9.60254901961 , 45.1087618439 , 2.15 , 0.69286953256 , 2.0 , 9.0 , 0.1342 , 0.261742654243 , 0.485294117647 , 0.170428760119 , 126.5 , 2.47039259938 , 0.855346308197 , 0.0156667391795 , 6.5 , 389.5 , yes
20 , 2 , fluid , 2 , 33.5 , 7.2312797864 , 100 , 2 , 250 , 0.1 , 0.1 , 0.9461924209 , 1000 , 10 , 0.5 , 10 , 9 , 10 , 162.0 , 0 , 10.5311355311 , 11.85 , 28.7264735471 , 1.83888888889 , 0.685583143975 , 2.0 , 16.0 , 0.19995 , 0.395248328498 , 0.119402985075 , 0.576794081922 , 105.0 , 3.22678823811 , 0.641872273697 , 0.0228711986769 , 6.5 , 298.0 , yes
21 , 2 , fluid , 2 , 24.5 , 2.09482422509 , 100 , 2 , 250 , 0.1 , 0.1 , 0.9461924209 , 1000 , 4 , 0.25 , 10 , 9 , 10 , 262.5 , 0 , 20.0922776518 , 19.125 , 36.7251953826 , 2.16666666667 , 0.692418843923 , 2.0 , 14.0 , 0.27695 , 0.267607489827 , 0.182926829268 , 0.741018715636 , 109.5 , 2.12431716875 , 0.0719702017115 , 0.00415535628674 , 11.5 , 377.0 , yes
22 , 2 , fluid , 2 , 146.5 , 5.97833498013 , 100 , 2 , 250 , 0.1 , 0.1 , 0.9461924209 , 1000 , 4 , 0.1 , 10 , 9 , 10 , 1994.5 , 0 , 42.6276073936 , 46.9166666667 , 93.6880075558 , 1.46111111111 , 0.693078896881 , 2.0 , 11.5 , 0.14685 , 0.0968617294225 , 0.43167539267 , 0.34774257475 , 1586.0 , 2.73594000535 , 0.117426411508 , 0.0020759714718 , 5.0 , 262.0 , yes
23 , 2 , fluid , 2 , 30.0 , 2.12399467564 , 100 , 2 , 250 , 0.1 , 0.1 , 0.9461924209 , 1000 , 1 , 0.075 , 10 , 9 , 10 , 285.5 , 0 , 31.8019607843 , 32.5 , 50.4705268203 , 0.738888888889 , 0.688895161086 , 2.0 , 13.5 , 0.1542 , 0.231384917372 , 0.440239043825 , 0.486403708343 , 196.5 , 2.86687149178 , 0.659036998187 , 0.0106868095025 , 2.5 , 146.5 , yes
24 , 2 , fluid , 2 , 12.0 , 0.872081081669 , 100 , 2 , 250 , 0.1 , 0.1 , 0.9461924209 , 1000 , 1 , 0.05 , 10 , 9 , 10 , 103.5 , 0 , 39.4551282051 , nan , 70.3155827548 , 0.977777777778 , 0.685671811223 , 2.0 , 2.5 , 0.42935 , 0.128263964756 , 0.30078125 , 0.0325872283432 , 102.0 , 0.353553390593 , 0.0652158686158 , 0.00271233694793 , 5.5 , 200.5 , yes
25 , 2 , fluid , 2 , 0.0 , 0.000318236166589 , 100 , 2 , 250 , 0.1 , 0.1 , 0.9461924209 , 1000 , 1 , 0.025 , 10 , 9 , 10 , 0.0 , 0 , nan , nan , nan , 0.788888888889 , 0.662673218177 , 2.0 , 0.0 , nan , nan , nan , nan , nan , nan , nan , nan , 0.0 , 114.0 , yes
26 , 2 , fluid , 2 , 0.0 , 0.0 , 100 , 2 , 250 , 0.1 , 0.1 , 0.9461924209 , 1000 , 1 , 0.01 , 10 , 9 , 10 , 0.0 , 0 , nan , nan , nan , 0.155555555556 , 0.677494404449 , 2.0 , 0.0 , nan , nan , nan , nan , nan , nan , nan , nan , 2.0 , 34.0 , yes
27 , 3 , fluid , 2 , 0.0 , 0.0 , 100 , 2 , 200 , 0.1 , 0.1 , 0.993335318651 , 100 , 50 , 1.0 , 9 , 9 , 10 , 0.0 , 0 , 5.0698988622 , 3.75 , nan , 1.77777777778 , 0.692894665501 , 2.0 , 0.0 , nan , nan , nan , nan , nan , nan , nan , nan , 5.5 , 283.0 , yes
28 , 3 , fluid , 2 , 0.0 , 0.0 , 100 , 2 , 200 , 0.1 , 0.1 , 0.993335318651 , 100 , 50 , 0.75 , 9 , 9 , 10 , 0.0 , 0 , 6.65103249317 , 10.8461538462 , nan , 1.67283950617 , 0.691489475059 , 2.0 , 0.0 , nan , nan , nan , nan , nan , nan , nan , nan , 8.0 , 287.0 , yes
29 , 3 , fluid , 2 , 0.0 , 0.0 , 100 , 2 , 200 , 0.1 , 0.1 , 0.993335318651 , 100 , 10 , 0.5 , 9 , 9 , 10 , 0.0 , 0 , 8.68536789298 , 11.1666666667 , nan , 1.85802469136 , 0.693005496587 , 2.0 , 0.0 , nan , nan , nan , nan , nan , nan , nan , nan , 5.5 , 298.0 , yes
30 , 3 , fluid , 2 , 0.5 , 0.00105922632381 , 100 , 2 , 200 , 0.1 , 0.1 , 0.993335318651 , 100 , 4 , 0.25 , 9 , 9 , 10 , 1.0 , 0 , 19.0082441787 , nan , 30.112745098 , 1.82716049383 , 0.692979507226 , 2.0 , 0.5 , 1.0 , 1.0 , 0.0 , 0.0 , 2.0 , 0.0 , 0.0822061373516 , 0.00433730393383 , 5.5 , 301.5 , yes
31 , 3 , fluid , 2 , 0.0 , 0.000272496579877 , 100 , 2 , 200 , 0.1 , 0.1 , 0.993335318651 , 100 , 4 , 0.1 , 9 , 9 , 10 , 0.0 , 0 , 21.1666666667 , nan , nan , 1.37037037037 , 0.69100678074 , 2.0 , 0.0 , nan , nan , nan , nan , nan , nan , nan , nan , 3.0 , 237.5 , yes
32 , 3 , fluid , 2 , 5.5 , 0.393428271883 , 100 , 2 , 200 , 0.1 , 0.1 , 0.993335318651 , 100 , 1 , 0.075 , 9 , 9 , 10 , 67.5 , 0 , 35.3333333333 , 42.5 , 49.8381696429 , 1.30864197531 , 0.691341221922 , 2.0 , 3.0 , 0.4027 , 0.186979871083 , 0.484848484848 , 0.0838150364272 , 64.5 , 0.576952733345 , 0.095081420917 , 0.00608708188196 , 4.5 , 200.0 , yes
33 , 3 , fluid , 2 , 0.0 , 0.000149342835035 , 100 , 2 , 200 , 0.1 , 0.1 , 0.993335318651 , 100 , 1 , 0.05 , 9 , 9 , 10 , 0.0 , 0 , nan , nan , nan , 0.753086419753 , 0.692615565791 , 2.0 , 0.0 , nan , nan , nan , nan , nan , nan , nan , nan , 0.0 , 126.0 , yes
34 , 3 , fluid , 2 , 0.0 , 0.000344824833301 , 100 , 2 , 200 , 0.1 , 0.1 , 0.993335318651 , 100 , 1 , 0.025 , 9 , 9 , 10 , 0.0 , 0 , nan , nan , nan , 0.185185185185 , 0.691192782003 , 2.0 , 0.0 , nan , nan , nan , nan , nan , nan , nan , nan , 0.0 , 32.0 , yes
35 , 3 , fluid , 2 , 0.0 , 0.0 , 100 , 2 , 200 , 0.1 , 0.1 , 0.993335318651 , 100 , 1 , 0.01 , 9 , 9 , 10 , 0.0 , 0 , nan , nan , nan , 0.0 , 0.0 , 0.0 , 0.0 , nan , nan , nan , nan , nan , nan , nan , nan , 0.0 , 0.0 , yes
36 , 4 , random_walk , 2 , 0.0 , 0.0 , 200 , 10 , 200 , 0.1 , 0.1 , 0.952431093176 , 500 , 50 , 1.0 , 9 , 10 , 10 , 0.0 , 0 , 0.248735252137 , nan , nan , 6.55555555556 , 2.25165516757 , 10.0 , 0.0 , nan , nan , nan , nan , nan , nan , nan , nan , 5.5 , 134.0 , yes
37 , 4 , random_walk , 2 , 0.0 , 3.90649068053e-05 , 200 , 10 , 200 , 0.1 , 0.1 , 0.952431093176 , 500 , 50 , 0.75 , 9 , 10 , 10 , 0.0 , 0 , 0.575673510781 , 5.19523809524 , nan , 3.8 , 2.2569374505 , 10.0 , 0.0 , nan , nan , nan , nan , nan , nan , nan , nan , 4.5 , 80.0 , yes
38 , 4 , random_walk , 2 , 0.5 , 0.00309892155825 , 200 , 10 , 200 , 0.1 , 0.1 , 0.952431093176 , 500 , 10 , 0.5 , 9 , 10 , 10 , 4.0 , 0 , 1.32071367097 , 8.01282051282 , 22.7733293197 , 6.12222222222 , 2.25798630861 , 10.0 , 2.0 , 0.5714 , 0.71216785577 , 0.0 , 0.5625 , 5.0 , 1.15470053838 , 0.0614043932883 , 0.00337089265152 , 6.0 , 120.0 , yes
39 , 4 , random_walk , 2 , 0.0 , 0.00212877501969 , 200 , 10 , 200 , 0.1 , 0.1 , 0.952431093176 , 500 , 4 , 0.25 , 9 , 10 , 10 , 2.5 , 0 , 5.12021492306 , 18.9166666667 , 49.7343959732 , 4.98888888889 , 2.24268182602 , 10.0 , 1.5 , 1.0 , 1.0 , 1.0 , 0.25 , 1.5 , 0.0 , 0.0831231487554 , 0.00165308415055 , 13.0 , 96.0 , yes
40 , 4 , random_walk , 2 , 66.0 , 5.34806029215 , 200 , 10 , 200 , 0.1 , 0.1 , 0.952431093176 , 500 , 4 , 0.1 , 9 , 10 , 10 , 565.5 , 0 , 21.8664178822 , nan , 99.7930112878 , 7.41666666667 , 2.26425384669 , 10.0 , 14.0 , 0.32025 , 0.236941511976 , 0.35141509434 , 0.754216602468 , 235.5 , 2.08442630334 , 0.0984797645862 , 0.00207043392394 , 15.0 , 159.5 , yes
41 , 4 , random_walk , 2 , 0.0 , 0.000200963722452 , 200 , 10 , 200 , 0.1 , 0.1 , 0.952431093176 , 500 , 1 , 0.075 , 9 , 10 , 10 , 0.0 , 0 , nan , nan , nan , 10.3444444444 , 2.27697673072 , 10.0 , 0.0 , nan , nan , nan , nan , nan , nan , nan , nan , 3.0 , 199.5 , yes
42 , 4 , random_walk , 2 , 15.0 , 1.5037875056 , 200 , 10 , 200 , 0.1 , 0.1 , 0.952431093176 , 500 , 1 , 0.05 , 9 , 10 , 10 , 133.5 , 0 , 49.6651336898 , nan , 105.60728322 , 21.7333333333 , 2.29751132374 , 10.0 , 5.0 , 0.6618 , 0.530942541757 , 0.213286713287 , 0.688372853706 , 62.0 , 0.807406214238 , 0.107315887087 , 0.00333977333433 , 5.0 , 437.0 , yes
43 , 4 , random_walk , 2 , 21.0 , 1.24638030702 , 200 , 10 , 200 , 0.1 , 0.1 , 0.952431093176 , 500 , 1 , 0.025 , 9 , 10 , 10 , 281.0 , 0 , 36.8829331046 , nan , 116.115090744 , 16.0833333333 , 2.28907429153 , 10.0 , 3.5 , 0.60945 , 0.162839958354 , 0.41628959276 , 0.523642520163 , 148.5 , -0.304801787892 , 0.0988401820249 , 0.00294007687938 , 6.0 , 323.0 , yes
44 , 4 , random_walk , 2 , 1.0 , 0.206414015951 , 200 , 10 , 200 , 0.1 , 0.1 , 0.952431093176 , 500 , 1 , 0.01 , 9 , 10 , 10 , 13.5 , 0 , 67.3333333333 , nan , 91.1843898475 , 8.12777777778 , 2.27084076052 , 10.0 , 1.0 , 1.0 , 1.0 , 0.85 , 0.0 , 13.5 , 0.0 , 0.0800558348585 , 0.00381164746111 , 0.0 , 160.0 , yes
45 , 5 , fluid , 2 , 0.0 , 0.0 , 200 , 10 , 100 , 0.1 , 0.1 , 0.993964391621 , 500 , 50 , 1.0 , 5 , 5 , 10 , 0.0 , 0 , 2.79302196275 , 1.80769230769 , nan , 49.78 , 2.29291515618 , 10.0 , 0.0 , nan , nan , nan , nan , nan , nan , nan , nan , 2.0 , 278.5 , yes
46 , 5 , fluid , 2 , 0.0 , 0.0 , 200 , 10 , 100 , 0.1 , 0.1 , 0.993964391621 , 500 , 50 , 0.75 , 5 , 5 , 10 , 0.0 , 0 , 3.37238253773 , 3.61538461538 , nan , 45.44 , 2.2921199147 , 10.0 , 0.0 , nan , nan , nan , nan , nan , nan , nan , nan , 2.0 , 263.0 , yes
47 , 5 , fluid , 2 , 0.0 , 0.0 , 200 , 10 , 100 , 0.1 , 0.1 , 0.993964391621 , 500 , 10 , 0.5 , 5 , 5 , 10 , 0.0 , 0 , 5.1618776175 , nan , nan , 42.82 , 2.28360324178 , 10.0 , 0.0 , nan , nan , nan , nan , nan , nan , nan , nan , 3.0 , 237.0 , yes
48 , 5 , fluid , 2 , 0.0 , 0.00865444561188 , 200 , 10 , 100 , 0.1 , 0.1 , 0.993964391621 , 500 , 4 , 0.25 , 5 , 5 , 10 , 7.0 , 0 , 8.57604601152 , 9.25 , 16.2642857143 , 38.3 , 2.28271081262 , 10.0 , 1.5 , 0.7597 , 0.578254187976 , 0.0 , 0.561224489796 , 7.0 , -0.630903856711 , 0.095195982764 , 0.00112508267044 , 1.5 , 210.5 , yes
49 , 5 , fluid , 2 , 52.5 , 10.1892252558 , 200 , 10 , 100 , 0.1 , 0.1 , 0.993964391621 , 500 , 4 , 0.1 , 5 , 5 , 10 , 215.5 , 0 , 18.1907694261 , 23.625 , 43.9861929224 , 30.4 , 2.27295591703 , 10.0 , 12.5 , 0.26545 , 0.291166491789 , 0.0589005235602 , 0.410973158267 , 125.0 , 2.18500730306 , 0.825756089599 , 0.0401174101944 , 2.0 , 166.5 , yes
50 , 5 , fluid , 2 , 203.0 , 17.1511060501 , 200 , 10 , 100 , 0.1 , 0.1 , 0.993964391621 , 500 , 1 , 0.075 , 5 , 5 , 10 , 1579.0 , 0 , 14.1398901212 , 40.0 , 74.0684960881 , 13.06 , 2.18558463908 , 10.0 , 28.0 , 0.05845 , 0.211290212027 , 0.368051118211 , 0.384707779365 , 1193.5 , 4.54360942479 , 0.644982743065 , 0.00961265026777 , 3.0 , 62.5 , yes
51 , 5 , fluid , 2 , 19.5 , 2.76161937376 , 200 , 10 , 100 , 0.1 , 0.1 , 0.993964391621 , 500 , 1 , 0.05 , 5 , 5 , 10 , 171.0 , 0 , 26.2218798151 , 17.0 , 40.3059459459 , 35.54 , 2.27989278364 , 10.0 , 7.0 , 0.20305 , 0.244857822971 , 0.173469387755 , 0.236269843459 , 148.5 , 1.9708043628 , 0.184094441867 , 0.0054504787977 , 3.0 , 197.0 , yes
52 , 5 , fluid , 2 , 0.0 , 0.000496251834343 , 200 , 10 , 100 , 0.1 , 0.1 , 0.993964391621 , 500 , 1 , 0.025 , 5 , 5 , 10 , 0.0 , 0 , 25.2272727273 , nan , nan , 22.94 , 2.28491477942 , 10.0 , 0.0 , nan , nan , nan , nan , nan , nan , nan , nan , 2.0 , 129.5 , yes
53 , 5 , fluid , 2 , 0.0 , 3.35778939271e-05 , 200 , 10 , 100 , 0.1 , 0.1 , 0.993964391621 , 500 , 1 , 0.01 , 5 , 5 , 10 , 0.0 , 0 , nan , nan , nan , 6.02 , 2.12969000894 , 9.0 , 0.0 , nan , nan , nan , nan , nan , nan , nan , nan , 0.0 , 37.5 , yes
54 , 6 , fluid , 2 , 0.0 , 0.0 , 150 , 8 , 100 , 0.1 , 0.1 , 0.925108874806 , 1000 , 50 , 1.0 , 7 , 9 , 10 , 0.0 , 0 , 3.74047892224 , nan , nan , 15.5396825397 , 2.06744484229 , 8.0 , 0.0 , nan , nan , nan , nan , nan , nan , nan , nan , 3.5 , 292.0 , yes
55 , 6 , fluid , 2 , 0.0 , 0.00113079427887 , 150 , 8 , 100 , 0.1 , 0.1 , 0.925108874806 , 1000 , 50 , 0.75 , 7 , 9 , 10 , 0.0 , 0 , 5.10687655344 , nan , nan , 17.8492063492 , 2.07024065391 , 8.0 , 0.0 , nan , nan , nan , nan , nan , nan , nan , nan , 7.0 , 316.5 , yes
56 , 6 , fluid , 2 , 1.0 , 0.00746696830589 , 150 , 8 , 100 , 0.1 , 0.1 , 0.925108874806 , 1000 , 10 , 0.5 , 7 , 9 , 10 , 9.0 , 0 , 7.3591677646 , 7.45 , 15.7111244019 , 16.6904761905 , 2.06632674532 , 8.0 , 3.5 , 0.5143 , 0.605062900039 , 0.0 , 0.722222222222 , 7.0 , 0.986397091016 , 0.0455524518638 , 0.00177782227545 , 3.5 , 306.0 , yes
57 , 6 , fluid , 2 , 3.5 , 0.129743994416 , 150 , 8 , 100 , 0.1 , 0.1 , 0.925108874806 , 1000 , 4 , 0.25 , 7 , 9 , 10 , 53.5 , 0 , 12.6618940969 , 9.75 , 21.5096581299 , 15.9285714286 , 2.06278861185 , 8.0 , 12.5 , 0.6262 , 0.612939742507 , 0.375 , 0.762681986626 , 10.5 , 0.847111091069 , 0.078758075546 , 0.00290838492144 , 3.0 , 282.5 , yes
58 , 6 , fluid , 2 , 18.0 , 1.72020920436 , 150 , 8 , 100 , 0.1 , 0.1 , 0.925108874806 , 1000 , 4 , 0.1 , 7 , 9 , 10 , 206.5 , 0 , 28.8698830409 , 21.0 , 53.8789147775 , 14.6587301587 , 2.0672543353 , 8.0 , 7.5 , 0.4754 , 0.231825450961 , 1.14772727273 , 0.44801236759 , 71.5 , 0.538910003899 , 0.0925867053564 , 0.00359545731317 , 3.0 , 263.0 , yes
59 , 6 , fluid , 2 , 2.0 , 0.0850565696511 , 150 , 8 , 100 , 0.1 , 0.1 , 0.925108874806 , 1000 , 1 , 0.075 , 7 , 9 , 10 , 22.0 , 0 , 26.6235507246 , 26.5 , 34.0090834021 , 10.7619047619 , 2.04899691519 , 8.0 , 4.0 , 0.48105 , 0.49394929365 , 0.25 , 0.441597222222 , 16.0 , 1.04367381453 , 0.0637490806562 , 0.00160753440822 , 4.5 , 198.0 , yes
60 , 6 , fluid , 2 , 1.5 , 0.0236583792188 , 150 , 8 , 100 , 0.1 , 0.1 , 0.925108874806 , 1000 , 1 , 0.05 , 7 , 9 , 10 , 9.0 , 0 , 40.9648882809 , 53.5 , 54.3551246537 , 13.2301587302 , 2.05253664477 , 8.0 , 4.0 , 0.77895 , 0.809715324529 , 0.833333333333 , 0.595555555556 , 3.5 , 0.298684721044 , 0.0348246691995 , 0.00558919923187 , 5.5 , 229.5 , yes
61 , 6 , fluid , 2 , 0.0 , 9.2603430089e-05 , 150 , 8 , 100 , 0.1 , 0.1 , 0.925108874806 , 1000 , 1 , 0.025 , 7 , 9 , 10 , 0.0 , 0 , 38.5 , nan , nan , 6.21428571429 , 2.0503170248 , 8.0 , 0.0 , nan , nan , nan , nan , nan , nan , nan , nan , 3.0 , 117.5 , yes
62 , 6 , fluid , 2 , 0.0 , 0.0 , 150 , 8 , 100 , 0.1 , 0.1 , 0.925108874806 , 1000 , 1 , 0.01 , 7 , 9 , 10 , 0.0 , 0 , nan , nan , nan , 2.00793650794 , 1.99221303986 , 8.0 , 0.0 , nan , nan , nan , nan , nan , nan , nan , nan , 0.0 , 31.5 , yes
63 , 7 , fluid , 2 , 0.0 , 0.0 , 250 , 2 , 150 , 0.1 , 0.1 , 0.953340711075 , 500 , 50 , 1.0 , 8 , 10 , 10 , 0.0 , 0 , 4.8524642707 , 4.61363636364 , nan , 4.2 , 0.692622066049 , 2.0 , 0.0 , nan , nan , nan , nan , nan , nan , nan , nan , 5.5 , 694.5 , yes
64 , 7 , fluid , 2 , 0.0 , 0.0 , 250 , 2 , 150 , 0.1 , 0.1 , 0.953340711075 , 500 , 50 , 0.75 , 8 , 10 , 10 , 0.0 , 0 , 6.69634340523 , nan , nan , 4.1 , 0.692846817427 , 2.0 , 0.0 , nan , nan , nan , nan , nan , nan , nan , nan , 4.5 , 672.0 , yes
65 , 7 , fluid , 2 , 2.0 , 0.0783522192632 , 250 , 2 , 150 , 0.1 , 0.1 , 0.953340711075 , 500 , 10 , 0.5 , 8 , 10 , 10 , 24.5 , 0 , 9.58415715097 , 9.81111111111 , 21.096761029 , 4.0875 , 0.692052141363 , 2.0 , 3.5 , 0.4654 , 0.4176163183 , 0.0 , 0.693044564765 , 21.0 , 0.962131158227 , 0.0658729257942 , 0.00221126943246 , 4.0 , 674.5 , yes
66 , 7 , fluid , 2 , 129.0 , 10.9436698252 , 250 , 2 , 150 , 0.1 , 0.1 , 0.953340711075 , 500 , 4 , 0.25 , 8 , 10 , 10 , 1242.0 , 0 , 20.7325091 , 25.125 , 47.9364928401 , 4.88125 , 0.693128305157 , 2.0 , 27.0 , 0.0854 , 0.184474371788 , 0.103809012876 , 0.546343528995 , 841.0 , 4.65221384416 , 0.138920025554 , 0.00473300510472 , 7.5 , 779.0 , yes
67 , 7 , fluid , 2 , 132.0 , 13.2042501998 , 250 , 2 , 150 , 0.1 , 0.1 , 0.953340711075 , 500 , 4 , 0.1 , 8 , 10 , 10 , 1202.0 , 0 , 26.4542738257 , 47.25 , 89.2296230949 , 3.1375 , 0.689892031865 , 2.0 , 31.5 , 0.1155 , 0.177715491642 , 0.156378600823 , 0.725086285285 , 502.0 , 3.75926966815 , 0.389293862626 , 0.00932343352135 , 9.0 , 464.5 , yes
68 , 7 , fluid , 2 , 240.5 , 16.1867528919 , 250 , 2 , 150 , 0.1 , 0.1 , 0.953340711075 , 500 , 1 , 0.075 , 8 , 10 , 10 , 2493.0 , 0 , 27.0033725089 , 61.0 , 54.0046064212 , 2.08125 , 0.692760207437 , 2.0 , 27.5 , 0.18105 , 0.14471228027 , 0.0236193518941 , 0.70857931052 , 1058.0 , 2.6797323414 , 0.116637619513 , 0.00343424379032 , 1.5 , 341.5 , yes
69 , 7 , fluid , 2 , 88.5 , 9.16432390208 , 250 , 2 , 150 , 0.1 , 0.1 , 0.953340711075 , 500 , 1 , 0.05 , 8 , 10 , 10 , 903.0 , 0 , 29.5832518736 , 61.0 , 56.7460357957 , 1.94375 , 0.692249309986 , 2.0 , 19.5 , 0.313 , 0.161498371332 , 0.0326569435637 , 0.746118980937 , 299.0 , 1.77341309232 , 0.164217774144 , 0.00642288888068 , 3.0 , 300.0 , yes
70 , 7 , fluid , 2 , 14.5 , 1.1339882074 , 250 , 2 , 150 , 0.1 , 0.1 , 0.953340711075 , 500 , 1 , 0.025 , 8 , 10 , 10 , 282.0 , 0 , 38.0426647427 , nan , 116.355653372 , 1.34375 , 0.69166776831 , 2.0 , 4.0 , 0.6201 , 0.493215930246 , 0.985185185185 , 0.576349789476 , 165.5 , 0.467473583176 , 0.349469084524 , 0.0074628091575 , 1.5 , 224.5 , yes
71 , 7 , fluid , 2 , 0.0 , 0.000203226517069 , 250 , 2 , 150 , 0.1 , 0.1 , 0.953340711075 , 500 , 1 , 0.01 , 8 , 10 , 10 , 0.0 , 0 , nan , nan , nan , 0.30625 , 0.69191171537 , 2.0 , 0.0 , nan , nan , nan , nan , nan , nan , nan , nan , 0.0 , 51.5 , yes
72 , 8 , fluid , 2 , 0.0 , 0.0 , 200 , 4 , 300 , 0.1 , 0.1 , 0.914407522543 , 1000 , 50 , 1.0 , 7 , 7 , 10 , 0.0 , 0 , 3.70259353741 , nan , nan , 12.112244898 , 1.38414477016 , 4.0 , 0.0 , nan , nan , nan , nan , nan , nan , nan , nan , 3.5 , 387.0 , yes
73 , 8 , fluid , 2 , 0.0 , 0.0 , 200 , 4 , 300 , 0.1 , 0.1 , 0.914407522543 , 1000 , 50 , 0.75 , 7 , 7 , 10 , 0.0 , 0 , 5.23841530055 , nan , nan , 12.3775510204 , 1.37856325973 , 4.0 , 0.0 , nan , nan , nan , nan , nan , nan , nan , nan , 3.5 , 414.5 , yes
74 , 8 , fluid , 2 , 0.0 , 0.00639671442811 , 200 , 4 , 300 , 0.1 , 0.1 , 0.914407522543 , 1000 , 10 , 0.5 , 7 , 7 , 10 , 4.5 , 0 , 7.6005034876 , 8.9 , 17.0727272727 , 12.6428571429 , 1.38090535686 , 4.0 , 2.0 , 0.75 , 0.759813080041 , 0.0 , 0.666666666667 , 4.0 , 0.213833433033 , 0.0733828503893 , 0.00414243691165 , 4.5 , 406.5 , yes
75 , 8 , fluid , 2 , 10.5 , 0.82784908923 , 200 , 4 , 300 , 0.1 , 0.1 , 0.914407522543 , 1000 , 4 , 0.25 , 7 , 7 , 10 , 101.5 , 0 , 13.2760406551 , 11.0 , 23.1026643474 , 11.8673469388 , 1.38057716029 , 4.0 , 11.5 , 0.6197 , 0.439060042781 , 0.11797752809 , 0.826605150453 , 23.5 , 0.440588477199 , 0.0940596679005 , 0.00468622946401 , 5.0 , 405.5 , yes
76 , 8 , fluid , 2 , 67.0 , 6.79522566219 , 200 , 4 , 300 , 0.1 , 0.1 , 0.914407522543 , 1000 , 4 , 0.1 , 7 , 7 , 10 , 809.0 , 0 , 25.9282407407 , 29.5 , 57.4870570915 , 10.5102040816 , 1.37728140038 , 4.0 , 11.5 , 0.23345 , 0.153164328931 , 0.0693693693694 , 0.469525383604 , 588.5 , 1.77711552543 , 0.107205899904 , 0.00437099831392 , 4.0 , 321.5 , yes
77 , 8 , fluid , 2 , 46.0 , 5.06245573448 , 200 , 4 , 300 , 0.1 , 0.1 , 0.914407522543 , 1000 , 1 , 0.075 , 7 , 7 , 10 , 382.0 , 0 , 18.4138888889 , 16.5 , 28.5072833169 , 5.69387755102 , 1.37408179848 , 4.0 , 20.5 , 0.2551 , 0.278658070531 , 0.122807017544 , 0.808295020236 , 137.0 , 2.76883540291 , 0.0924177448812 , 0.00520973624399 , 3.5 , 208.5 , yes
78 , 8 , fluid , 2 , 110.0 , 8.00512790997 , 200 , 4 , 300 , 0.1 , 0.1 , 0.914407522543 , 1000 , 1 , 0.05 , 7 , 7 , 10 , 1422.5 , 0 , 29.8944079975 , nan , 89.2828705341 , 5.65306122449 , 1.38420758519 , 4.0 , 11.5 , 0.1553 , 0.101111646096 , 0.331081081081 , 0.43216052383 , 1043.0 , 2.67780549494 , 0.0958735423699 , 0.0030522330303 , 2.5 , 190.0 , yes
79 , 8 , fluid , 2 , 0.0 , 0.000642776376514 , 200 , 4 , 300 , 0.1 , 0.1 , 0.914407522543 , 1000 , 1 , 0.025 , 7 , 7 , 10 , 1.0 , 0 , 54.15 , nan , 59.0109289617 , 6.52040816327 , 1.374694512 , 4.0 , 0.5 , 1.0 , 1.0 , 0.0 , 0.0 , 2.0 , 0.0 , 0.0469229408119 , 0.00129941364279 , 1.0 , 223.0 , yes
80 , 8 , fluid , 2 , 0.0 , 3.80533809637e-05 , 200 , 4 , 300 , 0.1 , 0.1 , 0.914407522543 , 1000 , 1 , 0.01 , 7 , 7 , 10 , 0.0 , 0 , nan , nan , nan , 1.61224489796 , 1.38230243726 , 4.0 , 0.0 , nan , nan , nan , nan , nan , nan , nan , nan , 0.0 , 54.0 , yes
81 , 9 , fluid , 2 , 0.0 , 0.0 , 100 , 8 , 300 , 0.1 , 0.1 , 0.961704446399 , 1000 , 50 , 1.0 , 8 , 6 , 10 , 0.0 , 0 , 4.74768858052 , 4.2 , nan , 22.2083333333 , 2.05412715372 , 8.0 , 0.0 , nan , nan , nan , nan , nan , nan , nan , nan , 5.0 , 299.5 , yes
82 , 9 , fluid , 2 , 104.0 , 24.1679677798 , 100 , 8 , 300 , 0.1 , 0.1 , 0.961704446399 , 1000 , 50 , 0.75 , 8 , 6 , 10 , 380.0 , 0 , 6.19649228991 , 8.17 , 59.6465531442 , 17.21875 , 2.07132056302 , 8.0 , 20.5 , 0.08025 , 0.280576703235 , 0.302380952381 , 0.341254992193 , 307.5 , 4.02635569814 , 0.741407159693 , 0.0407037501304 , 7.0 , 225.0 , yes
83 , 9 , fluid , 2 , 0.0 , 0.0172457370033 , 100 , 8 , 300 , 0.1 , 0.1 , 0.961704446399 , 1000 , 10 , 0.5 , 8 , 6 , 10 , 10.5 , 0 , 9.56200716846 , 9.83333333333 , 22.8757624919 , 18.8854166667 , 2.06512022171 , 8.0 , 4.0 , 0.9037 , 0.898243661126 , 0.0 , 0.861678004535 , 4.0 , -0.391042317633 , 0.0701646218147 , 0.00421932855696 , 3.5 , 255.5 , yes
84 , 9 , fluid , 2 , 107.0 , 11.4710029389 , 100 , 8 , 300 , 0.1 , 0.1 , 0.961704446399 , 1000 , 4 , 0.25 , 8 , 6 , 10 , 954.0 , 0 , 14.1179594781 , 10.875 , 25.9138309803 , 15.0729166667 , 2.05186289015 , 8.0 , 43.0 , 0.20975 , 0.280458755437 , 0.0392313851081 , 0.851329363161 , 322.0 , 3.6450370035 , 0.119063977592 , 0.00464758435532 , 5.5 , 216.5 , yes
85 , 9 , fluid , 2 , 140.0 , 8.7771761404 , 100 , 8 , 300 , 0.1 , 0.1 , 0.961704446399 , 1000 , 4 , 0.1 , 8 , 6 , 10 , 1750.0 , 0 , 37.4021312342 , 45.875 , 80.8051471536 , 15.125 , 2.05082552497 , 8.0 , 16.0 , 0.1728 , 0.119627840358 , 0.122907309106 , 0.636465178178 , 977.5 , 3.02274351562 , 0.0922860537066 , 0.00208848918502 , 6.0 , 205.0 , yes
86 , 9 , fluid , 2 , 149.0 , 11.0161851703 , 100 , 8 , 300 , 0.1 , 0.1 , 0.961704446399 , 1000 , 1 , 0.075 , 8 , 6 , 10 , 1874.5 , 0 , 31.5795454545 , nan , 87.8042147903 , 9.77083333333 , 2.05426066805 , 8.0 , 21.0 , 0.13825 , 0.131446087282 , 0.16674451191 , 0.650081825103 , 980.0 , 3.11545508895 , 0.0962743883866 , 0.00252819326044 , 5.5 , 143.0 , yes
87 , 9 , fluid , 2 , 113.0 , 6.24388925288 , 100 , 8 , 300 , 0.1 , 0.1 , 0.961704446399 , 1000 , 1 , 0.05 , 8 , 6 , 10 , 1459.5 , 0 , 47.1076388889 , 87.0 , 99.2066503107 , 13.5 , 2.04486917875 , 8.0 , 16.0 , 0.16195 , 0.129223080853 , 0.0852819807428 , 0.594392472543 , 905.0 , 2.88311341597 , 0.0996538929911 , 0.00323577409017 , 4.5 , 175.5 , yes
88 , 9 , fluid , 2 , 41.0 , 3.68797155473 , 100 , 8 , 300 , 0.1 , 0.1 , 0.961704446399 , 1000 , 1 , 0.025 , 8 , 6 , 10 , 529.5 , 0 , 55.0694444444 , nan , 90.5045519276 , 7.41666666667 , 2.06074810762 , 8.0 , 9.0 , 0.34825 , 0.166186081148 , 0.136111111111 , 0.611683504471 , 254.0 , 1.39208055626 , 0.116910822103 , 0.00328167716114 , 1.5 , 97.5 , yes
89 , 9 , fluid , 2 , 0.0 , 0.00032307736671 , 100 , 8 , 300 , 0.1 , 0.1 , 0.961704446399 , 1000 , 1 , 0.01 , 8 , 6 , 10 , 0.0 , 0 , nan , nan , nan , 1.77083333333 , 1.9253545274 , 8.0 , 0.0 , nan , nan , nan , nan , nan , nan , nan , nan , 0.0 , 27.0 , yes
90 , 10 , random_walk , 2 , 0.0 , 9.56457941829e-06 , 300 , 6 , 200 , 0.1 , 0.1 , 0.958755662467 , 1000 , 50 , 1.0 , 9 , 8 , 10 , 0.0 , 0 , 0.127592299056 , 3.52631578947 , nan , 5.25694444444 , 1.77620122264 , 6.0 , 0.0 , nan , nan , nan , nan , nan , nan , nan , nan , 12.0 , 156.0 , yes
91 , 10 , random_walk , 2 , 0.0 , 0.0 , 300 , 6 , 200 , 0.1 , 0.1 , 0.958755662467 , 1000 , 50 , 0.75 , 9 , 8 , 10 , 0.0 , 0 , 0.547531648548 , nan , nan , 5.53472222222 , 1.76545489694 , 6.0 , 0.0 , nan , nan , nan , nan , nan , nan , nan , nan , 10.5 , 156.0 , yes
92 , 10 , random_walk , 2 , 0.5 , 0.00470627894641 , 300 , 6 , 200 , 0.1 , 0.1 , 0.958755662467 , 1000 , 10 , 0.5 , 9 , 8 , 10 , 3.5 , 0 , 1.01748074423 , 8.84848484848 , 14.6177758319 , 5.875 , 1.76917721826 , 6.0 , 2.5 , 0.7538 , 0.878556097988 , 0.0 , 0.734693877551 , 3.0 , 1.5 , 0.0715350514467 , 0.00510337732926 , 4.0 , 163.0 , yes
93 , 10 , random_walk , 2 , 0.0 , 0.0108877382268 , 300 , 6 , 200 , 0.1 , 0.1 , 0.958755662467 , 1000 , 4 , 0.25 , 9 , 8 , 10 , 8.0 , 0 , 4.75338579815 , 23.625 , 30.30248307 , 10.1111111111 , 1.78262210211 , 6.0 , 3.5 , 0.65715 , 0.740657652657 , 0.875 , 0.493055555556 , 5.0 , 0.701757078175 , 0.0796152216949 , 0.0015770302196 , 6.5 , 305.5 , yes
94 , 10 , random_walk , 2 , 36.0 , 4.08283393497 , 300 , 6 , 200 , 0.1 , 0.1 , 0.958755662467 , 1000 , 4 , 0.1 , 9 , 8 , 10 , 264.5 , 0 , 19.6864365693 , nan , 107.436390271 , 10.4166666667 , 1.78442825659 , 6.0 , 12.5 , 0.3142 , 0.295878217865 , 0.0822622107969 , 0.733901047159 , 114.0 , 2.13880425068 , 0.275162546143 , 0.00587462167653 , 15.0 , 299.0 , yes
95 , 10 , random_walk , 2 , 31.0 , 3.31668203395 , 300 , 6 , 200 , 0.1 , 0.1 , 0.958755662467 , 1000 , 1 , 0.075 , 9 , 8 , 10 , 243.0 , 0 , 33.7674007341 , nan , 103.931926119 , 15.0069444444 , 1.78434800431 , 6.0 , 16.0 , 0.4689 , 0.373606150637 , 0.0607476635514 , 0.864077502328 , 55.5 , 1.290490654 , 0.215425067898 , 0.00760941584234 , 8.0 , 449.0 , yes
96 , 10 , random_walk , 2 , 64.0 , 3.94408997503 , 300 , 6 , 200 , 0.1 , 0.1 , 0.958755662467 , 1000 , 1 , 0.05 , 9 , 8 , 10 , 663.5 , 0 , 50.6196811217 , nan , 107.942057305 , 20.7569444444 , 1.78651383157 , 6.0 , 9.5 , 0.15565 , 0.15725841759 , 0.235399284863 , 0.322393425395 , 543.0 , 2.51382896215 , 0.093203525441 , 0.00227594959628 , 5.0 , 617.0 , yes
97 , 10 , random_walk , 2 , 16.5 , 2.62581746126 , 300 , 6 , 200 , 0.1 , 0.1 , 0.958755662467 , 1000 , 1 , 0.025 , 9 , 8 , 10 , 67.0 , 0 , 23.603431046 , nan , 98.4094273167 , 13.2847222222 , 1.78407139141 , 6.0 , 2.5 , 0.4627 , 0.213344133932 , 0.463768115942 , 0.108405647961 , 63.0 , 0.35042408998 , 0.877674920717 , 0.0284180582307 , 4.0 , 398.0 , yes
98 , 10 , random_walk , 2 , 5.5 , 0.365315207116 , 300 , 6 , 200 , 0.1 , 0.1 , 0.958755662467 , 1000 , 1 , 0.01 , 9 , 8 , 10 , 53.0 , 0 , nan , nan , 97.6512791573 , 7.05555555556 , 1.78283408405 , 6.0 , 1.5 , 0.9995 , 0.999695332524 , 0.0463917525773 , 0.249760867255 , 29.5 , 0.0 , 0.297779850523 , 0.00580536662215 , 2.0 , 203.0 , yes
99 , 11 , random_walk , 2 , 0.0 , 0.000183510085784 , 300 , 2 , 300 , 0.1 , 0.1 , 0.946036971717 , 100 , 50 , 1.0 , 9 , 9 , 10 , 0.0 , 0 , 0.0859165709912 , nan , nan , 1.02469135802 , 0.693128806877 , 2.0 , 0.0 , nan , nan , nan , nan , nan , nan , nan , nan , 5.5 , 165.0 , yes
100 , 11 , random_walk , 2 , 0.0 , 0.000169736889844 , 300 , 2 , 300 , 0.1 , 0.1 , 0.946036971717 , 100 , 50 , 0.75 , 9 , 9 , 10 , 0.0 , 0 , 0.442202532042 , nan , nan , 1.05555555556 , 0.692528812598 , 2.0 , 0.0 , nan , nan , nan , nan , nan , nan , nan , nan , 9.5 , 166.5 , yes
101 , 11 , random_walk , 2 , 3.5 , 0.646517550101 , 300 , 2 , 300 , 0.1 , 0.1 , 0.946036971717 , 100 , 10 , 0.5 , 9 , 9 , 10 , 29.5 , 0 , 1.25317146411 , 5.88636363636 , 30.4257613731 , 1.54320987654 , 0.691117135367 , 2.0 , 5.0 , 0.55985 , 0.457177473192 , 0.105263157895 , 0.420181091827 , 22.5 , 0.861727484432 , 0.0854310187255 , 0.00678100634358 , 9.0 , 235.0 , yes
102 , 11 , random_walk , 2 , 0.0 , 0.00477430570837 , 300 , 2 , 300 , 0.1 , 0.1 , 0.946036971717 , 100 , 4 , 0.25 , 9 , 9 , 10 , 3.5 , 0 , 3.86349214343 , 15.6964285714 , 24.4357142857 , 1.0987654321 , 0.689880303217 , 2.0 , 2.0 , 0.85 , 0.868668396707 , 0.5 , 0.409722222222 , 2.5 , 0.0 , 0.0446023705658 , 0.00336232111621 , 4.5 , 172.5 , yes
103 , 11 , random_walk , 2 , 39.0 , 5.28396713461 , 300 , 2 , 300 , 0.1 , 0.1 , 0.946036971717 , 100 , 4 , 0.1 , 9 , 9 , 10 , 175.5 , 0 , 22.3015249535 , nan , 102.376202805 , 2.17901234568 , 0.692161912777 , 2.0 , 6.5 , 0.22225 , 0.175308931213 , 0.438547486034 , 0.277357936675 , 146.5 , 1.78438519534 , 0.6328382609 , 0.0126547955949 , 10.5 , 339.5 , yes
104 , 11 , random_walk , 2 , 17.5 , 1.67337336437 , 300 , 2 , 300 , 0.1 , 0.1 , 0.946036971717 , 100 , 1 , 0.075 , 9 , 9 , 10 , 124.5 , 0 , 31.3894655527 , nan , 103.454010996 , 3.14814814815 , 0.69196612282 , 2.0 , 4.0 , 0.35375 , 0.225821448082 , 0.731182795699 , 0.288722411046 , 105.0 , 1.11507338594 , 0.151996775785 , 0.00350726126121 , 7.0 , 533.0 , yes
105 , 11 , random_walk , 2 , 0.0 , 8.48682980825e-05 , 300 , 2 , 300 , 0.1 , 0.1 , 0.946036971717 , 100 , 1 , 0.05 , 9 , 9 , 10 , 0.0 , 0 , nan , nan , nan , 1.77160493827 , 0.688484781071 , 2.0 , 0.0 , nan , nan , nan , nan , nan , nan , nan , nan , 4.5 , 262.0 , yes
106 , 11 , random_walk , 2 , 0.0 , 4.46992104459e-05 , 300 , 2 , 300 , 0.1 , 0.1 , 0.946036971717 , 100 , 1 , 0.025 , 9 , 9 , 10 , 0.0 , 0 , nan , nan , nan , 0.783950617284 , 0.691583128264 , 2.0 , 0.0 , nan , nan , nan , nan , nan , nan , nan , nan , 0.0 , 134.5 , yes
107 , 11 , random_walk , 2 , 0.0 , 7.71667095993e-06 , 300 , 2 , 300 , 0.1 , 0.1 , 0.946036971717 , 100 , 1 , 0.01 , 9 , 9 , 10 , 0.0 , 0 , nan , nan , nan , 0.345679012346 , 0.689259642104 , 2.0 , 0.0 , nan , nan , nan , nan , nan , nan , nan , nan , 0.0 , 51.5 , yes
108 , 12 , random_walk , 2 , 0.0 , 0.00031255034775 , 200 , 10 , 100 , 0.1 , 0.1 , 0.921950624653 , 500 , 50 , 1.0 , 8 , 10 , 10 , 0.0 , 0 , 0.109785399409 , 3.83928571429 , nan , 7.09375 , 2.27289804836 , 10.0 , 0.0 , nan , nan , nan , nan , nan , nan , nan , nan , 1.5 , 121.0 , yes
109 , 12 , random_walk , 2 , 0.0 , 0.0 , 200 , 10 , 100 , 0.1 , 0.1 , 0.921950624653 , 500 , 50 , 0.75 , 8 , 10 , 10 , 0.0 , 0 , 0.313540856419 , nan , nan , 6.15625 , 2.26593568657 , 10.0 , 0.0 , nan , nan , nan , nan , nan , nan , nan , nan , 10.5 , 102.5 , yes
110 , 12 , random_walk , 2 , 0.0 , 0.00135075550596 , 200 , 10 , 100 , 0.1 , 0.1 , 0.921950624653 , 500 , 10 , 0.5 , 8 , 10 , 10 , 1.5 , 0 , 1.19503468842 , 8.95 , 29.7433127572 , 7.11875 , 2.26291086091 , 10.0 , 0.5 , 1.0 , 1.0 , 0.0 , 0.0 , 3.0 , 0.0 , 0.0424744099571 , 0.00147643136537 , 6.5 , 131.0 , yes
111 , 12 , random_walk , 2 , 3.0 , 0.209939262804 , 200 , 10 , 100 , 0.1 , 0.1 , 0.921950624653 , 500 , 4 , 0.25 , 8 , 10 , 10 , 28.0 , 0 , 4.34440541727 , 20.9142857143 , 37.3783275548 , 8.4125 , 2.26392664708 , 10.0 , 2.0 , 0.7193 , 0.690955864047 , 0.158536585366 , 0.12 , 27.0 , 0.353553390593 , 0.0710291913185 , 0.00650955479319 , 5.5 , 150.5 , yes
112 , 12 , random_walk , 2 , 13.5 , 0.955108130029 , 200 , 10 , 100 , 0.1 , 0.1 , 0.921950624653 , 500 , 4 , 0.1 , 8 , 10 , 10 , 116.5 , 0 , 18.4333443503 , 45.5416666667 , 74.3223370429 , 17.5 , 2.28451509668 , 10.0 , 7.5 , 0.4014 , 0.373561477004 , 0.529411764706 , 0.650573102843 , 57.0 , 1.55261641463 , 0.105900332982 , 0.00416807321947 , 3.0 , 321.0 , yes
113 , 12 , random_walk , 2 , 0.0 , 0.000230776806975 , 200 , 10 , 100 , 0.1 , 0.1 , 0.921950624653 , 500 , 1 , 0.075 , 8 , 10 , 10 , 0.0 , 0 , nan , nan , nan , 22.65625 , 2.27806765667 , 10.0 , 0.0 , nan , nan , nan , nan , nan , nan , nan , nan , 9.0 , 419.0 , yes
114 , 12 , random_walk , 2 , 5.5 , 0.438060757724 , 200 , 10 , 100 , 0.1 , 0.1 , 0.921950624653 , 500 , 1 , 0.05 , 8 , 10 , 10 , 61.5 , 0 , 37.8077248549 , nan , 104.570338849 , 12.0125 , 2.28239181171 , 10.0 , 2.0 , 0.67825 , 0.584813399861 , 0.460317460317 , 0.0325 , 60.5 , 0.353553390593 , 0.106517087659 , 0.00595900558989 , 6.0 , 213.5 , yes
115 , 12 , random_walk , 2 , 29.0 , 1.80713544305 , 200 , 10 , 100 , 0.1 , 0.1 , 0.921950624653 , 500 , 1 , 0.025 , 8 , 10 , 10 , 400.5 , 0 , nan , nan , 111.238170716 , 19.78125 , 2.29405225671 , 10.0 , 4.0 , 0.57275 , 0.559742512046 , 0.0201298701299 , 0.00904199696407 , 397.0 , 1.02061713797 , 0.0627898220899 , 0.00185095059277 , 3.5 , 371.5 , yes
116 , 12 , random_walk , 2 , 0.0 , 0.000117411557795 , 200 , 10 , 100 , 0.1 , 0.1 , 0.921950624653 , 500 , 1 , 0.01 , 8 , 10 , 10 , 0.0 , 0 , nan , nan , nan , 0.9875 , 2.18727099206 , 10.0 , 0.0 , nan , nan , nan , nan , nan , nan , nan , nan , 0.0 , 19.0 , yes
117 , 13 , random_walk , 2 , 0.0 , 9.47422074112e-06 , 250 , 10 , 100 , 0.1 , 0.1 , 0.949141103222 , 1000 , 50 , 1.0 , 10 , 7 , 10 , 0.0 , 0 , 0.14701185514 , nan , nan , 8.15 , 2.27948750207 , 10.0 , 0.0 , nan , nan , nan , nan , nan , nan , nan , nan , 6.5 , 129.0 , yes
118 , 13 , random_walk , 2 , 0.0 , 0.000177095735075 , 250 , 10 , 100 , 0.1 , 0.1 , 0.949141103222 , 1000 , 50 , 0.75 , 10 , 7 , 10 , 0.0 , 0 , 0.403771872753 , 3.26923076923 , nan , 8.65 , 2.26197623493 , 10.0 , 0.0 , nan , nan , nan , nan , nan , nan , nan , nan , 9.0 , 135.0 , yes
119 , 13 , random_walk , 2 , 0.0 , 0.0 , 250 , 10 , 100 , 0.1 , 0.1 , 0.949141103222 , 1000 , 10 , 0.5 , 10 , 7 , 10 , 0.0 , 0 , 0.920681818182 , nan , nan , 7.32857142857 , 2.25857737931 , 10.0 , 0.0 , nan , nan , nan , nan , nan , nan , nan , nan , 6.5 , 105.0 , yes
120 , 13 , random_walk , 2 , 0.0 , 0.0299348505726 , 250 , 10 , 100 , 0.1 , 0.1 , 0.949141103222 , 1000 , 4 , 0.25 , 10 , 7 , 10 , 3.5 , 0 , nan , 11.0833333333 , nan , 14.3857142857 , 2.28420606748 , 10.0 , 2.0 , 0.95 , 0.961949054673 , 0.25 , 0.472222222222 , 2.0 , 0.0 , 0.0793587755692 , 0.00114312031458 , 18.5 , 210.5 , yes
121 , 13 , random_walk , 2 , 23.5 , 3.99469216543 , 250 , 10 , 100 , 0.1 , 0.1 , 0.949141103222 , 1000 , 4 , 0.1 , 10 , 7 , 10 , 154.5 , 0 , 25.7935160483 , nan , 96.8994005571 , 29.5642857143 , 2.29471545103 , 10.0 , 11.5 , 0.4913 , 0.397472968638 , 0.0754189944134 , 0.815550022909 , 50.0 , 1.29327856686 , 0.286085725609 , 0.0108450359943 , 15.0 , 456.0 , yes
122 , 13 , random_walk , 2 , 13.0 , 1.49493990093 , 250 , 10 , 100 , 0.1 , 0.1 , 0.949141103222 , 1000 , 1 , 0.075 , 10 , 7 , 10 , 92.5 , 0 , 37.4804524062 , nan , 88.297065281 , 31.8142857143 , 2.29832445199 , 10.0 , 8.0 , 0.65425 , 0.580977325927 , 0.132978723404 , 0.806593647126 , 29.0 , 0.911335046253 , 0.131668682313 , 0.00521093848428 , 7.0 , 485.5 , yes
123 , 13 , random_walk , 2 , 28.0 , 2.79737109296 , 250 , 10 , 100 , 0.1 , 0.1 , 0.949141103222 , 1000 , 1 , 0.05 , 10 , 7 , 10 , 214.5 , 0 , 36.6908390738 , nan , 98.7708411447 , 23.7857142857 , 2.28548176794 , 10.0 , 15.5 , 0.4681 , 0.322622809927 , 0.336842105263 , 0.850280696258 , 44.0 , 0.927804002704 , 0.178179761462 , 0.00562903964843 , 12.0 , 383.5 , yes
124 , 13 , random_walk , 2 , 62.5 , 6.1585700513 , 250 , 10 , 100 , 0.1 , 0.1 , 0.949141103222 , 1000 , 1 , 0.025 , 10 , 7 , 10 , 640.0 , 0 , nan , nan , 106.246637879 , 27.7642857143 , 2.29197219239 , 10.0 , 5.0 , 0.51635 , 0.515415984542 , 0.000783085356304 , 0.251239305993 , 620.5 , 1.13260858125 , 0.0844676529507 , 0.00191570328843 , 6.5 , 424.5 , yes
125 , 13 , random_walk , 2 , 0.5 , 0.00245879542874 , 250 , 10 , 100 , 0.1 , 0.1 , 0.949141103222 , 1000 , 1 , 0.01 , 10 , 7 , 10 , 1.0 , 0 , nan , nan , 72.7754237288 , 7.02142857143 , 2.2781529897 , 10.0 , 0.5 , 1.0 , 1.0 , 0.0 , 0.0 , 2.0 , 0.0 , 0.0962450667445 , 0.00688258127027 , 1.0 , 100.5 , yes
126 , 14 , random_walk , 2 , 0.0 , 0.000417072194245 , 300 , 6 , 250 , 0.1 , 0.1 , 0.988864988702 , 500 , 50 , 1.0 , 8 , 10 , 10 , 0.0 , 0 , 0.0942468712471 , 5.05 , nan , 5.175 , 1.78535088005 , 6.0 , 0.0 , nan , nan , nan , nan , nan , nan , nan , nan , 6.0 , 165.5 , yes
127 , 14 , random_walk , 2 , 0.0 , 0.0 , 300 , 6 , 250 , 0.1 , 0.1 , 0.988864988702 , 500 , 50 , 0.75 , 8 , 10 , 10 , 0.0 , 0 , 0.483055436184 , 6.60526315789 , nan , 4.275 , 1.77417198123 , 6.0 , 0.0 , nan , nan , nan , nan , nan , nan , nan , nan , 7.5 , 147.5 , yes
128 , 14 , random_walk , 2 , 0.0 , 0.000355221334846 , 300 , 6 , 250 , 0.1 , 0.1 , 0.988864988702 , 500 , 10 , 0.5 , 8 , 10 , 10 , 0.0 , 0 , 0.965123865837 , 8.75 , nan , 3.9375 , 1.76993857574 , 6.0 , 0.0 , nan , nan , nan , nan , nan , nan , nan , nan , 7.5 , 122.0 , yes
129 , 14 , random_walk , 2 , 2.5 , 0.117163448586 , 300 , 6 , 250 , 0.1 , 0.1 , 0.988864988702 , 500 , 4 , 0.25 , 8 , 10 , 10 , 16.0 , 0 , 3.8371241932 , 27.875 , 36.925010352 , 8.425 , 1.780078295 , 6.0 , 3.0 , 0.85215 , 0.905043690188 , 0.0869565217391 , 0.358024691358 , 13.5 , 0.575024667831 , 0.0721439035675 , 0.00173431879044 , 8.0 , 259.5 , yes
130 , 14 , random_walk , 2 , 1.0 , 0.0391764295269 , 300 , 6 , 250 , 0.1 , 0.1 , 0.988864988702 , 500 , 4 , 0.1 , 8 , 10 , 10 , 14.5 , 0 , 21.0503248858 , nan , 79.1020438144 , 12.225 , 1.7755806679 , 6.0 , 2.5 , 0.6494 , 0.580952720705 , 0.0 , 0.692033293698 , 13.0 , 0.634516770022 , 0.0433271543888 , 0.002372851025 , 7.5 , 389.0 , yes
131 , 14 , random_walk , 2 , 1.5 , 0.179839228657 , 300 , 6 , 250 , 0.1 , 0.1 , 0.988864988702 , 500 , 1 , 0.075 , 8 , 10 , 10 , 34.5 , 0 , 27.6438916109 , nan , 91.7103748609 , 17.23125 , 1.78510009125 , 6.0 , 5.0 , 0.68135 , 0.536287379436 , 0.269230769231 , 0.662749895194 , 13.5 , -0.1107159108 , 0.0509303198536 , 0.00270135358809 , 7.0 , 561.5 , yes
132 , 14 , random_walk , 2 , 0.0 , 0.000175510128184 , 300 , 6 , 250 , 0.1 , 0.1 , 0.988864988702 , 500 , 1 , 0.05 , 8 , 10 , 10 , 0.0 , 0 , nan , nan , nan , 20.15625 , 1.78541296948 , 6.0 , 0.0 , nan , nan , nan , nan , nan , nan , nan , nan , 5.0 , 658.5 , yes
133 , 14 , random_walk , 2 , 11.0 , 1.11696904384 , 300 , 6 , 250 , 0.1 , 0.1 , 0.988864988702 , 500 , 1 , 0.025 , 8 , 10 , 10 , 110.0 , 0 , 37.2078918524 , nan , 106.358214483 , 14.1875 , 1.78300993432 , 6.0 , 4.0 , 0.4525 , 0.1899405679 , 0.326315789474 , 0.314561418283 , 75.5 , 0.396140554416 , 0.474341610195 , 0.0120287747264 , 2.5 , 463.5 , yes
134 , 14 , random_walk , 2 , 0.0 , 0.0 , 300 , 6 , 250 , 0.1 , 0.1 , 0.988864988702 , 500 , 1 , 0.01 , 8 , 10 , 10 , 0.0 , 0 , nan , nan , nan , 3.20625 , 1.78207303167 , 6.0 , 0.0 , nan , nan , nan , nan , nan , nan , nan , nan , 0.0 , 99.5 , yes
135 , 15 , random_walk , 2 , 0.0 , 0.0 , 100 , 8 , 300 , 0.1 , 0.1 , 0.91301712164 , 100 , 50 , 1.0 , 6 , 9 , 10 , 0.0 , 0 , 0.14668652271 , nan , nan , 3.13888888889 , 1.96908293613 , 8.0 , 0.0 , nan , nan , nan , nan , nan , nan , nan , nan , 3.5 , 57.0 , yes
136 , 15 , random_walk , 2 , 0.0 , 0.0 , 100 , 8 , 300 , 0.1 , 0.1 , 0.91301712164 , 100 , 50 , 0.75 , 6 , 9 , 10 , 0.0 , 0 , 0.317470664928 , nan , nan , 3.64814814815 , 1.96083928952 , 8.0 , 0.0 , nan , nan , nan , nan , nan , nan , nan , nan , 6.5 , 54.0 , yes
137 , 15 , random_walk , 2 , 0.0 , 0.000290094410696 , 100 , 8 , 300 , 0.1 , 0.1 , 0.91301712164 , 100 , 10 , 0.5 , 6 , 9 , 10 , 0.5 , 0 , 1.5700280112 , nan , 16.9057377049 , 2.67592592593 , 2.00493971729 , 8.0 , 0.5 , 1.0 , 1.0 , 0.0 , 0.0 , 1.0 , 0.0 , 0.0846235218323 , 0.00255998608687 , 7.0 , 39.0 , yes
138 , 15 , random_walk , 2 , 0.0 , 0.000438699223404 , 100 , 8 , 300 , 0.1 , 0.1 , 0.91301712164 , 100 , 4 , 0.25 , 6 , 9 , 10 , 1.0 , 0 , 6.37062443541 , nan , 32.3818181818 , 5.75925925926 , 2.04849271713 , 8.0 , 1.0 , 1.0 , 1.0 , 0.0 , 0.5 , 1.0 , 0.0 , 0.0215516736451 , 0.00218432287152 , 10.0 , 93.0 , yes
139 , 15 , random_walk , 2 , 0.0 , 3.88720443215e-05 , 100 , 8 , 300 , 0.1 , 0.1 , 0.91301712164 , 100 , 4 , 0.1 , 6 , 9 , 10 , 0.0 , 0 , nan , nan , nan , 10.8148148148 , 2.0455896107 , 8.0 , 0.0 , nan , nan , nan , nan , nan , nan , nan , nan , 7.0 , 161.5 , yes
140 , 15 , random_walk , 2 , 4.5 , 0.150766039751 , 100 , 8 , 300 , 0.1 , 0.1 , 0.91301712164 , 100 , 1 , 0.075 , 6 , 9 , 10 , 21.0 , 0 , 41.4462843137 , nan , 98.969047619 , 12.8055555556 , 2.0591645621 , 8.0 , 1.0 , 1.0 , 1.0 , 0.117647058824 , 0.0 , 21.0 , 0.0 , 0.0841559289826 , 0.00661868623201 , 9.5 , 183.5 , yes
141 , 15 , random_walk , 2 , 0.5 , 0.0282285444975 , 100 , 8 , 300 , 0.1 , 0.1 , 0.91301712164 , 100 , 1 , 0.05 , 6 , 9 , 10 , 21.5 , 0 , 38.5292145594 , nan , 106.167114094 , 15.9722222222 , 2.06388552148 , 8.0 , 1.0 , 1.0 , 1.0 , 0.36 , 0.0 , 21.5 , 0.0 , 0.0913274676458 , 0.00107836923798 , 7.5 , 249.5 , yes
142 , 15 , random_walk , 2 , 0.0 , 0.0 , 100 , 8 , 300 , 0.1 , 0.1 , 0.91301712164 , 100 , 1 , 0.025 , 6 , 9 , 10 , 0.0 , 0 , nan , nan , nan , 2.76851851852 , 1.9382393086 , 8.0 , 0.0 , nan , nan , nan , nan , nan , nan , nan , nan , 0.0 , 41.5 , yes
143 , 15 , random_walk , 2 , 0.0 , 0.0 , 100 , 8 , 300 , 0.1 , 0.1 , 0.91301712164 , 100 , 1 , 0.01 , 6 , 9 , 10 , 0.0 , 0 , nan , nan , nan , 0.351851851852 , 1.33217904021 , 4.0 , 0.0 , nan , nan , nan , nan , nan , nan , nan , nan , 0.0 , 5.0 , yes
144 , 16 , fluid , 2 , 0.0 , 0.0 , 200 , 8 , 100 , 0.1 , 0.1 , 0.932828305171 , 1000 , 50 , 1.0 , 7 , 7 , 10 , 0.0 , 0 , 3.88751172058 , nan , nan , 29.1224489796 , 2.07226424751 , 8.0 , 0.0 , nan , nan , nan , nan , nan , nan , nan , nan , 2.5 , 398.5 , yes
145 , 16 , fluid , 2 , 0.0 , 0.0 , 200 , 8 , 100 , 0.1 , 0.1 , 0.932828305171 , 1000 , 50 , 0.75 , 7 , 7 , 10 , 0.0 , 0 , 5.21526755032 , 5.26666666667 , nan , 28.6326530612 , 2.07492690096 , 8.0 , 0.0 , nan , nan , nan , nan , nan , nan , nan , nan , 3.0 , 400.5 , yes
146 , 16 , fluid , 2 , 53.5 , 11.2438328403 , 200 , 8 , 100 , 0.1 , 0.1 , 0.932828305171 , 1000 , 10 , 0.5 , 7 , 7 , 10 , 201.0 , 0 , 7.57049370131 , 8.0 , 20.6285574086 , 28.5306122449 , 2.07131975567 , 8.0 , 9.5 , 0.1364 , 0.252784850276 , 0.286919831224 , 0.20595851157 , 180.5 , 2.55756513604 , 0.81472498957 , 0.0124692090725 , 3.5 , 409.0 , yes
147 , 16 , fluid , 2 , 2.5 , 0.0542734890299 , 200 , 8 , 100 , 0.1 , 0.1 , 0.932828305171 , 1000 , 4 , 0.25 , 7 , 7 , 10 , 33.5 , 0 , 13.208085125 , 12.0 , 23.5305098354 , 30.193877551 , 2.07524655784 , 8.0 , 7.0 , 0.63175 , 0.533777525819 , 0.464285714286 , 0.685858501464 , 10.5 , 0.316005658003 , 0.0680017691809 , 0.00312708957891 , 3.5 , 415.0 , yes
148 , 16 , fluid , 2 , 84.0 , 10.2928986095 , 200 , 8 , 100 , 0.1 , 0.1 , 0.932828305171 , 1000 , 4 , 0.1 , 7 , 7 , 10 , 398.5 , 0 , 24.9521341234 , 26.125 , 92.0023440676 , 22.4081632653 , 2.06176841329 , 8.0 , 16.5 , 0.1248 , 0.249427458703 , 0.294956140351 , 0.470001283199 , 259.5 , 3.09462932811 , 0.805907015572 , 0.0197503412425 , 4.0 , 329.5 , yes
149 , 16 , fluid , 2 , 80.0 , 7.35544203386 , 200 , 8 , 100 , 0.1 , 0.1 , 0.932828305171 , 1000 , 1 , 0.075 , 7 , 7 , 10 , 603.0 , 0 , 16.6455490578 , 52.0 , 56.3364051888 , 10.7857142857 , 2.05621547865 , 8.0 , 16.5 , 0.1835 , 0.173237847169 , 0.378542510121 , 0.648479181499 , 324.5 , 2.8381184539 , 0.559580083093 , 0.0122420814472 , 2.5 , 148.5 , yes
150 , 16 , fluid , 2 , 110.5 , 11.0432407186 , 200 , 8 , 100 , 0.1 , 0.1 , 0.932828305171 , 1000 , 1 , 0.05 , 7 , 7 , 10 , 1148.0 , 0 , 20.1107000235 , nan , 89.9650574127 , 7.68367346939 , 2.02251916066 , 8.0 , 15.5 , 0.1223 , 0.138930803146 , 0.194545454545 , 0.466417919061 , 774.5 , 2.77718640787 , 0.322414389255 , 0.00512080379297 , 5.0 , 109.5 , yes
151 , 16 , fluid , 2 , 29.5 , 2.32289547796 , 200 , 8 , 100 , 0.1 , 0.1 , 0.932828305171 , 1000 , 1 , 0.025 , 7 , 7 , 10 , 247.5 , 0 , 39.748716303 , nan , 101.323566641 , 11.8571428571 , 2.05603304283 , 8.0 , 7.0 , 0.20215 , 0.181223074424 , 1.18076923077 , 0.240652686373 , 211.5 , 1.95582141196 , 0.183014164864 , 0.0103560102603 , 1.5 , 169.0 , yes
152 , 16 , fluid , 2 , 0.0 , 0.000130561179408 , 200 , 8 , 100 , 0.1 , 0.1 , 0.932828305171 , 1000 , 1 , 0.01 , 7 , 7 , 10 , 0.0 , 0 , nan , nan , nan , 2.89795918367 , 1.95455839093 , 8.0 , 0.0 , nan , nan , nan , nan , nan , nan , nan , nan , 2.0 , 36.0 , yes
153 , 17 , random_walk , 2 , 0.0 , 0.000220909604448 , 200 , 1 , 150 , 0.1 , 0.1 , 0.907948087264 , 100 , 50 , 1.0 , 8 , 9 , 10 , 0.0 , 0 , 0.198032237806 , 2.125 , nan , 0.0 , 0.0 , 1.0 , 0.0 , nan , nan , nan , nan , nan , nan , nan , nan , 5.0 , 119.0 , yes
154 , 17 , random_walk , 2 , 0.0 , 0.00013111099777 , 200 , 1 , 150 , 0.1 , 0.1 , 0.907948087264 , 100 , 50 , 0.75 , 8 , 9 , 10 , 0.0 , 0 , nan , nan , nan , 0.0 , 0.0 , 1.0 , 0.0 , nan , nan , nan , nan , nan , nan , nan , nan , 4.5 , 129.0 , yes
155 , 17 , random_walk , 2 , 0.0 , 0.00174786253554 , 200 , 1 , 150 , 0.1 , 0.1 , 0.907948087264 , 100 , 10 , 0.5 , 8 , 9 , 10 , 1.0 , 0 , 1.81745501661 , 12.8626373626 , 37.5825163399 , 0.0 , 0.0 , 1.0 , 0.5 , 1.0 , 1.0 , 0.0 , 0.0 , 2.0 , 0.0 , 0.073132884485 , 0.00180615557557 , 6.5 , 184.5 , yes
156 , 17 , random_walk , 2 , 0.5 , 0.00407649901114 , 200 , 1 , 150 , 0.1 , 0.1 , 0.907948087264 , 100 , 4 , 0.25 , 8 , 9 , 10 , 2.0 , 0 , 5.40195132755 , nan , 30.01 , 0.0 , 0.0 , 1.0 , 1.5 , 0.8889 , 0.932286320469 , 0.0 , 0.625 , 2.0 , 0.707106781187 , 0.0534551162643 , 0.00305298288102 , 6.5 , 139.0 , yes
157 , 17 , random_walk , 2 , 14.5 , 1.38430402323 , 200 , 1 , 150 , 0.1 , 0.1 , 0.907948087264 , 100 , 4 , 0.1 , 8 , 9 , 10 , 79.0 , 0 , 22.2346798951 , nan , 101.14788123 , 0.0 , 0.0 , 1.0 , 1.5 , 0.75545 , 0.561494884215 , 0.349462365591 , 0.0106370678691 , 78.5 , 0.0 , 0.098329730802 , 0.00328659818766 , 11.0 , 396.5 , yes
158 , 17 , random_walk , 2 , 15.0 , 1.32249362399 , 200 , 1 , 150 , 0.1 , 0.1 , 0.907948087264 , 100 , 1 , 0.075 , 8 , 9 , 10 , 120.5 , 0 , 39.140569041 , nan , 100.339928646 , 0.0 , 0.0 , 1.0 , 3.5 , 0.4251 , 0.210398361836 , 0.715053763441 , 0.309279617737 , 99.0 , 0.701240837504 , 0.0672096437435 , 0.00397079962753 , 12.0 , 405.5 , yes
159 , 17 , random_walk , 2 , 11.5 , 0.701908014919 , 200 , 1 , 150 , 0.1 , 0.1 , 0.907948087264 , 100 , 1 , 0.05 , 8 , 9 , 10 , 123.0 , 0 , 29.5925 , nan , 109.665788573 , 0.0 , 0.0 , 1.0 , 2.0 , 0.59785 , 0.405834001063 , 0.691919191919 , 0.162164941562 , 112.5 , 0.0 , 0.0720012254496 , 0.00547570465435 , 8.5 , 569.5 , yes
160 , 17 , random_walk , 2 , 0.0 , 0.0 , 200 , 1 , 150 , 0.1 , 0.1 , 0.907948087264 , 100 , 1 , 0.025 , 8 , 9 , 10 , 0.0 , 0 , nan , nan , nan , 0.0 , 0.0 , 1.0 , 0.0 , nan , nan , nan , nan , nan , nan , nan , nan , 1.0 , 23.5 , yes
161 , 17 , random_walk , 2 , 0.0 , 0.0 , 200 , 1 , 150 , 0.1 , 0.1 , 0.907948087264 , 100 , 1 , 0.01 , 8 , 9 , 10 , 0.0 , 0 , nan , nan , nan , 0.0 , 0.0 , 1.0 , 0.0 , nan , nan , nan , nan , nan , nan , nan , nan , 0.0 , 20.0 , yes
162 , 18 , random_walk , 2 , 0.0 , 0.000153133479948 , 150 , 1 , 100 , 0.1 , 0.1 , 0.986237502177 , 500 , 50 , 1.0 , 6 , 5 , 10 , 0.0 , 0 , 0.283159866926 , 3.02083333333 , nan , 0.0 , 0.0 , 1.0 , 0.0 , nan , nan , nan , nan , nan , nan , nan , nan , 6.0 , 86.5 , yes
163 , 18 , random_walk , 2 , 0.0 , 0.0 , 150 , 1 , 100 , 0.1 , 0.1 , 0.986237502177 , 500 , 50 , 0.75 , 6 , 5 , 10 , 0.0 , 0 , 0.240836306064 , nan , nan , 0.0 , 0.0 , 1.0 , 0.0 , nan , nan , nan , nan , nan , nan , nan , nan , 3.5 , 63.5 , yes
164 , 18 , random_walk , 2 , 0.0 , 0.00755437863612 , 150 , 1 , 100 , 0.1 , 0.1 , 0.986237502177 , 500 , 10 , 0.5 , 6 , 5 , 10 , 3.0 , 0 , 0.82208410405 , 6.36923076923 , 14.1786427146 , 0.0 , 0.0 , 1.0 , 1.5 , 0.9 , 0.906719342034 , 0.75 , 0.1875 , 2.5 , 0.0 , 0.0474712755291 , 0.00275249592578 , 4.0 , 73.0 , yes
165 , 18 , random_walk , 2 , 0.0 , 0.00125914132638 , 150 , 1 , 100 , 0.1 , 0.1 , 0.986237502177 , 500 , 4 , 0.25 , 6 , 5 , 10 , 1.0 , 0 , 3.39286125504 , 17.9 , 32.8997005988 , 0.0 , 0.0 , 1.0 , 0.5 , 1.0 , 1.0 , 0.0 , 0.0 , 2.0 , 0.0 , 0.0658323830018 , 0.00153448205119 , 5.5 , 91.0 , yes
166 , 18 , random_walk , 2 , 8.0 , 0.760277351834 , 150 , 1 , 100 , 0.1 , 0.1 , 0.986237502177 , 500 , 4 , 0.1 , 6 , 5 , 10 , 51.0 , 0 , 15.2968140867 , nan , 61.7629230228 , 0.0 , 0.0 , 1.0 , 3.0 , 0.67865 , 0.696433493368 , 3.6 , 0.424191871456 , 39.0 , 0.562344101129 , 0.115242104101 , 0.00421517816312 , 6.5 , 80.5 , yes
167 , 18 , random_walk , 2 , 24.5 , 2.44949607433 , 150 , 1 , 100 , 0.1 , 0.1 , 0.986237502177 , 500 , 1 , 0.075 , 6 , 5 , 10 , 154.0 , 0 , 24.8339881658 , nan , 93.04948086 , 0.0 , 0.0 , 1.0 , 6.0 , 0.49155 , 0.385569813107 , 0.518292682927 , 0.572510810662 , 73.0 , 0.798889308838 , 0.0696027744946 , 0.00287465452236 , 6.5 , 191.5 , yes
168 , 18 , random_walk , 2 , 5.5 , 1.04351809104 , 150 , 1 , 100 , 0.1 , 0.1 , 0.986237502177 , 500 , 1 , 0.05 , 6 , 5 , 10 , 88.5 , 0 , 28.4049698795 , nan , 85.332159837 , 0.0 , 0.0 , 1.0 , 3.0 , 0.54715 , 0.462907017958 , 0.291262135922 , 0.318256664391 , 71.5 , 0.543862598421 , 0.0558109544032 , 0.00339483931148 , 7.0 , 269.0 , yes
169 , 18 , random_walk , 2 , 0.0 , 0.0 , 150 , 1 , 100 , 0.1 , 0.1 , 0.986237502177 , 500 , 1 , 0.025 , 6 , 5 , 10 , 0.5 , 0 , nan , nan , 70.3606557377 , 0.0 , 0.0 , 1.0 , 0.5 , 1.0 , 1.0 , 0.0 , 0.0 , 1.0 , 0.0 , 0.0557758749808 , 0.00408067754539 , 4.0 , 184.0 , yes
