1, 5, 4, 2, 3, 11, 6, 17, 16, 12, 8, 7, 333, 226, 150, 143, 125, 115, 100, 74, 69, 63, 55, 54, 46, 40, 29, 27, 23, 22, 19, 18, 14
1, 5, 3, 2, 4, 9, 7, 6, 177, 28, 27, 23, 22, 19, 13, 161, 160, 151, 87, 83, 81, 80, 54, 42, 38, 36, 30, 21, 16, 14, 11, 10, 8
1, 2, 3, 37, 15, 9, 5, 256, 44, 38, 31, 23, 19, 13, 11, 10, 8, 227, 135, 128, 113, 76, 59, 58, 57, 56, 51, 47, 39, 34, 32, 30, 24, 20, 17, 14, 7, 4
55, 15, 1, 2, 142, 65, 49, 47, 43, 39, 30, 24, 22, 14, 13, 7, 6, 5
2, 14, 7, 3, 13, 1, 10, 342, 137, 78, 69, 51, 49, 46, 45, 43, 35, 33, 31, 29, 27, 25, 18, 15, 12, 8, 5
2, 1, 3, 7, 173, 15, 30, 29, 21, 5, 4
51, 7, 1, 2, 3, 10, 46, 28, 24, 21, 8, 78, 23, 15, 13
19, 22, 3, 46, 8, 29, 2, 13, 48, 28, 14, 7
37, 48, 10
1, 2, 10, 9, 7, 5, 4, 3, 90, 79, 69, 64, 60, 42, 25, 18, 17, 14, 11
1, 6, 2, 8, 3, 4, 183, 48, 47, 44, 42, 13, 12, 10, 5
1, 3, 6, 221, 96, 93, 52, 44, 27, 25, 14, 12, 10, 9, 5
79, 3, 1, 7, 2, 343, 39, 4, 125, 27, 23, 21, 13, 11, 8, 6
1, 13, 7, 5, 24, 30, 48, 12, 10, 4
1, 13, 2, 7, 86, 234, 15, 426, 126, 124, 68, 64, 30, 25, 19, 16, 12, 9, 8, 6
1, 3, 31, 2, 25, 23, 5, 4
1, 61, 56, 4, 2
1, 48, 70
2, 1, 4, 9, 3, 15, 10, 279, 212, 149, 84, 71, 69, 58, 50, 16, 6
4, 2, 1, 6, 25, 14, 3, 9, 234, 159, 134, 126, 100, 95, 92, 75, 74, 70, 54, 33, 29, 21, 18, 15, 13, 11, 8, 5
1, 21, 3, 2, 6, 5, 271, 154, 113, 93, 88, 70, 48, 36, 34, 32, 15, 14, 9, 7, 4
4, 42, 25, 35, 5, 2, 1, 210, 133, 23, 19, 14, 282, 44, 12, 8, 3
2, 1, 4, 217, 6, 3, 17
1, 195, 23, 337, 6, 62, 50, 2
72, 1, 115, 6, 2, 61, 40, 39
17, 28, 41
7,
1, 3, 2, 6, 17, 9, 170, 139, 128, 117, 98, 96, 93, 92, 36, 27, 24, 11, 8, 5, 4
1, 9, 2, 6, 4, 33, 20, 8, 3, 135, 114, 78, 37, 27, 22, 21, 16, 15, 11, 10, 5
11, 1, 2, 4, 199, 79, 72, 40, 35, 32, 27, 26, 20, 14, 9, 6, 5, 3
4, 11, 8, 3, 2, 1, 6, 39, 88, 58, 49, 25, 23, 17, 16, 9, 7, 5
1, 4, 75, 5, 17, 7, 50, 19, 18, 9, 3, 2
5, 3, 6, 1, 16, 11, 12, 8, 121, 51, 7, 61, 20, 33, 21, 184, 179, 75, 62, 34, 25, 14, 2
9, 4, 1, 10, 16, 6, 56, 11, 3, 21, 2
4, 23, 1, 9, 2, 21, 81, 50, 6, 5, 164, 96, 63, 8, 7
1, 2, 56
1, 3, 2, 5, 20, 4, 9, 8, 65, 26, 196, 171, 89, 85, 69, 60, 51, 44, 42, 39, 32, 17, 12, 7
1, 2, 5, 4, 11, 10, 9, 3, 12, 8, 13, 155, 148, 79, 67, 60, 45, 36, 29, 28, 24, 21, 19, 18, 15, 14, 7, 6
1, 4, 5, 16, 3, 2, 159, 13, 181, 12, 9, 116, 79, 67, 31, 20, 11, 8, 7, 6
3, 141, 2, 5, 76, 100, 10, 1, 11, 7, 36, 15, 12, 4, 197, 164, 157, 120, 55, 49, 45, 43, 41, 23, 22, 20, 14, 9, 8, 6
2, 7, 10, 5, 18, 3, 1, 60, 130, 33, 4, 112, 47, 28, 19, 16, 15, 14, 12, 11
5, 13, 21, 2, 12, 3, 11, 1, 72, 9, 41, 24, 15, 14, 10, 6
18, 2, 12, 13, 5, 37, 15, 1, 4, 17, 9, 3, 31, 11, 280, 52, 36, 33, 28, 25, 14
4, 7, 2, 3, 13, 12, 89, 8, 15, 1, 117, 10, 9
360, 8, 1, 18, 50, 107, 3
1, 3, 2, 5, 4, 7, 6, 12, 88, 44, 21, 11, 9, 326, 169, 133, 106, 95, 94, 92, 89, 81, 80, 71, 67, 60, 54, 43, 37, 36, 35, 33, 29, 28, 24, 20, 19, 17, 15, 13, 8
1, 2, 12, 67, 7, 6, 4, 3, 29, 21, 14, 13, 10, 9, 5, 45, 43, 33, 22, 18, 177, 175, 167, 113, 95, 69, 66, 65, 62, 61, 60, 55, 49, 38, 32, 26, 25, 24, 20, 19, 17, 16, 15, 11
1, 14, 45, 7, 2, 28, 9, 5, 4, 3, 85, 24, 6, 67, 27, 26, 608, 108, 105, 68, 66, 61, 31, 29, 21, 20, 19, 15, 13, 12, 11, 10, 8
32, 3, 26, 14, 7, 2, 1, 147, 29, 10, 5, 98, 23, 9, 12, 6, 103, 74, 16, 4, 441, 132, 129, 93, 71, 51, 24, 22, 20, 17, 13, 8
7, 14, 72, 29, 1, 2, 10, 9, 3, 107, 81, 13, 4, 309, 166, 137, 82, 57, 35, 34, 33, 30, 22, 19, 12
2, 5, 3, 28, 7, 169, 1, 27, 22, 16, 4, 14, 63, 9, 8, 151, 150, 108, 100, 59, 56, 34, 21, 18, 13, 11, 6
13, 5, 3, 2, 45, 34, 7, 10, 1, 44, 183, 60, 31, 23, 18, 15, 8
3, 38, 13, 14, 7, 2, 125, 60, 12, 5, 49, 1, 74, 34, 28, 21, 45, 37, 30, 29, 26
3, 13, 9, 35, 7, 56, 5, 198, 2, 27
1, 2, 3, 6, 4, 14, 7, 22, 18, 9, 243, 91, 50, 46, 43, 36, 35, 20, 19, 13, 12, 10, 5
1, 2, 3, 45, 19, 14, 13, 11, 10, 8, 5, 4, 179, 142, 68, 59, 32, 27, 26, 18, 17, 6
1, 2, 5, 3, 13, 11, 6, 218, 170, 133, 96, 74, 53, 46, 40, 35, 19, 15, 12, 9, 8, 7
18, 1, 9, 5, 114, 79, 63, 53, 31, 21, 15, 13, 12, 11, 10, 7, 4, 3, 2
2, 5, 153, 117, 34, 18, 15, 9, 6
1, 18, 2, 165, 65, 49, 28, 12, 10, 5
2, 5, 11, 10, 25, 17, 13
9, 2, 28, 27, 11, 6
11, 5
1, 2, 3, 16, 4, 6, 18, 5, 22, 8, 56, 42, 27, 23, 12, 174, 109, 78, 76, 61, 54, 45, 39, 33, 31, 30, 28, 25, 19, 15, 13, 11, 7
1, 3, 18, 11, 5, 4, 2, 6, 28, 10, 7, 36, 24, 21, 19, 12, 9, 167, 153, 126, 117, 109, 104, 86, 68, 65, 57, 45, 41, 38, 32, 20, 17, 16, 13
1, 5, 8, 2, 4, 3, 42, 87, 48, 19, 9, 116, 74, 70, 66, 51, 50, 45, 44, 32, 28, 24, 23, 21, 20, 15, 14, 13, 11, 10
1, 18, 41, 2, 52, 16, 37, 4, 3, 13, 82, 40, 27, 12, 8, 189, 128, 125, 110, 105, 89, 59, 48, 44, 42, 31, 28, 20, 15, 11, 9, 7, 6, 5
1, 17, 6, 2, 75, 14, 11, 3, 4, 69, 10, 9, 120, 116, 72, 63, 52, 46, 40, 36, 34, 31, 23, 22, 19, 18, 15, 8, 5
1, 6, 3, 9, 2, 16, 5, 163, 4, 55, 40, 12, 11, 22, 354, 220, 126, 120, 73, 54, 48, 30, 20, 17, 14
5, 1, 4, 234, 3, 12, 29, 18, 58, 9, 59, 91, 37, 32, 21, 11, 2, 103, 6, 90, 45, 14
7, 5, 6, 14, 55, 15, 12, 11, 3, 2, 1
14, 11, 5, 6, 30, 92, 51, 20, 167, 48, 31, 26, 21, 9, 4, 1
1, 3, 2, 6, 5, 4, 17, 85, 65, 27, 26, 25, 22, 20, 18, 12, 10, 9, 8, 7, 187, 135, 99, 98, 69, 62, 47, 45, 38, 37, 36, 33, 21, 13
1, 2, 3, 8, 9, 7, 6, 4, 13, 61, 34, 33, 14, 5, 185, 150, 137, 134, 128, 125, 85, 81, 63, 59, 57, 56, 49, 40, 37, 32, 28, 27, 19, 17, 16, 11
1, 4, 2, 27, 21, 3, 240, 11, 9, 5, 57, 34, 24, 12, 7, 193, 166, 150, 138, 118, 113, 92, 86, 80, 75, 64, 54, 50, 48, 44, 39, 38, 36, 33, 31, 30, 23, 19, 13, 6
2, 14, 1, 30, 3, 83, 143, 31, 16, 9, 19, 11, 8, 6, 4, 23, 12, 275, 107, 56, 54, 46, 41, 38, 26, 22, 20, 18
1, 2, 13, 64, 3, 69, 78, 8, 7, 6, 4, 256, 234, 26, 15, 14, 10
1, 2, 4, 21, 30, 3, 93, 64, 28, 25, 24, 23, 22, 11, 9, 7, 6
1, 8, 2, 9, 4, 11, 81, 3, 120, 102, 87, 71, 51, 42, 34, 15, 14
1, 2, 3, 14, 21, 191, 25, 8, 4, 272, 67, 54
1, 11, 27, 3
1, 4, 2, 5, 13, 52, 50, 40, 10, 9, 6, 3, 119, 115, 106, 103, 79, 73, 72, 66, 64, 59, 57, 53, 47, 31, 24, 22, 21, 16, 15, 14, 12
1, 2, 3, 4, 61, 10, 6, 5, 49, 16, 9, 8, 7, 172, 104, 60, 52, 43, 39, 36, 34, 33, 31, 23, 19, 18, 14, 12
1, 3, 58, 2, 119, 13, 60, 53, 23, 8, 5, 4, 148, 65, 59, 43, 39, 35, 26, 25, 15, 14, 11, 9, 7, 6
1, 4, 173, 21, 5, 3, 2, 13, 6, 10, 61, 17, 9, 357, 156, 105, 101, 63, 44, 43, 42, 33, 28, 24, 23, 22, 20, 18, 16, 15
1, 3, 41, 15, 4, 101, 34, 30, 24, 20, 12, 7, 250, 65, 61, 48, 43, 35, 23, 21, 11, 8, 2
1, 47, 3, 41, 2, 35, 10, 9, 8, 36, 76, 29, 6, 62, 39, 31, 27, 15, 14, 12
1, 2, 80, 5, 3, 24, 13, 4, 223, 201, 41, 38, 31, 14, 10
1, 30, 99, 3, 12, 4, 11, 2, 15, 77, 157, 79, 60, 45, 23, 9, 5
1, 38, 24, 3, 75, 40, 95, 10
1, 3, 21, 8, 2, 72, 9, 26, 25, 24, 18, 15, 13, 12, 7, 5, 245, 193, 175, 132, 125, 94, 81, 74, 64, 63, 60, 54, 53, 46, 40, 36, 31, 27, 22, 16, 10
1, 2, 4, 15, 3, 26, 6, 5, 38, 29, 14, 12, 10, 7, 77, 65, 64, 52, 46, 40, 36, 35, 31, 25, 23, 21, 17, 16, 9, 8
1, 2, 4, 26, 14, 7, 3, 13, 12, 11, 10, 9, 6, 5, 230, 96, 52, 49, 45, 33, 32, 30, 22, 15, 8
3, 12, 5, 11, 6, 4, 2, 1, 91, 73, 72, 24, 16, 15, 10, 8
10, 4, 7, 6, 5, 2, 58, 37, 36, 33, 27, 25, 18, 16, 8
3, 7, 2, 8, 4, 187, 85, 70, 26
27, 4, 304, 22
3, 2, 30, 26, 25, 21, 17, 16, 8, 5, 4, 1
61,
3, 2, 47, 26, 12, 9, 1, 42, 38, 34, 21, 20, 14, 8, 7, 5, 4
1, 8, 349, 127, 65, 36, 27, 14, 11, 10, 7, 6, 4, 3, 2
1, 2, 17, 7, 3, 130, 56, 51, 14, 10, 8, 6, 4
24, 1, 124, 96, 19, 6, 2, 49, 9
7, 45, 30, 24, 9, 8, 2, 1
91, 40, 4, 5, 1, 3, 24, 8, 9
6, 1, 166, 8, 165, 4, 126, 49, 47, 36
1, 2, 7, 86, 4, 3
1, 11, 4
1, 2, 3, 8, 4, 7, 5, 6, 55, 41, 34, 24, 23, 19, 18, 15, 13, 9, 241, 239, 178, 153, 141, 103, 79, 74, 70, 63, 57, 53, 46, 45, 44, 31, 28, 26, 25, 22, 21, 16, 14, 12, 10
1, 3, 2, 49, 7, 5, 14, 10, 104, 41, 32, 30, 26, 9, 8, 6, 4, 232, 181, 147, 141, 140, 99, 95, 82, 79, 77, 76, 58, 54, 46, 39, 37, 35, 34, 29, 28, 27, 23, 17, 16, 15, 13, 12
3, 2, 1, 26, 18, 11, 5, 4, 21, 10, 8, 7, 155, 133, 125, 85, 78, 70, 63, 55, 51, 48, 45, 35, 34, 31, 29, 25, 23, 20, 19, 16, 15, 13, 12, 6
2, 3, 4, 82, 1, 125, 89, 13, 9, 8, 5, 196, 124, 91, 86, 71, 50, 43, 39, 25, 23, 21, 18, 11, 7
50, 9, 1, 8, 5, 4, 3, 341, 69, 30, 21, 2, 38, 19, 16, 160, 75, 73, 61, 59, 36, 29, 24, 23, 20, 14, 10, 7, 6
3, 7, 9, 2, 16, 37, 15, 10, 33, 12, 8, 137, 71, 70, 60, 50, 47, 38, 35, 31, 25, 19, 14, 11, 1
1, 2, 23, 22, 3, 7, 4, 62, 29, 24, 16, 5, 114, 30, 17, 15, 10, 9, 8
16, 9, 7, 31, 5, 2, 1, 71, 18, 15, 8, 4, 3
108, 24, 34, 41, 30, 26, 14, 11, 9, 3
1, 2, 3, 11, 5, 4, 56, 31, 6, 218, 187, 141, 127, 116, 86, 67, 63, 49, 48, 43, 37, 36, 34, 32, 30, 28, 27, 26, 25, 22, 21, 20, 19, 16, 13, 12, 10, 9, 8, 7
3, 1, 2, 4, 7, 5, 65, 19, 14, 11, 12, 9, 8, 6, 117, 70, 62, 50, 49, 42, 39, 38, 35, 34, 31, 30, 23, 22, 16, 15, 10
1, 17, 3, 67, 15, 11, 7, 5, 4, 2, 66, 63, 58, 46, 45, 44, 40, 33, 29, 23, 20, 16, 14, 12, 9, 8, 6
14, 2, 7, 3, 15, 6, 4, 1, 90, 64, 16, 104, 70, 34, 17, 8, 5, 364, 128, 106, 94, 88, 65, 60, 54, 53, 42, 33, 29, 12, 10, 9
2, 15, 3, 1, 43, 16, 8, 7, 6, 49, 17, 5, 91, 70, 45, 26, 24, 18, 11, 4
3, 58, 8, 66, 2, 7, 1, 24, 149, 20, 13, 4, 15, 206, 64, 46, 43, 42, 33, 29, 27, 22, 19, 17, 11, 9, 6
8, 4, 3, 20, 7, 99, 33, 11, 1, 90, 69, 56, 39, 24, 22, 17, 15, 6, 2
6, 4, 33, 3, 15, 16, 5, 156, 45, 8, 1
20, 36, 29, 6, 5, 4, 2
1, 2, 4, 7, 5, 21, 14, 378, 304, 191, 128, 119, 97, 63, 54, 52, 51, 47, 46, 45, 43, 41, 38, 35, 33, 31, 29, 28, 23, 22, 19, 16, 15, 12, 11, 9, 6, 3
1, 2, 6, 4, 156, 30, 28, 27, 18, 13, 7, 5, 168, 134, 107, 98, 64, 61, 50, 46, 42, 39, 38, 16, 10, 9, 8, 3
1, 2, 18, 6, 5, 4, 36, 29, 24, 16, 14, 3, 156, 123, 90, 80, 56, 52, 46, 35, 28, 26, 25, 20, 19, 13, 11, 9
1, 5, 4, 2, 12, 11, 8, 7, 6, 3, 32, 31, 21, 20, 168, 112, 64, 62, 49, 46, 42, 41, 27, 18, 17, 16, 15
1, 2, 40, 4, 150, 12, 16, 23, 20, 3, 117, 81, 80, 64, 57, 50, 46, 33, 18, 17, 8, 7, 6, 5
115, 5, 36, 9, 18, 1, 114, 4, 2, 186, 150, 83, 50, 40, 39, 27, 20, 12, 11, 3
1, 4, 17, 5, 30, 9, 6, 2, 33, 117, 77, 21, 20, 12
12, 39, 1, 5, 69, 47, 2, 15, 11, 96, 25, 140, 109, 66, 55, 36, 14, 3
12, 2, 113, 4, 1
1, 2, 4, 3, 39, 17, 11, 8, 6, 5, 304, 93, 86, 35, 27, 22, 20, 18, 15, 13, 10
11, 1, 2, 9, 8, 14, 7, 5, 4, 16, 6, 3, 198, 90, 58, 54, 46, 40, 38, 29, 27, 25, 22, 21, 19, 18, 13
1, 5, 2, 41, 4, 226, 85, 61, 55, 54, 53, 39, 35, 31, 29, 23, 17, 11, 9, 8, 6, 3
30, 1, 4, 10, 5, 3, 7, 56, 2, 264, 125, 150, 118, 99, 63, 59, 41, 32, 24, 15, 9, 8
1, 202, 4, 71, 3, 17, 18, 29, 11, 251, 155, 14, 298, 166, 164, 54, 47, 44, 30, 27, 23, 22, 10, 7
3, 1, 30, 6, 60, 8, 5, 2, 43, 10, 7, 45, 24, 20, 12, 4
4, 41, 13, 17, 15, 1, 16, 3, 71, 8, 7, 6
1, 8, 6, 4, 3, 2, 60, 23, 123, 9, 15, 7, 31, 13
1, 7, 97
1, 5, 100, 74, 55, 47, 39, 23, 12, 3
1, 9, 2, 148, 71, 13, 10, 6, 4
2, 1, 47, 14, 10, 5
1, 158, 84, 51, 20, 16, 7, 4, 2
10, 1, 28, 16, 12, 3, 39, 8, 4
6, 5, 3, 29, 60, 18, 17
220, 2, 17, 24, 89
68, 21, 67, 7, 71, 51, 42, 2
1, 6
2, 1, 22, 11, 4, 3, 138, 90, 55, 53, 37, 12, 10, 5
1, 3, 2, 19, 5, 91, 75, 62, 44, 26, 22, 17, 16, 14, 8, 4
1, 3, 181, 22, 19, 17, 12, 8, 5, 2
9, 1, 2, 5, 11, 446, 99, 59, 31, 27, 21, 14, 3
2, 1, 9, 3, 14, 47, 42, 33, 16, 7, 5
1, 5, 32, 8, 2, 40, 14, 9, 7, 6
2, 132, 12, 1, 22, 39
98, 30, 14, 10, 2
14, 11, 49
2, 1, 73, 45, 35, 32, 30, 27, 5, 3
5, 1, 89, 82, 51, 19, 8, 6, 2
81, 5, 4, 3, 2, 27, 20, 18, 6
24, 3, 1, 7, 71, 51, 19, 14, 8, 2
1, 32, 3, 2
1, 4, 3, 12, 7, 212
43, 46, 2, 1, 12, 10, 16, 81, 20
1, 10
52, 1, 251
1, 2, 11, 3, 24, 15, 74, 57, 31, 27, 23, 18, 16, 14, 12, 10, 6, 4
9, 1, 3, 205, 105, 51, 26, 14, 11, 10, 8, 4, 2
1, 9, 2, 60, 53, 51, 31, 25, 17, 11, 10, 5, 3
1, 3, 28, 6, 2, 181, 94, 89, 79, 73, 49, 31, 18, 12, 11, 7
15, 1, 2, 13, 9, 62, 3
6, 4, 101, 90, 24, 22, 14, 12, 9
80, 19, 18
15, 2, 1, 4, 3
81, 7, 6
3, 1, 5, 2, 10, 7, 4, 120, 54, 38, 35, 27, 21, 13, 11
1, 2, 18, 15, 164, 53, 44, 38, 30, 10, 8, 7, 6, 3
2, 1, 7, 8, 4, 3, 173, 169, 79, 64, 61, 34, 25, 15, 14, 13, 9
10, 2, 26, 1, 62, 37, 32, 27, 22, 17, 14, 11, 8, 5, 4
2, 10, 3, 1, 13, 11, 4, 44
1, 29, 33, 3, 2
7, 2, 21, 6, 3, 29, 127, 33, 22, 20, 14, 11
2, 121, 17, 14, 156, 44, 11
10, 3, 56, 2
1, 2, 11, 3, 13, 6, 4, 18, 15, 235, 184, 165, 133, 119, 113, 110, 96, 75, 71, 70, 69, 68, 63, 52, 46, 45, 41, 32, 30, 22, 17, 12, 9, 8, 7, 5
1, 2, 4, 14, 5, 8, 3, 157, 58, 22, 6, 226, 210, 127, 116, 105, 82, 77, 45, 44, 34, 31, 28, 27, 26, 25, 20, 18, 17, 15, 12, 11, 9
1, 2, 3, 6, 19, 17, 9, 8, 7, 4, 329, 111, 84, 71, 66, 65, 58, 55, 44, 38, 37, 30, 28, 26, 23, 20, 18, 14, 13, 12, 5
1, 40, 74, 2, 103, 48, 6, 3, 43, 4, 76, 61, 42, 23, 8, 5, 163, 134, 109, 98, 75, 69, 64, 56, 39, 33, 30, 29, 26, 19, 18, 12, 10
1, 24, 3, 2, 4, 88, 44, 8, 6, 411, 49, 42, 32, 18, 13, 11, 10, 7
1, 2, 28, 22, 66, 6, 34, 32, 7, 221, 70, 20, 17, 11, 8, 3
1, 17, 6, 3, 2, 39, 19, 15, 42, 158, 86, 23, 43, 34, 32, 28, 20, 12, 4
1, 28, 99, 33, 62, 52, 44, 3
1, 108, 20, 3
3, 1, 181, 110, 85, 54, 22, 17, 13, 9, 4
1, 218, 33, 90, 58, 43, 38, 19, 15, 11, 9, 7, 4, 3, 2
3, 1, 96, 70, 40, 15, 12, 10, 5
1, 3, 26, 2, 16, 13, 12
1, 63, 75, 7, 3
15, 18, 1, 52, 3, 174, 38, 33, 16, 12, 7, 5
1, 2, 4, 17, 94, 28, 35, 6
1, 2, 22, 16, 12, 3
2, 3, 1, 15
1, 14, 13, 108, 91, 53, 39, 38, 36, 23, 19, 17, 10, 9, 8, 7, 6, 3, 2
1, 2, 13, 9, 5, 4, 3, 258, 198, 65, 58, 37, 28, 22, 18, 10, 8, 7
1, 2, 30, 10, 4, 3, 142, 59, 49, 42, 20, 19, 15, 13, 9, 8, 7, 5
2, 1, 7, 5, 13, 4, 58, 52, 15, 14, 11
3, 6, 1, 48, 17, 2, 74, 72, 25, 24, 23, 18, 11, 9
37, 4, 22, 3, 33, 27, 24, 18, 2
24, 1, 2, 28, 9, 8
3, 4, 40, 17, 9, 1, 5
9, 24, 3
1, 2, 6, 5, 3, 11, 4, 19, 15, 89, 54, 28, 25, 20, 17, 7, 144, 94, 69, 50, 44, 42, 41, 38, 24, 23, 22, 18, 16, 14, 13, 12, 10
1, 2, 4, 22, 19, 7, 5, 14, 10, 8, 6, 3, 144, 128, 116, 79, 74, 72, 56, 49, 42, 41, 30, 29, 28, 26, 21, 20, 18, 16, 15, 13, 12
1, 2, 36, 22, 7, 3, 9, 8, 18, 12, 5, 4, 186, 101, 100, 91, 85, 82, 78, 65, 60, 56, 44, 41, 38, 31, 27, 16, 10
1, 11, 36, 2, 67, 5, 4, 25, 3, 23, 12, 9, 28, 10, 77, 61, 59, 33, 26, 20, 8, 7
1, 2, 5, 88, 60, 71, 46, 9, 4, 69, 53, 45
2, 8, 5, 10, 4, 44, 31, 3, 88, 28, 1, 193, 81, 42, 24, 22, 20, 16, 9
5, 2, 100, 4, 60, 1, 11, 6, 13, 7, 67, 9, 198, 110, 29, 10, 8, 3
2, 5, 8, 1, 7, 6, 192, 27, 10
5, 2, 11, 10, 9, 29
1, 2, 3, 6, 4, 59, 31, 22, 16, 11, 145, 112, 105, 92, 67, 60, 54, 51, 49, 46, 45, 42, 41, 29, 24, 23, 19, 17, 15, 8, 7
1, 2, 4, 38, 7, 5, 3, 48, 31, 8, 355, 236, 130, 112, 99, 98, 94, 74, 73, 71, 64, 59, 55, 52, 50, 44, 34, 30, 28, 25, 24, 18, 16, 14, 12, 10, 6
1, 2, 3, 4, 119, 5, 60, 56, 35, 27, 22, 6, 185, 172, 125, 122, 96, 79, 70, 62, 25, 23, 20, 15, 13, 12, 11, 9, 8, 7
21, 38, 58, 53, 1, 13, 134, 6, 3, 41, 20, 5, 4, 2, 121, 120, 102, 45, 40, 26, 24, 22, 18, 12, 11, 8
4, 7, 1, 38, 6, 94, 122, 2, 64, 46, 43, 37, 11, 24, 16, 9, 87, 72, 57, 35, 20, 17, 12, 10, 5, 3
1, 58, 26, 31, 4, 11, 6, 37, 34, 24, 5, 2
3, 4, 44, 1, 15, 22, 10, 2, 5, 45
1, 4, 15, 3, 112, 37, 76, 84, 6, 86, 32, 12, 56, 43, 103, 28, 47, 46, 21, 5, 33, 51, 18
1, 6, 24, 2, 108, 3, 50, 20, 389, 72, 56, 37, 21, 15, 13, 9
1, 8, 4, 3, 115, 97, 92, 78, 75, 67, 46, 41, 33, 25, 21, 16, 11, 10, 7, 5, 2
1, 3, 2, 98, 92, 70, 16, 13, 11, 10, 9, 7, 5, 4
22, 1, 77, 12, 6, 2, 331, 82, 30, 27, 20, 16, 9, 8, 3
82, 11, 62, 29, 23, 14, 7, 1, 133, 41, 20, 9, 3, 2
9, 14, 38, 116, 3, 138, 112, 70, 10, 6
4, 82, 6, 125, 23, 12, 11, 3, 1
32, 9, 8, 3
3, 91, 49, 48, 34, 19, 6, 4, 2
26, 3
1, 9, 2, 3, 4, 26, 23, 18, 15, 223, 186, 171, 125, 119, 114, 111, 108, 101, 44, 31, 25, 24, 17, 14, 8, 7, 6, 5
1, 2, 16, 4, 14, 12, 8, 6, 3, 342, 147, 52, 42, 39, 36, 35, 32, 30, 28, 25, 23, 22, 18, 17, 9, 7
1, 17, 2, 15, 10, 7, 45, 25, 18, 14, 3, 80, 68, 46, 42, 37, 36, 21, 20, 16, 13, 9, 6
1, 18, 2, 45, 44, 39, 14, 13, 10, 3, 217, 115, 54, 49, 31, 23, 7, 4
1, 11, 14, 23, 15, 9, 53, 2, 30, 6, 90, 82, 7, 5
1, 11, 2, 7, 9, 82, 8, 96, 86, 47, 38, 36, 25, 21, 19, 17, 15, 10, 3
1, 7, 38, 8, 19, 46, 300, 106, 91, 50, 18, 16, 14, 6, 2
1, 16, 34, 11, 9, 14, 23, 19, 2, 7, 4
1, 7, 10, 46, 11, 2, 99, 174, 142, 64, 6
1, 2, 10, 135, 125, 110, 72, 35, 32, 31, 27, 24, 20, 14, 12, 11, 6, 5
1, 2, 186, 9, 5, 4, 95, 62, 61, 49, 35, 16, 13, 8, 6
18, 2, 14, 1, 4, 5, 7, 86, 76, 38, 37, 33, 26, 25, 19, 17, 11, 3
1, 2, 67, 16, 14, 9, 23, 18, 12, 6
3, 22, 1, 116, 2, 6, 40, 4
1, 8, 9, 3, 206, 6, 5, 4
1, 224, 90, 26, 11, 9, 8, 2
1, 2, 6, 7, 26, 5, 117
1, 13, 17, 3
1, 3, 5, 7, 22, 13, 9, 8, 6, 4, 2, 178, 154, 128, 109, 64, 55, 53, 52, 49, 46, 39, 38, 34, 33, 24, 20, 19, 17, 15, 12, 11, 10
2, 1, 7, 3, 5, 4, 33, 13, 258, 217, 149, 116, 101, 96, 89, 51, 41, 30, 23, 22, 20, 16, 12, 6
1, 4, 3, 33, 194, 5, 2, 27, 17, 12, 10, 6, 138, 112, 62, 61, 43, 42, 35, 21, 20, 9, 8
4, 1, 3, 23, 2, 13, 12, 8, 5, 177, 155, 131, 108, 90, 83, 66, 64, 41, 38, 25, 21, 20, 11, 9, 6
1, 4, 93, 10, 92, 21, 9, 28, 6, 64, 20, 90, 34, 7, 2, 8, 61, 17, 14, 13, 5, 3
1, 6, 10, 4, 3, 32, 9, 47, 33, 30, 52, 156, 24, 19, 18, 13, 8
1, 4, 6, 24, 23, 10, 113, 7, 58, 72, 18, 3, 128, 59, 51, 37, 34, 28, 9, 8, 5
1, 63, 6, 4, 15, 10, 33, 3, 25, 26, 9, 8, 23, 50, 5
25, 1, 4, 3, 57, 32, 43, 28, 10, 19, 23, 6, 15, 12, 83
6, 4, 2, 68, 26, 25, 21, 19, 18, 16, 14, 3
3, 2, 1, 102, 58, 54, 28, 23, 10
11, 97, 75, 8, 5, 1
26, 1, 206, 4, 43, 36, 27, 11
2, 11, 1, 66, 28, 12, 8
4, 11, 1, 2, 12, 8
1, 5, 2, 3, 31
3, 1, 4, 11
4, 3
3, 2, 1, 13, 10, 6, 53, 47, 36, 35, 33, 16, 14, 12, 9, 8, 7, 5
1, 180, 223, 162, 44, 43, 31, 22, 12, 9, 8, 2
1, 12, 5, 202, 73, 42, 13, 8, 4, 3
1, 2, 105, 6, 3, 56, 49, 38, 24, 15, 9, 4
1, 3, 20, 8, 2, 10, 34, 6, 21, 70, 52, 19, 17, 13, 4
1, 101, 2, 21, 6, 3, 7, 81, 10, 4
56, 59, 10, 22, 7, 51, 13, 8, 3, 1
10, 2, 4, 33, 1
4, 8, 20, 51, 38, 79, 1
1, 3, 2, 4, 62, 23, 18, 13, 11, 8, 61, 31, 10, 9, 6, 248, 197, 182, 120, 108, 99, 89, 86, 83, 66, 65, 58, 52, 48, 36, 34, 28, 27, 21, 19, 17, 15, 12, 7, 5
1, 2, 3, 4, 33, 6, 10, 8, 5, 9, 11, 65, 60, 59, 57, 48, 30, 26, 23, 22, 20, 16, 12, 7, 284, 240, 208, 176, 148, 141, 121, 115, 110, 88, 87, 86, 74, 72, 67, 54, 52, 49, 47, 44, 42, 37, 35, 34, 29, 28, 27, 24, 21, 19, 18, 17, 13
1, 51, 3, 4, 193, 85, 30, 22, 19, 14, 13, 10, 7, 5, 377, 173, 157, 79, 78, 77, 60, 59, 55, 52, 49, 38, 37, 36, 35, 34, 33, 29, 28, 26, 25, 18, 16, 15, 9, 6, 2
1, 3, 10, 27, 12, 11, 5, 179, 34, 28, 9, 8, 7, 2, 216, 212, 106, 94, 53, 50, 47, 36, 35, 33, 29, 25, 24, 23, 17, 13, 4
3, 5, 55, 1, 17, 62, 8, 7, 6, 76, 53, 51, 45, 44, 43, 31, 26, 20, 19, 16, 12, 10, 9, 2
14, 3, 12, 11, 9, 23, 15, 1, 139, 13, 140, 137, 83, 37, 35, 19, 8, 7, 6, 5
10, 100, 9, 5, 89, 29, 11, 1, 127, 97, 61, 42, 31, 22, 12, 8
5, 12, 35, 27, 46, 3, 174, 28, 24, 10
10, 58, 46, 34, 12, 5
1, 8, 2, 11, 5, 3, 416, 259, 162, 87, 80, 79, 74, 31, 28, 25, 23, 21, 20, 16, 12, 9, 6, 4
1, 2, 4, 26, 8, 3, 11, 6, 5, 61, 59, 34, 15, 7
2, 3, 8, 1, 359, 17, 23, 4, 10, 108, 98, 80, 70, 45, 24, 20, 18, 13, 12, 7, 6
2, 89, 17, 3, 1, 10, 9, 11, 69, 51, 30, 13, 12, 5, 4, 177, 165, 128, 93, 54, 52, 43, 35, 25, 18
5, 2, 1, 69, 3, 13, 30, 17, 11, 7, 4
40, 2, 3, 8, 17, 1, 18, 39, 114, 100, 79, 14
40, 1, 11, 15, 5, 2, 8, 3, 12, 124, 6, 613, 26, 18
2, 1, 3, 6, 30, 11, 34, 5, 384, 12, 109
2, 3, 57, 43, 4, 1, 14, 42, 13
2, 1, 3, 10, 24, 8, 6, 4, 158, 112, 103, 87, 80, 78, 73, 66, 56, 49, 47, 42, 41, 34, 33, 32, 21, 20, 19, 17, 14, 12, 7
2, 1, 22, 8, 9, 6, 5, 25, 24, 21, 18, 10, 3, 169, 142, 117, 98, 97, 85, 82, 81, 51, 46, 35, 33, 26, 20, 19, 16, 15, 14, 13, 12, 7, 4
1, 3, 8, 5, 4, 16, 7, 162, 133, 59, 52, 45, 41, 40, 36, 28, 23, 19, 18, 15, 14, 13, 10, 2
1, 4, 25, 14, 9, 6, 3, 2, 195, 142, 138, 113, 84, 70, 44, 35, 34, 33, 22, 21, 19, 13, 10
1, 32, 2, 5, 69, 6, 93, 67, 65, 52, 37, 17, 16, 15, 9
2, 1, 67, 25, 22, 16, 9
1, 2, 146, 6, 199, 83, 72, 31, 22, 14, 4
95, 6, 4, 1
30, 19, 1
1, 2, 3, 4, 6, 7, 84, 56, 44, 32, 23, 18, 13, 12, 9, 8, 240, 163, 155, 134, 120, 97, 95, 92, 72, 70, 68, 65, 53, 50, 34, 29, 26, 25, 22, 19, 16, 5
1, 2, 3, 13, 6, 15, 8, 5, 4, 74, 56, 17, 14, 12, 11, 10, 371, 231, 218, 167, 157, 147, 125, 97, 96, 81, 64, 62, 59, 54, 42, 41, 38, 32, 29, 27, 25, 24, 16, 9, 7
1, 2, 17, 11, 7, 5, 3, 135, 52, 48, 28, 20, 13, 10, 8, 6, 4, 216, 148, 107, 96, 90, 72, 46, 39, 35, 32, 31, 23, 22, 19, 18, 14, 12, 9
1, 2, 18, 5, 6, 4, 11, 10, 3, 37, 8, 34, 25, 19, 14, 234, 191, 156, 105, 102, 85, 75, 65, 61, 60, 59, 47, 45, 36, 31, 30, 26, 16, 13, 7
1, 61, 4, 9, 57, 35, 24, 2, 117, 38, 36, 31, 16, 14, 13, 12, 7, 6, 5, 3
1, 9, 147, 32, 19, 16, 14, 12
1, 4, 13, 263, 16, 6, 101, 187, 149, 82, 70, 53, 42, 5
1, 2, 131, 13, 11, 10, 8, 5
1, 139, 23, 11, 9, 7, 6, 3, 2
1, 2, 4, 5, 3, 24, 17, 11, 10, 9, 8, 7, 138, 120, 103, 98, 94, 78, 68, 61, 55, 51, 44, 41, 39, 38, 28, 23, 21, 20, 19, 14, 6
1, 2, 3, 5, 4, 7, 6, 22, 15, 14, 162, 159, 151, 94, 91, 86, 68, 61, 50, 40, 39, 36, 34, 29, 28, 23, 19, 16, 12, 9
1, 3, 4, 166, 17, 5, 2, 16, 12, 7, 6, 319, 299, 125, 100, 94, 74, 66, 56, 50, 29, 26, 22, 21, 18, 15, 10, 9
7, 1, 4, 3, 28, 18, 5, 35, 22, 10, 54, 48, 19, 15, 12, 8, 2, 68, 51, 42, 25, 21
3, 1, 7, 5, 9, 10, 8, 4, 25, 13, 6, 55, 51, 50, 39, 38, 36, 30, 21, 19, 18, 12
1, 4, 7, 5, 12, 22, 11, 6, 67, 13, 36, 14, 61, 31, 10, 8, 3
1, 27, 47, 7, 4, 10, 6, 3, 82, 21, 36, 50, 58, 190, 38, 33, 12, 5
3, 4, 1, 7, 11, 93, 60, 55, 22, 20, 19, 18, 6, 5
6, 68, 1, 73, 10, 13, 5
1, 2, 3, 6, 33, 16, 15, 10, 7, 169, 35, 21, 19, 13, 9, 8, 4, 339, 297, 272, 174, 146, 140, 139, 125, 118, 114, 93, 86, 75, 61, 60, 56, 52, 48, 45, 41, 40, 38, 34, 31, 30, 24, 22, 20, 18, 12, 11, 5
1, 6, 3, 2, 4, 13, 10, 39, 29, 18, 5, 409, 237, 146, 114, 101, 99, 81, 74, 73, 66, 51, 49, 40, 38, 35, 24, 23, 20, 15, 12, 9
2, 3, 1, 4, 6, 14, 26, 19, 13, 7, 5, 90, 37, 36, 24, 269, 265, 234, 169, 112, 109, 95, 50, 49, 48, 45, 41, 31, 29, 21, 18, 17, 16, 11, 9, 8
6, 2, 3, 4, 22, 5, 1, 16, 9, 84, 70, 34, 144, 143, 101, 66, 40, 38, 31, 29, 27, 25, 21, 17, 12, 7
3, 20, 4, 54, 2, 5, 1, 14, 40, 16, 17, 11, 10, 113, 106, 9, 7, 193, 176, 92, 88, 84, 74, 52, 49, 44, 37, 35, 25, 24, 22, 19, 13, 6
4, 5, 10, 20, 130, 26, 3, 97, 39, 2, 21, 1, 44, 75, 25, 14, 154, 81, 48, 42, 41, 35, 31, 17, 15, 6
14, 3, 69, 4, 9, 6, 91, 20, 42, 16, 18, 2, 1, 135, 128, 84, 39, 24, 19, 10, 7
3, 4, 104, 22, 20, 31, 14, 10, 6, 1, 62, 49, 24, 15, 186, 126, 35, 16, 2
3, 6, 4, 35, 5, 90, 42, 15, 9, 211, 68, 24, 10
1, 58, 2, 16, 3, 136, 8, 6, 13, 9, 7, 5, 204, 158, 121, 119, 88, 49, 46, 45, 38, 32, 25, 20, 14, 12, 11, 4
2, 1, 3, 12, 8, 26, 17, 9, 7, 5, 265, 112, 88, 82, 76, 72, 42, 34, 32, 25, 24, 22, 11, 6, 4
1, 2, 29, 6, 131, 120, 110, 90, 83, 79, 74, 73, 64, 58, 43, 37, 19, 9, 8, 4
4, 11, 1, 142, 16, 104, 20, 7, 2, 17, 15, 79, 33, 22, 18, 13, 12, 9, 3
52, 8, 7, 1, 13, 2, 143, 58, 56, 27
1, 8, 17, 7, 13, 11, 48, 30, 98, 51, 84, 16, 3, 2, 42, 28, 12, 10, 6
1, 11, 12, 50, 24, 75, 20, 8, 42, 2
1, 74, 12, 2, 7, 4, 21, 45, 49, 8, 48
130, 60, 22
2, 1, 3, 59, 13, 6, 5, 4, 74, 52, 36, 32, 30, 25, 24, 20, 18, 17, 15, 12, 11, 9, 7
1, 4, 34, 189, 132, 92, 84, 39, 17, 16, 13, 12, 11, 10, 7, 6, 5, 3
1, 7, 41, 67, 6, 8, 4, 97, 68, 50, 26, 20, 13, 9, 5, 3, 2
21, 6, 4, 18, 1, 92, 2, 5, 56, 13, 124, 77, 49, 43, 17, 10, 8
19, 2, 1, 117, 18, 7, 200, 52, 30, 23, 11, 6, 5, 4, 3
21, 2, 22, 20, 4, 1, 105, 163, 41, 3, 43, 36, 27, 24, 19, 17, 16, 6
7, 2, 1, 8, 28, 19, 3, 117, 81, 69, 20
20, 4, 1, 17
2, 7, 1, 3, 19, 4, 24, 20
1, 27, 2, 4, 5, 3, 218, 154, 118, 110, 88, 77, 70, 65, 52, 37, 34, 28, 22, 20, 16, 15, 11, 7
2, 1, 3, 24, 19, 7, 4, 144, 135, 114, 77, 45, 31, 29, 28, 25, 17, 16, 13
1, 2, 7, 3, 31, 13, 5, 4, 134, 132, 121, 111, 100, 66, 58, 51, 49, 40, 33, 32, 22, 20, 19, 15, 9, 8
1, 2, 34, 8, 6, 74, 72, 64, 48, 39, 36, 29, 28, 20, 18, 10, 9, 7
2, 1, 29, 30, 19, 8, 6, 3, 60, 54, 33, 17, 15, 11, 9, 4
1, 4, 2, 214, 8, 3, 5, 64, 41, 33, 25, 16, 12
1, 8, 2, 60, 3, 32, 44, 35, 12, 10, 47, 23, 5, 111, 84, 46, 18, 15, 6
1, 75, 26, 37, 12, 8, 6, 4, 2
2, 1, 8, 4, 23, 16, 9, 7
1, 2, 3, 11, 28, 15, 5, 4, 21, 18, 13, 14, 357, 138, 129, 106, 90, 87, 85, 83, 71, 69, 56, 51, 46, 41, 40, 36, 34, 31, 25, 22, 12, 10, 8, 7, 6
1, 2, 6, 3, 10, 4, 234, 41, 24, 17, 8, 5, 187, 109, 88, 63, 57, 56, 55, 54, 51, 47, 45, 44, 43, 39, 36, 33, 23, 22, 21, 20, 15, 14, 12, 9, 7
6, 1, 8, 2, 3, 39, 11, 21, 19, 16, 10, 5, 49, 22, 17, 14, 192, 154, 145, 128, 48, 47, 41, 40, 37, 35, 33, 32, 29, 27, 24, 20, 18, 15, 13, 12, 9, 7, 4
6, 28, 29, 39, 2, 1, 13, 5, 3, 26, 14, 9, 19, 17, 12, 275, 135, 69, 57, 50, 40, 35, 30, 24, 21, 16, 11, 10, 8, 7
5, 1, 2, 19, 11, 33, 502, 8, 17, 12, 24, 40, 7, 6, 262, 207, 131, 122, 53, 44, 25, 23, 18, 14, 10, 4
35, 6, 9, 2, 3, 28, 1, 36, 39, 14, 61, 30, 89, 63, 55, 15, 12, 11
2, 13, 14, 6, 202, 12, 15, 9, 3, 31, 5, 47, 61, 1, 74, 90, 41, 20, 8, 181, 27, 26, 16, 11, 10, 4
1, 6, 2, 88, 26, 24, 10, 3, 14, 89, 35, 12, 9
26, 1, 15, 2, 232, 9, 3, 12, 35, 74, 66, 6, 84, 36
1, 2, 3, 8, 7, 4, 17, 15, 9, 5, 6, 272, 175, 150, 129, 112, 85, 81, 80, 72, 69, 64, 62, 57, 53, 50, 46, 45, 33, 31, 29, 28, 27, 24, 19, 18, 14, 13, 11, 10
1, 2, 3, 7, 4, 8, 44, 18, 14, 13, 6, 15, 5, 65, 58, 24, 17, 10, 167, 80, 75, 72, 71, 69, 62, 46, 43, 42, 41, 36, 34, 33, 32, 31, 30, 27, 21, 11, 9
1, 2, 3, 6, 4, 18, 28, 10, 5, 12, 7, 278, 110, 61, 60, 39, 35, 34, 20, 8, 239, 236, 181, 149, 108, 102, 78, 77, 76, 74, 67, 56, 53, 41, 37, 33, 32, 25, 22, 14
2, 10, 5, 3, 8, 11, 6, 1, 45, 4, 9, 80, 21, 15, 61, 40, 37, 18, 191, 105, 104, 97, 81, 50, 49, 44, 42, 28, 25, 19, 12, 7
2, 8, 17, 9, 3, 89, 10, 4, 67, 181, 41, 5, 21, 14, 1, 38, 7, 6, 16, 51, 42, 22, 133, 129, 86, 85, 49, 35, 29, 26, 23, 19
9, 20, 2, 3, 10, 79, 14, 11, 153, 5, 18, 1, 30, 6, 163, 122, 87, 68, 35, 16, 15, 12, 8, 7, 4
2, 14, 47, 9, 33, 117, 5, 65, 24, 3, 176, 56, 12, 6, 80, 4, 27, 89, 1
2, 3, 8, 6, 63, 142, 17, 49, 12, 78, 22, 137, 23, 11, 196, 55, 37, 16, 7
3, 9, 2, 12, 51, 74, 18, 16, 8, 63, 15, 41
1, 2, 3, 5, 4, 6, 10, 21, 16, 9, 8, 52, 27, 20, 17, 12, 11, 7, 279, 218, 207, 144, 137, 111, 110, 95, 86, 79, 70, 68, 59, 54, 51, 48, 45, 43, 42, 41, 39, 37, 33, 29, 26, 24, 23, 22, 18, 15, 14, 13
1, 3, 5, 2, 6, 9, 15, 4, 8, 165, 60, 33, 30, 27, 23, 18, 11, 148, 143, 124, 111, 89, 84, 67, 63, 62, 57, 53, 51, 41, 31, 29, 28, 24, 22, 20, 19, 17, 16, 12, 10, 7
1, 2, 4, 42, 7, 6, 3, 14, 10, 91, 22, 11, 124, 84, 77, 60, 53, 51, 49, 43, 36, 31, 30, 26, 24, 19, 15, 13, 12, 9, 8, 5
1, 2, 16, 63, 4, 34, 7, 14, 3, 10, 8, 131, 71, 27, 18, 9, 6, 128, 72, 69, 57, 55, 49, 44, 41, 36, 35, 31, 30, 22, 19, 17, 15, 11, 5
1, 4, 16, 71, 34, 9, 7, 279, 75, 2, 14, 10, 102, 48, 15, 3, 269, 227, 207, 172, 118, 85, 74, 60, 39, 38, 31, 30, 24, 21, 13, 11, 8, 6
1, 172, 28, 7, 5, 4, 2, 35, 30, 10, 3, 25, 8, 107, 38, 24, 6, 177, 92, 78, 48, 31
9, 1, 35, 15, 39, 6, 5, 44, 24, 51, 28, 3, 2, 32, 17, 4, 110, 98, 81, 21, 8
1, 19, 4, 44, 9, 5, 7, 20, 167, 77, 14, 34, 16, 41, 27, 3, 84, 61, 43, 18, 17, 15, 12, 6, 2
4, 6, 7, 1, 43, 14, 19, 8, 15
1, 2, 5, 4, 18, 6, 142, 140, 135, 125, 80, 55, 34, 32, 27, 23, 14, 13, 11, 9, 8
1, 2, 7, 3, 91, 80, 70, 60, 51, 47, 34, 32, 27, 25, 19, 17, 13, 11, 8, 6
1, 2, 5, 22, 21, 3, 76, 64, 46, 37, 26, 23, 20, 17, 12, 10, 9, 4
1, 5, 38, 15, 113, 92, 22, 17, 13, 11, 9, 6, 3, 2
7, 24, 4, 23, 20, 102, 51, 11, 2, 1, 198, 36, 17
2, 8, 10, 3, 1, 21, 17, 11, 9, 4
5, 3, 68, 2, 27, 24, 13, 11, 1
161, 21, 9, 1
13, 35, 26, 2
1, 6, 2, 31, 16, 5, 4, 3, 41, 39, 28, 21, 19, 18, 17, 12, 10, 9, 105, 102, 61, 56, 50, 43, 40, 37, 34, 30, 26, 23, 11, 7
1, 2, 9, 5, 3, 14, 7, 6, 105, 102, 99, 73, 53, 42, 39, 32, 25, 21, 20, 15, 13, 10, 8, 4
1, 3, 10, 2, 4, 30, 11, 7, 5, 411, 220, 194, 157, 92, 87, 83, 81, 68, 65, 62, 48, 47, 33, 32, 28, 23, 20, 19, 17, 16, 15, 12, 9, 8, 6
1, 13, 14, 27, 116, 125, 31, 6, 4, 35, 2, 10, 3, 91, 74, 58, 56, 49, 47, 34, 30, 23, 19, 17, 16, 12, 11, 9, 8, 7
1, 25, 10, 100, 31, 21, 2, 5, 96, 116, 43, 61, 6, 12, 115, 95, 58, 47, 17, 15, 3
1, 10, 2, 25, 8, 34, 17, 16, 21, 6, 19, 7, 213, 100, 82, 64, 52, 50, 27, 23, 13, 9, 4
5, 1, 10, 13, 14, 25, 21, 88, 53, 16, 58, 211, 141, 72, 61, 17, 4, 2
1, 14, 6, 8, 2, 44, 64, 21, 10, 5
2, 72, 5, 10, 1, 27, 19, 9
1, 120, 2, 124, 43, 37, 25, 10, 6, 5
1, 2, 30, 28, 13, 10
4, 2, 60, 59, 45, 6, 5, 3, 1
1, 70, 20, 7, 6
4, 5, 24, 2
26, 2, 3, 9, 6, 44, 1
12, 21, 2, 1
2, 7, 4
92,
1, 2, 3, 6, 5, 14, 8, 16, 12, 9, 106, 60, 27, 21, 17, 7, 4, 146, 124, 118, 91, 77, 76, 65, 45, 42, 40, 34, 31, 28, 26, 24, 20, 15, 13
1, 2, 6, 14, 10, 9, 5, 3, 11, 7, 12, 28, 18, 16, 15, 8, 188, 22, 19, 17, 13, 4, 262, 244, 170, 169, 108, 105, 99, 97, 95, 87, 76, 72, 68, 66, 49, 46, 43, 38, 33, 29, 25, 21, 20
2, 1, 3, 5, 38, 27, 12, 8, 7, 47, 16, 14, 13, 6, 4, 344, 239, 119, 96, 93, 90, 79, 76, 68, 62, 56, 53, 51, 48, 44, 36, 34, 33, 29, 28, 25, 24, 23, 21, 20, 19, 17, 10, 9
2, 1, 24, 28, 11, 136, 20, 9, 7, 6, 3, 26, 25, 22, 19, 15, 14, 10, 8, 4, 277, 165, 123, 113, 106, 81, 56, 45, 38, 37, 29, 23, 16, 13, 12, 5
2, 6, 1, 3, 23, 28, 16, 4, 5, 8, 67, 36, 24, 20, 14, 13, 10, 85, 34, 22
2, 1, 3, 32, 14, 4, 10, 5, 23, 128, 19, 11, 6, 251, 80, 75, 74, 43, 33, 28, 17, 16, 12, 8
14, 2, 9, 6, 4, 1, 16, 88, 68, 5, 3, 118, 58, 11, 8
3, 2, 14, 16, 6, 70, 11, 1, 4, 48, 33, 5, 252, 75, 29, 24, 19, 7
6, 24, 15, 3, 1, 8, 7, 4
1, 3, 2, 28, 10, 5, 143, 118, 33, 29, 21, 20, 17, 15, 14, 11, 9, 7, 6
1, 28, 8, 2, 7, 6, 3, 140, 106, 101, 76, 70, 56, 29, 26, 15, 14, 10, 5
2, 1, 8, 5, 3, 7, 4, 89, 84, 75, 73, 63, 42, 39, 18, 17, 12, 9
1, 179, 16, 8, 6, 4, 113, 108, 84, 64, 32, 28, 12, 7, 5, 3, 2
127, 7, 1, 21, 18, 6, 303, 81, 17, 9, 8, 5
8, 2, 121, 31
3, 5, 73, 15, 4, 1
17, 3, 2
65,
1, 3, 6, 4, 2, 5, 17, 20, 14, 10, 9, 81, 52, 29, 16, 15, 13, 204, 167, 156, 120, 90, 88, 76, 71, 64, 57, 56, 55, 53, 43, 42, 40, 39, 38, 28, 27, 24, 22, 21, 19, 18, 12, 11, 7
1, 6, 2, 26, 4, 7, 12, 3, 28, 21, 18, 9, 8, 5, 27, 23, 22, 15, 13, 10, 188, 173, 145, 124, 115, 111, 86, 81, 78, 71, 70, 56, 52, 51, 50, 43, 39, 38, 37, 34, 20, 19, 16, 11
1, 2, 6, 4, 37, 10, 5, 3, 50, 24, 20, 13, 11, 7, 181, 180, 110, 103, 95, 75, 56, 55, 46, 44, 38, 32, 30, 28, 21, 17, 14, 9, 8
1, 3, 5, 26, 8, 4, 2, 18, 17, 9, 6, 361, 187, 182, 67, 58, 55, 53, 33, 32, 29, 25, 24, 12
1, 53, 6, 5, 4, 42, 12, 11, 8, 26, 62, 19, 17, 2, 96, 28, 22, 16, 15, 13, 9, 7, 3
1, 53, 20, 8, 52, 6, 5, 36, 11, 107, 56, 39, 29, 24, 22, 16, 9, 3
6, 1, 49, 8, 42, 4, 332, 108, 72, 56, 39, 19, 16, 13, 9
1, 51, 3, 208, 65, 57, 17, 15, 6, 5, 4
6, 73, 22, 36, 20, 9
1, 2, 3, 9, 4, 6, 5, 48, 17, 31, 14, 49, 39, 23, 13, 8, 7, 387, 310, 235, 152, 116, 93, 73, 68, 65, 63, 47, 44, 41, 38, 36, 34, 32, 29, 28, 26, 24, 21, 20, 15, 11, 10
1, 3, 2, 4, 8, 37, 30, 6, 24, 11, 7, 5, 53, 49, 34, 33, 26, 21, 20, 17, 16, 13, 12, 9, 231, 206, 202, 135, 128, 111, 107, 102, 98, 94, 91, 83, 70, 69, 62, 52, 46, 45, 39, 28, 25, 14, 10
1, 3, 14, 5, 4, 27, 45, 24, 18, 2, 13, 7, 68, 26, 10, 6, 236, 225, 191, 118, 99, 88, 82, 61, 58, 51, 47, 39, 38, 37, 34, 33, 29, 28, 25, 22, 12, 8
3, 1, 19, 5, 2, 38, 20, 27, 12, 10, 8, 7, 6, 83, 57, 15, 9, 187, 175, 173, 171, 155, 87, 85, 79, 76, 46, 41, 39, 35, 33, 30, 24, 18, 17, 14, 13, 4
1, 3, 69, 6, 55, 7, 8, 4, 5, 28, 49, 47, 29, 25, 19, 14, 12, 143, 51, 107, 104, 83, 77, 63, 62, 24, 21, 15, 13, 10
1, 28, 58, 78, 2, 8, 27, 10, 4, 53, 18, 12, 9, 6, 5, 3, 315, 194, 182, 133, 114, 69, 59, 55, 50, 40, 38, 34, 29, 21, 20, 16, 14, 11, 7
1, 24, 21, 146, 44, 6, 19, 61, 14, 5, 25, 13, 27, 20, 3, 49, 2, 29, 15, 7, 122, 74, 52, 47, 46, 40, 31, 28, 12, 10, 8, 4
14, 88, 8, 1, 111, 69, 51, 19, 5, 61, 4, 15, 6, 229, 176, 143, 141, 112, 104, 89, 45, 29, 25, 10
47, 8, 184, 13, 1, 415, 177, 170, 44, 6, 5, 3, 2
1, 6, 4, 51, 27, 24, 16, 5, 3, 2
1, 4, 123, 31, 18, 13, 11, 3
1, 11, 2, 27, 14, 13, 9, 8
106, 95, 61, 24, 20, 9, 8, 4, 2
1, 4, 36, 39, 17
1, 8, 5, 4, 2, 21, 13
8, 2, 35, 11
20, 1, 11
1,
2, 118, 42, 41, 30, 21, 20, 7, 6, 1
3, 146, 36, 21, 8, 5, 4, 2
11, 2, 1, 177, 16
2, 62, 59, 17, 6, 3
1, 33, 20, 11, 5, 3
3, 1, 25, 8, 13, 35
23, 8, 4, 3
111,
137, 5, 11
1, 2, 9, 4, 3, 17, 12, 7, 49, 20, 6, 5, 140, 106, 70, 54, 50, 48, 47, 45, 36, 33, 32, 30, 26, 25, 21, 18, 16, 15, 13, 11, 10, 8
1, 2, 9, 10, 30, 28, 23, 16, 15, 3, 108, 101, 93, 69, 65, 60, 46, 41, 35, 34, 26, 20, 19, 17, 13, 12, 8, 7, 6, 5
1, 2, 3, 4, 6, 5, 27, 19, 17, 8, 7, 228, 74, 63, 62, 45, 37, 33, 32, 28, 22, 18, 16, 15, 10
1, 13, 7, 2, 20, 10, 9, 5, 4, 31, 8, 3
1, 2, 4, 22, 16, 9, 7, 6, 225, 223, 164, 139, 66, 56, 44, 39, 37, 30, 29, 21, 19, 15, 13, 10, 8, 3
1, 2, 5, 4, 91, 52, 50, 48, 35, 30, 22, 12, 10, 6, 3
1, 2, 7, 4, 159, 108, 50, 35, 22, 14, 13, 9, 6, 5, 3
2, 1, 4, 17, 3, 167, 110, 71, 37, 32, 29, 22, 21, 10, 5
2,
1, 6, 3, 4, 11, 10, 2, 117, 32, 351, 229, 107, 96, 82, 63, 56, 52, 48, 47, 41, 40, 38, 37, 35, 29, 28, 23, 21, 19, 16, 14, 8, 7, 5
1, 2, 3, 5, 4, 46, 40, 22, 8, 6, 81, 70, 69, 63, 49, 45, 42, 41, 39, 38, 33, 28, 14, 13, 10, 7
1, 2, 5, 3, 64, 19, 12, 8, 6, 160, 92, 85, 57, 56, 54, 50, 45, 44, 42, 39, 32, 28, 27, 22, 18, 17, 14, 9, 4
1, 2, 3, 6, 9, 5, 21, 13, 288, 131, 122, 90, 63, 57, 48, 45, 44, 40, 35, 27, 15, 14, 12, 11, 10, 8, 7
1, 8, 2, 22, 3, 16, 10, 124, 115, 38, 36, 20, 14, 13
1, 15, 3, 2, 9, 16, 12, 220, 183, 13, 11, 7, 5
3, 1, 56, 11, 53, 6, 146, 133, 73, 63, 35, 17, 16, 10, 2
30, 24, 10, 5, 3, 2, 22, 19, 9, 4
136, 17, 254, 5, 1
1, 3, 2, 5, 6, 12, 10, 7, 120, 71, 57, 47, 40, 39, 30, 28, 24, 22, 20, 19, 15, 11, 4
44, 1, 2, 8, 4, 167, 33, 25, 17, 15, 5, 3, 223, 129, 116, 79, 55, 36, 31, 30, 24, 21, 11, 10, 7, 6
1, 3, 16, 5, 15, 7, 2, 27, 11, 9, 4, 598, 182, 102, 91, 81, 67, 66, 62, 60, 56, 54, 50, 49, 36, 35, 33, 19, 10, 6
1, 99, 19, 37, 3, 2, 15, 5, 8, 9, 225, 50, 43, 23, 17, 7
45, 5, 3, 99, 2, 13, 14, 7, 1, 10, 105, 125, 50, 30, 29, 22, 18, 17, 9, 8, 6
12, 59, 9, 87, 2, 3, 19, 15, 1, 62, 27, 7, 5, 28, 8, 6
2, 1, 3, 47, 85, 53, 46, 25, 23, 5
130, 1, 96, 2, 9, 23, 6, 55
2, 7, 6, 53, 20, 8, 3, 15, 1, 16, 11
1, 17, 62, 32, 26, 24, 14, 8, 5, 3
1, 20, 11, 40, 129, 16, 13, 12, 9, 4, 2
1, 4, 54, 25, 69, 59, 16, 14, 11, 9, 7, 5, 2
1, 68, 16, 2, 210, 46, 9, 5
1, 52, 27, 69, 21, 6, 2
1, 6, 52, 18, 16, 14, 5
9, 4, 1, 16, 68, 13, 51, 28, 11
8, 4, 239, 12, 36
6, 16, 8, 93
1, 3, 4, 2, 8, 5, 71, 19, 13, 12, 9, 7, 36, 18, 363, 281, 147, 139, 129, 119, 112, 107, 96, 72, 67, 60, 54, 53, 51, 49, 46, 44, 42, 41, 40, 39, 38, 33, 32, 31, 29, 26, 24, 20, 17, 15, 14, 11, 10, 6
1, 3, 2, 12, 4, 7, 6, 10, 114, 45, 28, 22, 18, 11, 5, 235, 205, 160, 154, 116, 87, 86, 85, 81, 78, 63, 55, 41, 35, 34, 33, 31, 29, 25, 21, 16, 15, 8
38, 4, 1, 3, 2, 18, 17, 12, 7, 8, 5, 142, 21, 16, 13, 11, 6, 188, 81, 64, 60, 48, 46, 35, 30, 27, 23, 22, 19, 14
1, 4, 38, 11, 15, 16, 41, 44, 23, 2, 49, 5, 3, 279, 200, 122, 106, 102, 74, 71, 68, 48, 37, 27, 25, 24, 20, 13, 8, 7, 6
1, 3, 91, 14, 24, 23, 11, 4, 43, 63, 34, 56, 27, 9, 7, 222, 26, 19, 20, 145, 106, 89, 54, 49, 48, 45, 40, 31, 22, 17, 16, 15, 8, 6, 2
1, 3, 56, 15, 14, 129, 20, 23, 11, 22, 24, 5, 4, 95, 37, 19, 9, 7, 53, 34, 30, 21, 18, 16, 10, 6
1, 4, 25, 34, 3, 9, 11, 129, 22, 35, 19, 27, 12, 127, 109, 17, 63, 58, 49, 8, 2
1, 17, 20, 50, 18, 29, 108, 85, 44, 41, 34, 27, 19, 9, 5, 3
1, 19, 149, 38, 4, 147, 62, 21, 3
1, 2, 3, 4, 7, 5, 28, 30, 15, 6, 207, 173, 119, 106, 79, 56, 54, 47, 42, 40, 33, 26, 25, 21, 20, 19, 17, 16, 14, 12
1, 2, 3, 4, 6, 5, 44, 38, 15, 12, 7, 213, 107, 105, 101, 82, 63, 58, 57, 51, 45, 41, 37, 34, 30, 28, 26, 16, 13
1, 2, 14, 4, 19, 8, 6, 5, 3, 177, 173, 96, 93, 53, 50, 49, 46, 44, 43, 40, 34, 29, 27, 26, 15, 13, 10, 7
1, 3, 4, 6, 40, 5, 173, 80, 72, 62, 52, 43, 24, 18, 17, 16, 15, 11, 7
1, 3, 69, 55, 50, 48, 44, 34, 25, 11, 4
1, 19, 8, 30, 17, 6, 2, 14, 7, 4, 167, 70, 57, 24, 21, 10, 5
1, 88, 6, 122, 73, 66, 29, 25, 9, 7, 4
1, 3, 8, 42, 41, 5
1, 59, 25, 14, 11, 9
1, 4, 106, 43, 27, 19, 3, 2
1, 2, 11, 26, 25, 10, 7, 6
3, 1, 82, 38, 32, 22, 17, 14, 11, 8, 4
58, 53, 29, 22, 4, 2
1, 44
1, 51, 11, 4
1,
1,
1,
1, 3, 4, 5, 7, 6, 68, 67, 57, 41, 30, 28, 26, 23, 21, 20, 11, 10, 9, 2
1, 5, 2, 6, 4, 3, 174, 156, 48, 27, 26, 21, 20, 16, 14, 13, 9, 8, 7
1, 5, 4, 2, 23, 8, 3, 177, 135, 132, 48, 31, 22, 16, 10, 9, 7, 6
2, 1, 60, 98, 7, 5, 230, 128, 18, 12, 4, 3
1, 15, 9, 45, 40, 4, 3
1, 4, 2, 6, 5, 16, 75, 62, 59, 7
1, 42, 6, 5, 20, 70, 25, 22, 17, 12, 9
5, 6, 1, 27, 20, 3, 2
9, 1, 76, 26, 19, 12, 2
1, 2, 4, 3, 6, 5, 18, 10, 8, 7, 42, 23, 17, 16, 11, 9, 420, 176, 125, 122, 94, 91, 89, 81, 70, 68, 65, 63, 56, 55, 54, 53, 48, 45, 43, 38, 34, 33, 27, 22, 19, 14
1, 4, 36, 6, 3, 2, 11, 26, 19, 15, 13, 10, 9, 5, 278, 201, 101, 66, 65, 54, 49, 46, 43, 37, 34, 31, 30, 29, 25, 23, 21, 20, 12, 7
4, 1, 2, 41, 10, 12, 9, 7, 3, 33, 11, 6, 26, 21, 19, 17, 5, 24, 16, 8, 475, 203, 110, 102, 101, 97, 84, 52, 50, 48, 38, 35, 30, 28, 27, 22, 20, 18, 15, 14, 13
1, 2, 6, 28, 115, 4, 44, 39, 24, 23, 3, 29, 15, 11, 76, 73, 56, 54, 48, 46, 35, 32, 27, 19, 17, 12, 10, 8, 5
1, 4, 3, 2, 54, 6, 8, 12
1, 2, 4, 30, 23, 6, 25, 17, 15, 50, 10, 8, 64, 246, 74, 84, 72, 40, 18, 16
1, 2, 4, 6, 18, 28, 24, 30, 20, 13, 22, 131, 115, 15, 152, 51, 45, 41, 84, 74, 66, 25, 23, 16, 12, 11, 10, 8
1, 4, 2, 15, 6, 41, 23, 40, 3
1, 45, 4, 2, 25, 8, 15, 64
1, 5, 7, 3, 121, 88, 14, 2, 95, 81, 72, 42, 34, 30, 24, 18, 15, 10, 9, 8, 4
1, 3, 15, 9, 5, 6, 56, 12, 137, 98, 67, 66, 35, 19, 10, 8, 7, 2
9, 1, 2, 7, 3, 4, 90, 54, 44, 36, 33, 28, 20, 15, 13, 5
1, 3, 19, 2, 7, 5, 199, 150, 142, 89, 48, 29, 14, 11, 6
1, 15, 3, 5, 17, 111, 6, 43, 9, 45, 20, 4, 2
7, 1, 39, 14, 91, 20, 16, 9
1, 34, 24, 3, 12, 6, 67, 22, 187, 37, 13, 8, 5, 2
7, 1, 19, 97, 5, 18, 9, 16, 33, 28
1, 32, 18, 26, 5
1, 2, 5, 3, 4, 12, 7, 15, 6, 131, 100, 46, 41, 19, 18, 16, 13, 10, 9, 151, 119, 103, 98, 96, 76, 63, 61, 52, 50, 38, 32, 30, 25, 23, 11, 8
1, 2, 3, 13, 10, 5, 4, 70, 57, 33, 18, 14, 12, 8, 187, 185, 177, 130, 79, 78, 68, 59, 44, 42, 41, 40, 38, 30, 28, 27, 25, 24, 23, 20, 17, 11, 9, 7
1, 2, 4, 3, 63, 11, 45, 23, 13, 10, 6, 246, 184, 80, 67, 66, 61, 44, 26, 21, 17, 15, 14, 9, 8, 7, 5
12, 70, 1, 2, 4, 49, 10, 6, 33, 8, 5, 45, 15, 14, 3, 68, 51, 44, 39, 26, 25, 20, 19, 18, 13, 11, 9
4, 2, 16, 14, 12, 1, 59, 98, 33, 10, 23, 5, 3, 103, 21, 13, 57, 53, 35, 235, 177, 80, 73, 68, 60, 56, 38, 24, 19, 18, 8, 7, 6
4, 97, 6, 10, 1, 66, 2, 16, 14, 7, 3, 59, 52, 31, 29, 18, 13, 5
2, 1, 19, 4, 270, 170, 160, 150, 68, 61, 41, 38, 35, 15, 10, 8, 7, 6, 3
2, 59, 1, 37, 4, 27, 7, 54, 8, 3
2, 1, 72, 23, 10, 6
1, 2, 5, 3, 9, 6, 79, 27, 11, 8, 7, 4, 20, 12, 10, 118, 33, 31, 24, 22, 21, 19, 18, 15, 14, 163, 156, 100, 93, 90, 89, 85, 84, 78, 76, 73, 64, 56, 49, 40, 37, 32, 28, 23, 16, 13
1, 2, 3, 7, 5, 6, 16, 4, 56, 15, 11, 10, 42, 38, 25, 17, 13, 12, 9, 338, 199, 176, 124, 97, 86, 85, 64, 52, 43, 41, 39, 35, 29, 28, 24, 23, 20, 19, 18, 14, 8
1, 2, 9, 15, 39, 34, 4, 31, 5, 3, 117, 56, 17, 10, 8, 6, 20, 312, 33, 159, 44, 41, 29, 13, 230, 216, 211, 199, 116, 90, 82, 73, 72, 69, 63, 60, 59, 49, 45, 43, 38, 35, 32, 30, 28, 24, 23, 11, 7
1, 35, 66, 12, 16, 2, 33, 20, 102, 76, 72, 15, 5, 4, 90, 74, 70, 64, 29, 24, 18, 13, 7, 3, 141, 140, 91, 88, 56, 53, 45, 42, 17, 14, 11, 10, 6
1, 11, 9, 24, 31, 7, 4, 80, 25, 36, 17, 23, 6, 10, 46, 2, 34, 19, 15, 5, 65, 41, 29, 3, 132, 101, 27
1, 11, 9, 23, 195, 17, 5, 39, 24, 10, 4, 368, 49, 20, 19, 13, 3, 2, 68, 41, 16, 7, 148, 64, 57, 35, 34, 32, 31, 27, 25, 12
1, 32, 36, 9, 11, 10, 93, 48, 133, 59, 41, 15, 20, 7, 3, 52, 18, 4, 2, 131, 119, 88, 54, 45, 27, 26
66, 1, 5, 11, 9, 10, 25, 6, 81, 116, 16, 98, 18, 8, 23, 20, 7, 2
1, 17, 31, 20, 5, 27
1, 2, 4, 5, 3, 27, 16, 8, 24, 17, 14, 11, 7, 247, 160, 86, 84, 80, 79, 64, 60, 43, 38, 29, 23, 19, 13, 12, 10
1, 2, 11, 8, 7, 6, 3, 4, 38, 36, 25, 13, 12, 10, 5, 228, 178, 160, 123, 49, 47, 45, 41, 39, 35, 30, 26, 23, 19, 15, 9
1, 2, 3, 4, 14, 6, 5, 87, 80, 69, 63, 61, 45, 38, 37, 29, 24, 23, 22, 20, 17, 16, 15, 13, 12, 9, 8
2, 5, 4, 1, 9, 19, 7, 3, 170, 147, 92, 86, 85, 84, 67, 64, 63, 26, 21, 20, 13, 12, 8, 6
2, 7, 5, 3, 1, 55, 54, 25, 15, 12, 10, 9
1, 5, 4, 68, 25, 20, 19, 14, 11, 7, 6, 3, 2
5, 129, 100, 81, 71, 25, 19, 17, 7, 2
1, 74, 69, 45, 5, 4, 2
36,
1, 2, 8, 7, 4, 17, 11, 13, 9, 3, 59, 34, 33, 19, 15, 14, 12, 10, 6, 120, 109, 78, 65, 63, 58, 55, 49, 48, 46, 42, 41, 40, 39, 37, 35, 31, 30, 27, 24, 22, 16
1, 3, 2, 21, 6, 5, 45, 43, 27, 22, 18, 17, 16, 12, 11, 10, 173, 146, 139, 134, 105, 77, 73, 61, 59, 53, 50, 37, 35, 28, 15, 9, 4
1, 3, 2, 5, 24, 13, 11, 10, 8, 7, 154, 114, 72, 62, 61, 53, 43, 36, 35, 34, 30, 28, 27, 26, 25, 23, 22, 18, 17, 15, 14, 6
1, 2, 16, 3, 230, 108, 95, 86, 79, 37, 24, 23, 21, 20, 18, 15, 14, 13, 12, 11, 10, 8, 7, 6, 5, 4
10, 3, 2, 190, 107, 63, 58, 51, 26, 23, 22, 19, 16, 13, 12, 8, 5, 4, 1
3, 1, 5, 4, 2, 214, 139, 129, 66, 60, 51, 50, 49, 44, 34, 30, 15, 14, 12, 11, 10, 9, 6
3, 10
24, 45, 35, 10, 3
121, 111, 3
